{
  "skills": [
    {
      "id": "10-01",
      "type": "soft",
      "name_ar": "الاستدامة",
      "name_en": "Sustainability",
      "description_ar": "الاستدامة مهارة قابلة للتعلم عبر الممارسة. ابدأ بالأساسيات ثم طبّق مشاريع صغيرة.",
      "applications_ar": [
        "تطبيق 1: نفّذ مهمة عملية متعلقة بـ الاستدامة.",
        "تطبيق 2: نفّذ مهمة عملية متعلقة بـ الاستدامة.",
        "تطبيق 3: نفّذ مهمة عملية متعلقة بـ الاستدامة.",
        "تطبيق 4: نفّذ مهمة عملية متعلقة بـ الاستدامة.",
        "تطبيق 5: نفّذ مهمة عملية متعلقة بـ الاستدامة.",
        "تطبيق 6: نفّذ مهمة عملية متعلقة بـ الاستدامة.",
        "تطبيق 7: نفّذ مهمة عملية متعلقة بـ الاستدامة.",
        "تطبيق 8: نفّذ مهمة عملية متعلقة بـ الاستدامة.",
        "تطبيق 9: نفّذ مهمة عملية متعلقة بـ الاستدامة.",
        "تطبيق 10: نفّذ مهمة عملية متعلقة بـ الاستدامة."
      ],
      "icon": "🤝",
      "applications_en": [
        "Practical: تطبيق 1: نفّذ مهمة عملية متعلقة بـ الاستدامة.",
        "Practical: تطبيق 2: نفّذ مهمة عملية متعلقة بـ الاستدامة.",
        "Practical: تطبيق 3: نفّذ مهمة عملية متعلقة بـ الاستدامة.",
        "Practical: تطبيق 4: نفّذ مهمة عملية متعلقة بـ الاستدامة.",
        "Practical: تطبيق 5: نفّذ مهمة عملية متعلقة بـ الاستدامة.",
        "Practical: تطبيق 6: نفّذ مهمة عملية متعلقة بـ الاستدامة.",
        "Practical: تطبيق 7: نفّذ مهمة عملية متعلقة بـ الاستدامة.",
        "Practical: تطبيق 8: نفّذ مهمة عملية متعلقة بـ الاستدامة.",
        "Practical: تطبيق 9: نفّذ مهمة عملية متعلقة بـ الاستدامة.",
        "Practical: تطبيق 10: نفّذ مهمة عملية متعلقة بـ الاستدامة."
      ],
      "description_en": "Practice-based skill. Improve through projects and feedback."
    },
    {
      "id": "10-02",
      "type": "soft",
      "name_ar": "إدارة النفايات",
      "name_en": "Skill",
      "description_ar": "إدارة النفايات مهارة قابلة للتعلم عبر الممارسة. ابدأ بالأساسيات ثم طبّق مشاريع صغيرة.",
      "applications_ar": [
        "تطبيق 1: نفّذ مهمة عملية متعلقة بـ إدارة النفايات.",
        "تطبيق 2: نفّذ مهمة عملية متعلقة بـ إدارة النفايات.",
        "تطبيق 3: نفّذ مهمة عملية متعلقة بـ إدارة النفايات.",
        "تطبيق 4: نفّذ مهمة عملية متعلقة بـ إدارة النفايات.",
        "تطبيق 5: نفّذ مهمة عملية متعلقة بـ إدارة النفايات.",
        "تطبيق 6: نفّذ مهمة عملية متعلقة بـ إدارة النفايات.",
        "تطبيق 7: نفّذ مهمة عملية متعلقة بـ إدارة النفايات.",
        "تطبيق 8: نفّذ مهمة عملية متعلقة بـ إدارة النفايات.",
        "تطبيق 9: نفّذ مهمة عملية متعلقة بـ إدارة النفايات.",
        "تطبيق 10: نفّذ مهمة عملية متعلقة بـ إدارة النفايات."
      ],
      "icon": "🤝",
      "applications_en": [
        "Practical: تطبيق 1: نفّذ مهمة عملية متعلقة بـ إدارة النفايات.",
        "Practical: تطبيق 2: نفّذ مهمة عملية متعلقة بـ إدارة النفايات.",
        "Practical: تطبيق 3: نفّذ مهمة عملية متعلقة بـ إدارة النفايات.",
        "Practical: تطبيق 4: نفّذ مهمة عملية متعلقة بـ إدارة النفايات.",
        "Practical: تطبيق 5: نفّذ مهمة عملية متعلقة بـ إدارة النفايات.",
        "Practical: تطبيق 6: نفّذ مهمة عملية متعلقة بـ إدارة النفايات.",
        "Practical: تطبيق 7: نفّذ مهمة عملية متعلقة بـ إدارة النفايات.",
        "Practical: تطبيق 8: نفّذ مهمة عملية متعلقة بـ إدارة النفايات.",
        "Practical: تطبيق 9: نفّذ مهمة عملية متعلقة بـ إدارة النفايات.",
        "Practical: تطبيق 10: نفّذ مهمة عملية متعلقة بـ إدارة النفايات."
      ],
      "description_en": "Practice-based skill. Improve through projects and feedback."
    },
    {
      "id": "10-03",
      "type": "soft",
      "name_ar": "الزراعة الحضرية",
      "name_en": "Skill",
      "description_ar": "الزراعة الحضرية مهارة قابلة للتعلم عبر الممارسة. ابدأ بالأساسيات ثم طبّق مشاريع صغيرة.",
      "applications_ar": [
        "تطبيق 1: نفّذ مهمة عملية متعلقة بـ الزراعة الحضرية.",
        "تطبيق 2: نفّذ مهمة عملية متعلقة بـ الزراعة الحضرية.",
        "تطبيق 3: نفّذ مهمة عملية متعلقة بـ الزراعة الحضرية.",
        "تطبيق 4: نفّذ مهمة عملية متعلقة بـ الزراعة الحضرية.",
        "تطبيق 5: نفّذ مهمة عملية متعلقة بـ الزراعة الحضرية.",
        "تطبيق 6: نفّذ مهمة عملية متعلقة بـ الزراعة الحضرية.",
        "تطبيق 7: نفّذ مهمة عملية متعلقة بـ الزراعة الحضرية.",
        "تطبيق 8: نفّذ مهمة عملية متعلقة بـ الزراعة الحضرية.",
        "تطبيق 9: نفّذ مهمة عملية متعلقة بـ الزراعة الحضرية.",
        "تطبيق 10: نفّذ مهمة عملية متعلقة بـ الزراعة الحضرية."
      ],
      "icon": "🤝",
      "applications_en": [
        "Practical: تطبيق 1: نفّذ مهمة عملية متعلقة بـ الزراعة الحضرية.",
        "Practical: تطبيق 2: نفّذ مهمة عملية متعلقة بـ الزراعة الحضرية.",
        "Practical: تطبيق 3: نفّذ مهمة عملية متعلقة بـ الزراعة الحضرية.",
        "Practical: تطبيق 4: نفّذ مهمة عملية متعلقة بـ الزراعة الحضرية.",
        "Practical: تطبيق 5: نفّذ مهمة عملية متعلقة بـ الزراعة الحضرية.",
        "Practical: تطبيق 6: نفّذ مهمة عملية متعلقة بـ الزراعة الحضرية.",
        "Practical: تطبيق 7: نفّذ مهمة عملية متعلقة بـ الزراعة الحضرية.",
        "Practical: تطبيق 8: نفّذ مهمة عملية متعلقة بـ الزراعة الحضرية.",
        "Practical: تطبيق 9: نفّذ مهمة عملية متعلقة بـ الزراعة الحضرية.",
        "Practical: تطبيق 10: نفّذ مهمة عملية متعلقة بـ الزراعة الحضرية."
      ],
      "description_en": "Practice-based skill. Improve through projects and feedback."
    },
    {
      "id": "10-04",
      "type": "soft",
      "name_ar": "توفير الطاقة",
      "name_en": "Skill",
      "description_ar": "توفير الطاقة مهارة قابلة للتعلم عبر الممارسة. ابدأ بالأساسيات ثم طبّق مشاريع صغيرة.",
      "applications_ar": [
        "تطبيق 1: نفّذ مهمة عملية متعلقة بـ توفير الطاقة.",
        "تطبيق 2: نفّذ مهمة عملية متعلقة بـ توفير الطاقة.",
        "تطبيق 3: نفّذ مهمة عملية متعلقة بـ توفير الطاقة.",
        "تطبيق 4: نفّذ مهمة عملية متعلقة بـ توفير الطاقة.",
        "تطبيق 5: نفّذ مهمة عملية متعلقة بـ توفير الطاقة.",
        "تطبيق 6: نفّذ مهمة عملية متعلقة بـ توفير الطاقة.",
        "تطبيق 7: نفّذ مهمة عملية متعلقة بـ توفير الطاقة.",
        "تطبيق 8: نفّذ مهمة عملية متعلقة بـ توفير الطاقة.",
        "تطبيق 9: نفّذ مهمة عملية متعلقة بـ توفير الطاقة.",
        "تطبيق 10: نفّذ مهمة عملية متعلقة بـ توفير الطاقة."
      ],
      "icon": "🤝",
      "applications_en": [
        "Practical: تطبيق 1: نفّذ مهمة عملية متعلقة بـ توفير الطاقة.",
        "Practical: تطبيق 2: نفّذ مهمة عملية متعلقة بـ توفير الطاقة.",
        "Practical: تطبيق 3: نفّذ مهمة عملية متعلقة بـ توفير الطاقة.",
        "Practical: تطبيق 4: نفّذ مهمة عملية متعلقة بـ توفير الطاقة.",
        "Practical: تطبيق 5: نفّذ مهمة عملية متعلقة بـ توفير الطاقة.",
        "Practical: تطبيق 6: نفّذ مهمة عملية متعلقة بـ توفير الطاقة.",
        "Practical: تطبيق 7: نفّذ مهمة عملية متعلقة بـ توفير الطاقة.",
        "Practical: تطبيق 8: نفّذ مهمة عملية متعلقة بـ توفير الطاقة.",
        "Practical: تطبيق 9: نفّذ مهمة عملية متعلقة بـ توفير الطاقة.",
        "Practical: تطبيق 10: نفّذ مهمة عملية متعلقة بـ توفير الطاقة."
      ],
      "description_en": "Practice-based skill. Improve through projects and feedback."
    },
    {
      "id": "10-05",
      "type": "soft",
      "name_ar": "التصميم البيئي",
      "name_en": "Skill",
      "description_ar": "التصميم البيئي مهارة قابلة للتعلم عبر الممارسة. ابدأ بالأساسيات ثم طبّق مشاريع صغيرة.",
      "applications_ar": [
        "تطبيق 1: نفّذ مهمة عملية متعلقة بـ التصميم البيئي.",
        "تطبيق 2: نفّذ مهمة عملية متعلقة بـ التصميم البيئي.",
        "تطبيق 3: نفّذ مهمة عملية متعلقة بـ التصميم البيئي.",
        "تطبيق 4: نفّذ مهمة عملية متعلقة بـ التصميم البيئي.",
        "تطبيق 5: نفّذ مهمة عملية متعلقة بـ التصميم البيئي.",
        "تطبيق 6: نفّذ مهمة عملية متعلقة بـ التصميم البيئي.",
        "تطبيق 7: نفّذ مهمة عملية متعلقة بـ التصميم البيئي.",
        "تطبيق 8: نفّذ مهمة عملية متعلقة بـ التصميم البيئي.",
        "تطبيق 9: نفّذ مهمة عملية متعلقة بـ التصميم البيئي.",
        "تطبيق 10: نفّذ مهمة عملية متعلقة بـ التصميم البيئي."
      ],
      "icon": "🤝",
      "applications_en": [
        "Practical: تطبيق 1: نفّذ مهمة عملية متعلقة بـ التصميم البيئي.",
        "Practical: تطبيق 2: نفّذ مهمة عملية متعلقة بـ التصميم البيئي.",
        "Practical: تطبيق 3: نفّذ مهمة عملية متعلقة بـ التصميم البيئي.",
        "Practical: تطبيق 4: نفّذ مهمة عملية متعلقة بـ التصميم البيئي.",
        "Practical: تطبيق 5: نفّذ مهمة عملية متعلقة بـ التصميم البيئي.",
        "Practical: تطبيق 6: نفّذ مهمة عملية متعلقة بـ التصميم البيئي.",
        "Practical: تطبيق 7: نفّذ مهمة عملية متعلقة بـ التصميم البيئي.",
        "Practical: تطبيق 8: نفّذ مهمة عملية متعلقة بـ التصميم البيئي.",
        "Practical: تطبيق 9: نفّذ مهمة عملية متعلقة بـ التصميم البيئي.",
        "Practical: تطبيق 10: نفّذ مهمة عملية متعلقة بـ التصميم البيئي."
      ],
      "description_en": "Practice-based skill. Improve through projects and feedback."
    },
    {
      "id": "10-06",
      "type": "soft",
      "name_ar": "الاقتصاد الدائري",
      "name_en": "Skill",
      "description_ar": "الاقتصاد الدائري مهارة قابلة للتعلم عبر الممارسة. ابدأ بالأساسيات ثم طبّق مشاريع صغيرة.",
      "applications_ar": [
        "تطبيق 1: نفّذ مهمة عملية متعلقة بـ الاقتصاد الدائري.",
        "تطبيق 2: نفّذ مهمة عملية متعلقة بـ الاقتصاد الدائري.",
        "تطبيق 3: نفّذ مهمة عملية متعلقة بـ الاقتصاد الدائري.",
        "تطبيق 4: نفّذ مهمة عملية متعلقة بـ الاقتصاد الدائري.",
        "تطبيق 5: نفّذ مهمة عملية متعلقة بـ الاقتصاد الدائري.",
        "تطبيق 6: نفّذ مهمة عملية متعلقة بـ الاقتصاد الدائري.",
        "تطبيق 7: نفّذ مهمة عملية متعلقة بـ الاقتصاد الدائري.",
        "تطبيق 8: نفّذ مهمة عملية متعلقة بـ الاقتصاد الدائري.",
        "تطبيق 9: نفّذ مهمة عملية متعلقة بـ الاقتصاد الدائري.",
        "تطبيق 10: نفّذ مهمة عملية متعلقة بـ الاقتصاد الدائري."
      ],
      "icon": "🤝",
      "applications_en": [
        "Practical: تطبيق 1: نفّذ مهمة عملية متعلقة بـ الاقتصاد الدائري.",
        "Practical: تطبيق 2: نفّذ مهمة عملية متعلقة بـ الاقتصاد الدائري.",
        "Practical: تطبيق 3: نفّذ مهمة عملية متعلقة بـ الاقتصاد الدائري.",
        "Practical: تطبيق 4: نفّذ مهمة عملية متعلقة بـ الاقتصاد الدائري.",
        "Practical: تطبيق 5: نفّذ مهمة عملية متعلقة بـ الاقتصاد الدائري.",
        "Practical: تطبيق 6: نفّذ مهمة عملية متعلقة بـ الاقتصاد الدائري.",
        "Practical: تطبيق 7: نفّذ مهمة عملية متعلقة بـ الاقتصاد الدائري.",
        "Practical: تطبيق 8: نفّذ مهمة عملية متعلقة بـ الاقتصاد الدائري.",
        "Practical: تطبيق 9: نفّذ مهمة عملية متعلقة بـ الاقتصاد الدائري.",
        "Practical: تطبيق 10: نفّذ مهمة عملية متعلقة بـ الاقتصاد الدائري."
      ],
      "description_en": "Practice-based skill. Improve through projects and feedback."
    },
    {
      "id": "10-07",
      "type": "soft",
      "name_ar": "حماية الموارد",
      "name_en": "Skill",
      "description_ar": "حماية الموارد مهارة قابلة للتعلم عبر الممارسة. ابدأ بالأساسيات ثم طبّق مشاريع صغيرة.",
      "applications_ar": [
        "تطبيق 1: نفّذ مهمة عملية متعلقة بـ حماية الموارد.",
        "تطبيق 2: نفّذ مهمة عملية متعلقة بـ حماية الموارد.",
        "تطبيق 3: نفّذ مهمة عملية متعلقة بـ حماية الموارد.",
        "تطبيق 4: نفّذ مهمة عملية متعلقة بـ حماية الموارد.",
        "تطبيق 5: نفّذ مهمة عملية متعلقة بـ حماية الموارد.",
        "تطبيق 6: نفّذ مهمة عملية متعلقة بـ حماية الموارد.",
        "تطبيق 7: نفّذ مهمة عملية متعلقة بـ حماية الموارد.",
        "تطبيق 8: نفّذ مهمة عملية متعلقة بـ حماية الموارد.",
        "تطبيق 9: نفّذ مهمة عملية متعلقة بـ حماية الموارد.",
        "تطبيق 10: نفّذ مهمة عملية متعلقة بـ حماية الموارد."
      ],
      "icon": "🤝",
      "applications_en": [
        "Practical: تطبيق 1: نفّذ مهمة عملية متعلقة بـ حماية الموارد.",
        "Practical: تطبيق 2: نفّذ مهمة عملية متعلقة بـ حماية الموارد.",
        "Practical: تطبيق 3: نفّذ مهمة عملية متعلقة بـ حماية الموارد.",
        "Practical: تطبيق 4: نفّذ مهمة عملية متعلقة بـ حماية الموارد.",
        "Practical: تطبيق 5: نفّذ مهمة عملية متعلقة بـ حماية الموارد.",
        "Practical: تطبيق 6: نفّذ مهمة عملية متعلقة بـ حماية الموارد.",
        "Practical: تطبيق 7: نفّذ مهمة عملية متعلقة بـ حماية الموارد.",
        "Practical: تطبيق 8: نفّذ مهمة عملية متعلقة بـ حماية الموارد.",
        "Practical: تطبيق 9: نفّذ مهمة عملية متعلقة بـ حماية الموارد.",
        "Practical: تطبيق 10: نفّذ مهمة عملية متعلقة بـ حماية الموارد."
      ],
      "description_en": "Practice-based skill. Improve through projects and feedback."
    },
    {
      "id": "10-08",
      "type": "soft",
      "name_ar": "تنظيف البيئة",
      "name_en": "Skill",
      "description_ar": "تنظيف البيئة مهارة قابلة للتعلم عبر الممارسة. ابدأ بالأساسيات ثم طبّق مشاريع صغيرة.",
      "applications_ar": [
        "تطبيق 1: نفّذ مهمة عملية متعلقة بـ تنظيف البيئة.",
        "تطبيق 2: نفّذ مهمة عملية متعلقة بـ تنظيف البيئة.",
        "تطبيق 3: نفّذ مهمة عملية متعلقة بـ تنظيف البيئة.",
        "تطبيق 4: نفّذ مهمة عملية متعلقة بـ تنظيف البيئة.",
        "تطبيق 5: نفّذ مهمة عملية متعلقة بـ تنظيف البيئة.",
        "تطبيق 6: نفّذ مهمة عملية متعلقة بـ تنظيف البيئة.",
        "تطبيق 7: نفّذ مهمة عملية متعلقة بـ تنظيف البيئة.",
        "تطبيق 8: نفّذ مهمة عملية متعلقة بـ تنظيف البيئة.",
        "تطبيق 9: نفّذ مهمة عملية متعلقة بـ تنظيف البيئة.",
        "تطبيق 10: نفّذ مهمة عملية متعلقة بـ تنظيف البيئة."
      ],
      "icon": "🤝",
      "applications_en": [
        "Practical: تطبيق 1: نفّذ مهمة عملية متعلقة بـ تنظيف البيئة.",
        "Practical: تطبيق 2: نفّذ مهمة عملية متعلقة بـ تنظيف البيئة.",
        "Practical: تطبيق 3: نفّذ مهمة عملية متعلقة بـ تنظيف البيئة.",
        "Practical: تطبيق 4: نفّذ مهمة عملية متعلقة بـ تنظيف البيئة.",
        "Practical: تطبيق 5: نفّذ مهمة عملية متعلقة بـ تنظيف البيئة.",
        "Practical: تطبيق 6: نفّذ مهمة عملية متعلقة بـ تنظيف البيئة.",
        "Practical: تطبيق 7: نفّذ مهمة عملية متعلقة بـ تنظيف البيئة.",
        "Practical: تطبيق 8: نفّذ مهمة عملية متعلقة بـ تنظيف البيئة.",
        "Practical: تطبيق 9: نفّذ مهمة عملية متعلقة بـ تنظيف البيئة.",
        "Practical: تطبيق 10: نفّذ مهمة عملية متعلقة بـ تنظيف البيئة."
      ],
      "description_en": "Practice-based skill. Improve through projects and feedback."
    },
    {
      "id": "10-09",
      "type": "soft",
      "name_ar": "توعية بيئية",
      "name_en": "Skill",
      "description_ar": "توعية بيئية مهارة قابلة للتعلم عبر الممارسة. ابدأ بالأساسيات ثم طبّق مشاريع صغيرة.",
      "applications_ar": [
        "تطبيق 1: نفّذ مهمة عملية متعلقة بـ توعية بيئية.",
        "تطبيق 2: نفّذ مهمة عملية متعلقة بـ توعية بيئية.",
        "تطبيق 3: نفّذ مهمة عملية متعلقة بـ توعية بيئية.",
        "تطبيق 4: نفّذ مهمة عملية متعلقة بـ توعية بيئية.",
        "تطبيق 5: نفّذ مهمة عملية متعلقة بـ توعية بيئية.",
        "تطبيق 6: نفّذ مهمة عملية متعلقة بـ توعية بيئية.",
        "تطبيق 7: نفّذ مهمة عملية متعلقة بـ توعية بيئية.",
        "تطبيق 8: نفّذ مهمة عملية متعلقة بـ توعية بيئية.",
        "تطبيق 9: نفّذ مهمة عملية متعلقة بـ توعية بيئية.",
        "تطبيق 10: نفّذ مهمة عملية متعلقة بـ توعية بيئية."
      ],
      "icon": "🤝",
      "applications_en": [
        "Practical: تطبيق 1: نفّذ مهمة عملية متعلقة بـ توعية بيئية.",
        "Practical: تطبيق 2: نفّذ مهمة عملية متعلقة بـ توعية بيئية.",
        "Practical: تطبيق 3: نفّذ مهمة عملية متعلقة بـ توعية بيئية.",
        "Practical: تطبيق 4: نفّذ مهمة عملية متعلقة بـ توعية بيئية.",
        "Practical: تطبيق 5: نفّذ مهمة عملية متعلقة بـ توعية بيئية.",
        "Practical: تطبيق 6: نفّذ مهمة عملية متعلقة بـ توعية بيئية.",
        "Practical: تطبيق 7: نفّذ مهمة عملية متعلقة بـ توعية بيئية.",
        "Practical: تطبيق 8: نفّذ مهمة عملية متعلقة بـ توعية بيئية.",
        "Practical: تطبيق 9: نفّذ مهمة عملية متعلقة بـ توعية بيئية.",
        "Practical: تطبيق 10: نفّذ مهمة عملية متعلقة بـ توعية بيئية."
      ],
      "description_en": "Practice-based skill. Improve through projects and feedback."
    },
    {
      "id": "10-10",
      "type": "soft",
      "name_ar": "تدوير المواد",
      "name_en": "Skill",
      "description_ar": "تدوير المواد مهارة قابلة للتعلم عبر الممارسة. ابدأ بالأساسيات ثم طبّق مشاريع صغيرة.",
      "applications_ar": [
        "تطبيق 1: نفّذ مهمة عملية متعلقة بـ تدوير المواد.",
        "تطبيق 2: نفّذ مهمة عملية متعلقة بـ تدوير المواد.",
        "تطبيق 3: نفّذ مهمة عملية متعلقة بـ تدوير المواد.",
        "تطبيق 4: نفّذ مهمة عملية متعلقة بـ تدوير المواد.",
        "تطبيق 5: نفّذ مهمة عملية متعلقة بـ تدوير المواد.",
        "تطبيق 6: نفّذ مهمة عملية متعلقة بـ تدوير المواد.",
        "تطبيق 7: نفّذ مهمة عملية متعلقة بـ تدوير المواد.",
        "تطبيق 8: نفّذ مهمة عملية متعلقة بـ تدوير المواد.",
        "تطبيق 9: نفّذ مهمة عملية متعلقة بـ تدوير المواد.",
        "تطبيق 10: نفّذ مهمة عملية متعلقة بـ تدوير المواد."
      ],
      "icon": "🤝",
      "applications_en": [
        "Practical: تطبيق 1: نفّذ مهمة عملية متعلقة بـ تدوير المواد.",
        "Practical: تطبيق 2: نفّذ مهمة عملية متعلقة بـ تدوير المواد.",
        "Practical: تطبيق 3: نفّذ مهمة عملية متعلقة بـ تدوير المواد.",
        "Practical: تطبيق 4: نفّذ مهمة عملية متعلقة بـ تدوير المواد.",
        "Practical: تطبيق 5: نفّذ مهمة عملية متعلقة بـ تدوير المواد.",
        "Practical: تطبيق 6: نفّذ مهمة عملية متعلقة بـ تدوير المواد.",
        "Practical: تطبيق 7: نفّذ مهمة عملية متعلقة بـ تدوير المواد.",
        "Practical: تطبيق 8: نفّذ مهمة عملية متعلقة بـ تدوير المواد.",
        "Practical: تطبيق 9: نفّذ مهمة عملية متعلقة بـ تدوير المواد.",
        "Practical: تطبيق 10: نفّذ مهمة عملية متعلقة بـ تدوير المواد."
      ],
      "description_en": "Practice-based skill. Improve through projects and feedback."
    },
    {
      "id": "10-11",
      "type": "soft",
      "name_ar": "الطاقة المتجددة",
      "name_en": "Renewable Energy",
      "description_ar": "الطاقة المتجددة مهارة قابلة للتعلم عبر الممارسة. ابدأ بالأساسيات ثم طبّق مشاريع صغيرة.",
      "applications_ar": [
        "تطبيق 1: نفّذ مهمة عملية متعلقة بـ الطاقة المتجددة.",
        "تطبيق 2: نفّذ مهمة عملية متعلقة بـ الطاقة المتجددة.",
        "تطبيق 3: نفّذ مهمة عملية متعلقة بـ الطاقة المتجددة.",
        "تطبيق 4: نفّذ مهمة عملية متعلقة بـ الطاقة المتجددة.",
        "تطبيق 5: نفّذ مهمة عملية متعلقة بـ الطاقة المتجددة.",
        "تطبيق 6: نفّذ مهمة عملية متعلقة بـ الطاقة المتجددة.",
        "تطبيق 7: نفّذ مهمة عملية متعلقة بـ الطاقة المتجددة.",
        "تطبيق 8: نفّذ مهمة عملية متعلقة بـ الطاقة المتجددة.",
        "تطبيق 9: نفّذ مهمة عملية متعلقة بـ الطاقة المتجددة.",
        "تطبيق 10: نفّذ مهمة عملية متعلقة بـ الطاقة المتجددة."
      ],
      "icon": "🤝",
      "applications_en": [
        "Practical: تطبيق 1: نفّذ مهمة عملية متعلقة بـ الطاقة المتجددة.",
        "Practical: تطبيق 2: نفّذ مهمة عملية متعلقة بـ الطاقة المتجددة.",
        "Practical: تطبيق 3: نفّذ مهمة عملية متعلقة بـ الطاقة المتجددة.",
        "Practical: تطبيق 4: نفّذ مهمة عملية متعلقة بـ الطاقة المتجددة.",
        "Practical: تطبيق 5: نفّذ مهمة عملية متعلقة بـ الطاقة المتجددة.",
        "Practical: تطبيق 6: نفّذ مهمة عملية متعلقة بـ الطاقة المتجددة.",
        "Practical: تطبيق 7: نفّذ مهمة عملية متعلقة بـ الطاقة المتجددة.",
        "Practical: تطبيق 8: نفّذ مهمة عملية متعلقة بـ الطاقة المتجددة.",
        "Practical: تطبيق 9: نفّذ مهمة عملية متعلقة بـ الطاقة المتجددة.",
        "Practical: تطبيق 10: نفّذ مهمة عملية متعلقة بـ الطاقة المتجددة."
      ],
      "description_en": "Practice-based skill. Improve through projects and feedback."
    },
    {
      "id": "10-12",
      "type": "soft",
      "name_ar": "إدارة المياه",
      "name_en": "Skill",
      "description_ar": "إدارة المياه مهارة قابلة للتعلم عبر الممارسة. ابدأ بالأساسيات ثم طبّق مشاريع صغيرة.",
      "applications_ar": [
        "تطبيق 1: نفّذ مهمة عملية متعلقة بـ إدارة المياه.",
        "تطبيق 2: نفّذ مهمة عملية متعلقة بـ إدارة المياه.",
        "تطبيق 3: نفّذ مهمة عملية متعلقة بـ إدارة المياه.",
        "تطبيق 4: نفّذ مهمة عملية متعلقة بـ إدارة المياه.",
        "تطبيق 5: نفّذ مهمة عملية متعلقة بـ إدارة المياه.",
        "تطبيق 6: نفّذ مهمة عملية متعلقة بـ إدارة المياه.",
        "تطبيق 7: نفّذ مهمة عملية متعلقة بـ إدارة المياه.",
        "تطبيق 8: نفّذ مهمة عملية متعلقة بـ إدارة المياه.",
        "تطبيق 9: نفّذ مهمة عملية متعلقة بـ إدارة المياه.",
        "تطبيق 10: نفّذ مهمة عملية متعلقة بـ إدارة المياه."
      ],
      "icon": "🤝",
      "applications_en": [
        "Practical: تطبيق 1: نفّذ مهمة عملية متعلقة بـ إدارة المياه.",
        "Practical: تطبيق 2: نفّذ مهمة عملية متعلقة بـ إدارة المياه.",
        "Practical: تطبيق 3: نفّذ مهمة عملية متعلقة بـ إدارة المياه.",
        "Practical: تطبيق 4: نفّذ مهمة عملية متعلقة بـ إدارة المياه.",
        "Practical: تطبيق 5: نفّذ مهمة عملية متعلقة بـ إدارة المياه.",
        "Practical: تطبيق 6: نفّذ مهمة عملية متعلقة بـ إدارة المياه.",
        "Practical: تطبيق 7: نفّذ مهمة عملية متعلقة بـ إدارة المياه.",
        "Practical: تطبيق 8: نفّذ مهمة عملية متعلقة بـ إدارة المياه.",
        "Practical: تطبيق 9: نفّذ مهمة عملية متعلقة بـ إدارة المياه.",
        "Practical: تطبيق 10: نفّذ مهمة عملية متعلقة بـ إدارة المياه."
      ],
      "description_en": "Practice-based skill. Improve through projects and feedback."
    },
    {
      "id": "10-13",
      "type": "soft",
      "name_ar": "التخطيط الحضري",
      "name_en": "Skill",
      "description_ar": "التخطيط الحضري مهارة قابلة للتعلم عبر الممارسة. ابدأ بالأساسيات ثم طبّق مشاريع صغيرة.",
      "applications_ar": [
        "تطبيق 1: نفّذ مهمة عملية متعلقة بـ التخطيط الحضري.",
        "تطبيق 2: نفّذ مهمة عملية متعلقة بـ التخطيط الحضري.",
        "تطبيق 3: نفّذ مهمة عملية متعلقة بـ التخطيط الحضري.",
        "تطبيق 4: نفّذ مهمة عملية متعلقة بـ التخطيط الحضري.",
        "تطبيق 5: نفّذ مهمة عملية متعلقة بـ التخطيط الحضري.",
        "تطبيق 6: نفّذ مهمة عملية متعلقة بـ التخطيط الحضري.",
        "تطبيق 7: نفّذ مهمة عملية متعلقة بـ التخطيط الحضري.",
        "تطبيق 8: نفّذ مهمة عملية متعلقة بـ التخطيط الحضري.",
        "تطبيق 9: نفّذ مهمة عملية متعلقة بـ التخطيط الحضري.",
        "تطبيق 10: نفّذ مهمة عملية متعلقة بـ التخطيط الحضري."
      ],
      "icon": "🤝",
      "applications_en": [
        "Practical: تطبيق 1: نفّذ مهمة عملية متعلقة بـ التخطيط الحضري.",
        "Practical: تطبيق 2: نفّذ مهمة عملية متعلقة بـ التخطيط الحضري.",
        "Practical: تطبيق 3: نفّذ مهمة عملية متعلقة بـ التخطيط الحضري.",
        "Practical: تطبيق 4: نفّذ مهمة عملية متعلقة بـ التخطيط الحضري.",
        "Practical: تطبيق 5: نفّذ مهمة عملية متعلقة بـ التخطيط الحضري.",
        "Practical: تطبيق 6: نفّذ مهمة عملية متعلقة بـ التخطيط الحضري.",
        "Practical: تطبيق 7: نفّذ مهمة عملية متعلقة بـ التخطيط الحضري.",
        "Practical: تطبيق 8: نفّذ مهمة عملية متعلقة بـ التخطيط الحضري.",
        "Practical: تطبيق 9: نفّذ مهمة عملية متعلقة بـ التخطيط الحضري.",
        "Practical: تطبيق 10: نفّذ مهمة عملية متعلقة بـ التخطيط الحضري."
      ],
      "description_en": "Practice-based skill. Improve through projects and feedback."
    },
    {
      "id": "10-14",
      "type": "soft",
      "name_ar": "التقنيات النظيفة",
      "name_en": "Skill",
      "description_ar": "التقنيات النظيفة مهارة قابلة للتعلم عبر الممارسة. ابدأ بالأساسيات ثم طبّق مشاريع صغيرة.",
      "applications_ar": [
        "تطبيق 1: نفّذ مهمة عملية متعلقة بـ التقنيات النظيفة.",
        "تطبيق 2: نفّذ مهمة عملية متعلقة بـ التقنيات النظيفة.",
        "تطبيق 3: نفّذ مهمة عملية متعلقة بـ التقنيات النظيفة.",
        "تطبيق 4: نفّذ مهمة عملية متعلقة بـ التقنيات النظيفة.",
        "تطبيق 5: نفّذ مهمة عملية متعلقة بـ التقنيات النظيفة.",
        "تطبيق 6: نفّذ مهمة عملية متعلقة بـ التقنيات النظيفة.",
        "تطبيق 7: نفّذ مهمة عملية متعلقة بـ التقنيات النظيفة.",
        "تطبيق 8: نفّذ مهمة عملية متعلقة بـ التقنيات النظيفة.",
        "تطبيق 9: نفّذ مهمة عملية متعلقة بـ التقنيات النظيفة.",
        "تطبيق 10: نفّذ مهمة عملية متعلقة بـ التقنيات النظيفة."
      ],
      "icon": "🤝",
      "applications_en": [
        "Practical: تطبيق 1: نفّذ مهمة عملية متعلقة بـ التقنيات النظيفة.",
        "Practical: تطبيق 2: نفّذ مهمة عملية متعلقة بـ التقنيات النظيفة.",
        "Practical: تطبيق 3: نفّذ مهمة عملية متعلقة بـ التقنيات النظيفة.",
        "Practical: تطبيق 4: نفّذ مهمة عملية متعلقة بـ التقنيات النظيفة.",
        "Practical: تطبيق 5: نفّذ مهمة عملية متعلقة بـ التقنيات النظيفة.",
        "Practical: تطبيق 6: نفّذ مهمة عملية متعلقة بـ التقنيات النظيفة.",
        "Practical: تطبيق 7: نفّذ مهمة عملية متعلقة بـ التقنيات النظيفة.",
        "Practical: تطبيق 8: نفّذ مهمة عملية متعلقة بـ التقنيات النظيفة.",
        "Practical: تطبيق 9: نفّذ مهمة عملية متعلقة بـ التقنيات النظيفة.",
        "Practical: تطبيق 10: نفّذ مهمة عملية متعلقة بـ التقنيات النظيفة."
      ],
      "description_en": "Practice-based skill. Improve through projects and feedback."
    },
    {
      "id": "10-15",
      "type": "soft",
      "name_ar": "الحد من الانبعاثات",
      "name_en": "Skill",
      "description_ar": "الحد من الانبعاثات مهارة قابلة للتعلم عبر الممارسة. ابدأ بالأساسيات ثم طبّق مشاريع صغيرة.",
      "applications_ar": [
        "تطبيق 1: نفّذ مهمة عملية متعلقة بـ الحد من الانبعاثات.",
        "تطبيق 2: نفّذ مهمة عملية متعلقة بـ الحد من الانبعاثات.",
        "تطبيق 3: نفّذ مهمة عملية متعلقة بـ الحد من الانبعاثات.",
        "تطبيق 4: نفّذ مهمة عملية متعلقة بـ الحد من الانبعاثات.",
        "تطبيق 5: نفّذ مهمة عملية متعلقة بـ الحد من الانبعاثات.",
        "تطبيق 6: نفّذ مهمة عملية متعلقة بـ الحد من الانبعاثات.",
        "تطبيق 7: نفّذ مهمة عملية متعلقة بـ الحد من الانبعاثات.",
        "تطبيق 8: نفّذ مهمة عملية متعلقة بـ الحد من الانبعاثات.",
        "تطبيق 9: نفّذ مهمة عملية متعلقة بـ الحد من الانبعاثات.",
        "تطبيق 10: نفّذ مهمة عملية متعلقة بـ الحد من الانبعاثات."
      ],
      "icon": "🤝",
      "applications_en": [
        "Practical: تطبيق 1: نفّذ مهمة عملية متعلقة بـ الحد من الانبعاثات.",
        "Practical: تطبيق 2: نفّذ مهمة عملية متعلقة بـ الحد من الانبعاثات.",
        "Practical: تطبيق 3: نفّذ مهمة عملية متعلقة بـ الحد من الانبعاثات.",
        "Practical: تطبيق 4: نفّذ مهمة عملية متعلقة بـ الحد من الانبعاثات.",
        "Practical: تطبيق 5: نفّذ مهمة عملية متعلقة بـ الحد من الانبعاثات.",
        "Practical: تطبيق 6: نفّذ مهمة عملية متعلقة بـ الحد من الانبعاثات.",
        "Practical: تطبيق 7: نفّذ مهمة عملية متعلقة بـ الحد من الانبعاثات.",
        "Practical: تطبيق 8: نفّذ مهمة عملية متعلقة بـ الحد من الانبعاثات.",
        "Practical: تطبيق 9: نفّذ مهمة عملية متعلقة بـ الحد من الانبعاثات.",
        "Practical: تطبيق 10: نفّذ مهمة عملية متعلقة بـ الحد من الانبعاثات."
      ],
      "description_en": "Practice-based skill. Improve through projects and feedback."
    },
    {
      "id": "10-16",
      "type": "soft",
      "name_ar": "الزراعة المستدامة",
      "name_en": "Skill",
      "description_ar": "الزراعة المستدامة مهارة قابلة للتعلم عبر الممارسة. ابدأ بالأساسيات ثم طبّق مشاريع صغيرة.",
      "applications_ar": [
        "تطبيق 1: نفّذ مهمة عملية متعلقة بـ الزراعة المستدامة.",
        "تطبيق 2: نفّذ مهمة عملية متعلقة بـ الزراعة المستدامة.",
        "تطبيق 3: نفّذ مهمة عملية متعلقة بـ الزراعة المستدامة.",
        "تطبيق 4: نفّذ مهمة عملية متعلقة بـ الزراعة المستدامة.",
        "تطبيق 5: نفّذ مهمة عملية متعلقة بـ الزراعة المستدامة.",
        "تطبيق 6: نفّذ مهمة عملية متعلقة بـ الزراعة المستدامة.",
        "تطبيق 7: نفّذ مهمة عملية متعلقة بـ الزراعة المستدامة.",
        "تطبيق 8: نفّذ مهمة عملية متعلقة بـ الزراعة المستدامة.",
        "تطبيق 9: نفّذ مهمة عملية متعلقة بـ الزراعة المستدامة.",
        "تطبيق 10: نفّذ مهمة عملية متعلقة بـ الزراعة المستدامة."
      ],
      "icon": "🤝",
      "applications_en": [
        "Practical: تطبيق 1: نفّذ مهمة عملية متعلقة بـ الزراعة المستدامة.",
        "Practical: تطبيق 2: نفّذ مهمة عملية متعلقة بـ الزراعة المستدامة.",
        "Practical: تطبيق 3: نفّذ مهمة عملية متعلقة بـ الزراعة المستدامة.",
        "Practical: تطبيق 4: نفّذ مهمة عملية متعلقة بـ الزراعة المستدامة.",
        "Practical: تطبيق 5: نفّذ مهمة عملية متعلقة بـ الزراعة المستدامة.",
        "Practical: تطبيق 6: نفّذ مهمة عملية متعلقة بـ الزراعة المستدامة.",
        "Practical: تطبيق 7: نفّذ مهمة عملية متعلقة بـ الزراعة المستدامة.",
        "Practical: تطبيق 8: نفّذ مهمة عملية متعلقة بـ الزراعة المستدامة.",
        "Practical: تطبيق 9: نفّذ مهمة عملية متعلقة بـ الزراعة المستدامة.",
        "Practical: تطبيق 10: نفّذ مهمة عملية متعلقة بـ الزراعة المستدامة."
      ],
      "description_en": "Practice-based skill. Improve through projects and feedback."
    },
    {
      "id": "10-17",
      "type": "soft",
      "name_ar": "الابتكار البيئي",
      "name_en": "Skill",
      "description_ar": "الابتكار البيئي مهارة قابلة للتعلم عبر الممارسة. ابدأ بالأساسيات ثم طبّق مشاريع صغيرة.",
      "applications_ar": [
        "تطبيق 1: نفّذ مهمة عملية متعلقة بـ الابتكار البيئي.",
        "تطبيق 2: نفّذ مهمة عملية متعلقة بـ الابتكار البيئي.",
        "تطبيق 3: نفّذ مهمة عملية متعلقة بـ الابتكار البيئي.",
        "تطبيق 4: نفّذ مهمة عملية متعلقة بـ الابتكار البيئي.",
        "تطبيق 5: نفّذ مهمة عملية متعلقة بـ الابتكار البيئي.",
        "تطبيق 6: نفّذ مهمة عملية متعلقة بـ الابتكار البيئي.",
        "تطبيق 7: نفّذ مهمة عملية متعلقة بـ الابتكار البيئي.",
        "تطبيق 8: نفّذ مهمة عملية متعلقة بـ الابتكار البيئي.",
        "تطبيق 9: نفّذ مهمة عملية متعلقة بـ الابتكار البيئي.",
        "تطبيق 10: نفّذ مهمة عملية متعلقة بـ الابتكار البيئي."
      ],
      "icon": "🤝",
      "applications_en": [
        "Practical: تطبيق 1: نفّذ مهمة عملية متعلقة بـ الابتكار البيئي.",
        "Practical: تطبيق 2: نفّذ مهمة عملية متعلقة بـ الابتكار البيئي.",
        "Practical: تطبيق 3: نفّذ مهمة عملية متعلقة بـ الابتكار البيئي.",
        "Practical: تطبيق 4: نفّذ مهمة عملية متعلقة بـ الابتكار البيئي.",
        "Practical: تطبيق 5: نفّذ مهمة عملية متعلقة بـ الابتكار البيئي.",
        "Practical: تطبيق 6: نفّذ مهمة عملية متعلقة بـ الابتكار البيئي.",
        "Practical: تطبيق 7: نفّذ مهمة عملية متعلقة بـ الابتكار البيئي.",
        "Practical: تطبيق 8: نفّذ مهمة عملية متعلقة بـ الابتكار البيئي.",
        "Practical: تطبيق 9: نفّذ مهمة عملية متعلقة بـ الابتكار البيئي.",
        "Practical: تطبيق 10: نفّذ مهمة عملية متعلقة بـ الابتكار البيئي."
      ],
      "description_en": "Practice-based skill. Improve through projects and feedback."
    },
    {
      "id": "10-18",
      "type": "soft",
      "name_ar": "سلاسل الإمداد الخضراء",
      "name_en": "Skill",
      "description_ar": "سلاسل الإمداد الخضراء مهارة قابلة للتعلم عبر الممارسة. ابدأ بالأساسيات ثم طبّق مشاريع صغيرة.",
      "applications_ar": [
        "تطبيق 1: نفّذ مهمة عملية متعلقة بـ سلاسل الإمداد الخضراء.",
        "تطبيق 2: نفّذ مهمة عملية متعلقة بـ سلاسل الإمداد الخضراء.",
        "تطبيق 3: نفّذ مهمة عملية متعلقة بـ سلاسل الإمداد الخضراء.",
        "تطبيق 4: نفّذ مهمة عملية متعلقة بـ سلاسل الإمداد الخضراء.",
        "تطبيق 5: نفّذ مهمة عملية متعلقة بـ سلاسل الإمداد الخضراء.",
        "تطبيق 6: نفّذ مهمة عملية متعلقة بـ سلاسل الإمداد الخضراء.",
        "تطبيق 7: نفّذ مهمة عملية متعلقة بـ سلاسل الإمداد الخضراء.",
        "تطبيق 8: نفّذ مهمة عملية متعلقة بـ سلاسل الإمداد الخضراء.",
        "تطبيق 9: نفّذ مهمة عملية متعلقة بـ سلاسل الإمداد الخضراء.",
        "تطبيق 10: نفّذ مهمة عملية متعلقة بـ سلاسل الإمداد الخضراء."
      ],
      "icon": "🤝",
      "applications_en": [
        "Practical: تطبيق 1: نفّذ مهمة عملية متعلقة بـ سلاسل الإمداد الخضراء.",
        "Practical: تطبيق 2: نفّذ مهمة عملية متعلقة بـ سلاسل الإمداد الخضراء.",
        "Practical: تطبيق 3: نفّذ مهمة عملية متعلقة بـ سلاسل الإمداد الخضراء.",
        "Practical: تطبيق 4: نفّذ مهمة عملية متعلقة بـ سلاسل الإمداد الخضراء.",
        "Practical: تطبيق 5: نفّذ مهمة عملية متعلقة بـ سلاسل الإمداد الخضراء.",
        "Practical: تطبيق 6: نفّذ مهمة عملية متعلقة بـ سلاسل الإمداد الخضراء.",
        "Practical: تطبيق 7: نفّذ مهمة عملية متعلقة بـ سلاسل الإمداد الخضراء.",
        "Practical: تطبيق 8: نفّذ مهمة عملية متعلقة بـ سلاسل الإمداد الخضراء.",
        "Practical: تطبيق 9: نفّذ مهمة عملية متعلقة بـ سلاسل الإمداد الخضراء.",
        "Practical: تطبيق 10: نفّذ مهمة عملية متعلقة بـ سلاسل الإمداد الخضراء."
      ],
      "description_en": "Practice-based skill. Improve through projects and feedback."
    },
    {
      "id": "10-19",
      "type": "soft",
      "name_ar": "التقييم البيئي",
      "name_en": "Skill",
      "description_ar": "التقييم البيئي مهارة قابلة للتعلم عبر الممارسة. ابدأ بالأساسيات ثم طبّق مشاريع صغيرة.",
      "applications_ar": [
        "تطبيق 1: نفّذ مهمة عملية متعلقة بـ التقييم البيئي.",
        "تطبيق 2: نفّذ مهمة عملية متعلقة بـ التقييم البيئي.",
        "تطبيق 3: نفّذ مهمة عملية متعلقة بـ التقييم البيئي.",
        "تطبيق 4: نفّذ مهمة عملية متعلقة بـ التقييم البيئي.",
        "تطبيق 5: نفّذ مهمة عملية متعلقة بـ التقييم البيئي.",
        "تطبيق 6: نفّذ مهمة عملية متعلقة بـ التقييم البيئي.",
        "تطبيق 7: نفّذ مهمة عملية متعلقة بـ التقييم البيئي.",
        "تطبيق 8: نفّذ مهمة عملية متعلقة بـ التقييم البيئي.",
        "تطبيق 9: نفّذ مهمة عملية متعلقة بـ التقييم البيئي.",
        "تطبيق 10: نفّذ مهمة عملية متعلقة بـ التقييم البيئي."
      ],
      "icon": "🤝",
      "applications_en": [
        "Practical: تطبيق 1: نفّذ مهمة عملية متعلقة بـ التقييم البيئي.",
        "Practical: تطبيق 2: نفّذ مهمة عملية متعلقة بـ التقييم البيئي.",
        "Practical: تطبيق 3: نفّذ مهمة عملية متعلقة بـ التقييم البيئي.",
        "Practical: تطبيق 4: نفّذ مهمة عملية متعلقة بـ التقييم البيئي.",
        "Practical: تطبيق 5: نفّذ مهمة عملية متعلقة بـ التقييم البيئي.",
        "Practical: تطبيق 6: نفّذ مهمة عملية متعلقة بـ التقييم البيئي.",
        "Practical: تطبيق 7: نفّذ مهمة عملية متعلقة بـ التقييم البيئي.",
        "Practical: تطبيق 8: نفّذ مهمة عملية متعلقة بـ التقييم البيئي.",
        "Practical: تطبيق 9: نفّذ مهمة عملية متعلقة بـ التقييم البيئي.",
        "Practical: تطبيق 10: نفّذ مهمة عملية متعلقة بـ التقييم البيئي."
      ],
      "description_en": "Practice-based skill. Improve through projects and feedback."
    },
    {
      "id": "10-20",
      "type": "soft",
      "name_ar": "حماية الأنواع",
      "name_en": "Skill",
      "description_ar": "حماية الأنواع مهارة قابلة للتعلم عبر الممارسة. ابدأ بالأساسيات ثم طبّق مشاريع صغيرة.",
      "applications_ar": [
        "تطبيق 1: نفّذ مهمة عملية متعلقة بـ حماية الأنواع.",
        "تطبيق 2: نفّذ مهمة عملية متعلقة بـ حماية الأنواع.",
        "تطبيق 3: نفّذ مهمة عملية متعلقة بـ حماية الأنواع.",
        "تطبيق 4: نفّذ مهمة عملية متعلقة بـ حماية الأنواع.",
        "تطبيق 5: نفّذ مهمة عملية متعلقة بـ حماية الأنواع.",
        "تطبيق 6: نفّذ مهمة عملية متعلقة بـ حماية الأنواع.",
        "تطبيق 7: نفّذ مهمة عملية متعلقة بـ حماية الأنواع.",
        "تطبيق 8: نفّذ مهمة عملية متعلقة بـ حماية الأنواع.",
        "تطبيق 9: نفّذ مهمة عملية متعلقة بـ حماية الأنواع.",
        "تطبيق 10: نفّذ مهمة عملية متعلقة بـ حماية الأنواع."
      ],
      "icon": "🤝",
      "applications_en": [
        "Practical: تطبيق 1: نفّذ مهمة عملية متعلقة بـ حماية الأنواع.",
        "Practical: تطبيق 2: نفّذ مهمة عملية متعلقة بـ حماية الأنواع.",
        "Practical: تطبيق 3: نفّذ مهمة عملية متعلقة بـ حماية الأنواع.",
        "Practical: تطبيق 4: نفّذ مهمة عملية متعلقة بـ حماية الأنواع.",
        "Practical: تطبيق 5: نفّذ مهمة عملية متعلقة بـ حماية الأنواع.",
        "Practical: تطبيق 6: نفّذ مهمة عملية متعلقة بـ حماية الأنواع.",
        "Practical: تطبيق 7: نفّذ مهمة عملية متعلقة بـ حماية الأنواع.",
        "Practical: تطبيق 8: نفّذ مهمة عملية متعلقة بـ حماية الأنواع.",
        "Practical: تطبيق 9: نفّذ مهمة عملية متعلقة بـ حماية الأنواع.",
        "Practical: تطبيق 10: نفّذ مهمة عملية متعلقة بـ حماية الأنواع."
      ],
      "description_en": "Practice-based skill. Improve through projects and feedback."
    }
  ]
}