{
  "skills": [
    {
      "id": "6-01",
      "type": "soft",
      "name_ar": "التسويق الرقمي",
      "name_en": "Digital Marketing",
      "description_ar": "التسويق الرقمي مهارة قابلة للتعلم عبر الممارسة. ابدأ بالأساسيات ثم طبّق مشاريع صغيرة.",
      "applications_ar": [
        "تطبيق 1: نفّذ مهمة عملية متعلقة بـ التسويق الرقمي.",
        "تطبيق 2: نفّذ مهمة عملية متعلقة بـ التسويق الرقمي.",
        "تطبيق 3: نفّذ مهمة عملية متعلقة بـ التسويق الرقمي.",
        "تطبيق 4: نفّذ مهمة عملية متعلقة بـ التسويق الرقمي.",
        "تطبيق 5: نفّذ مهمة عملية متعلقة بـ التسويق الرقمي.",
        "تطبيق 6: نفّذ مهمة عملية متعلقة بـ التسويق الرقمي.",
        "تطبيق 7: نفّذ مهمة عملية متعلقة بـ التسويق الرقمي.",
        "تطبيق 8: نفّذ مهمة عملية متعلقة بـ التسويق الرقمي.",
        "تطبيق 9: نفّذ مهمة عملية متعلقة بـ التسويق الرقمي.",
        "تطبيق 10: نفّذ مهمة عملية متعلقة بـ التسويق الرقمي."
      ],
      "icon": "🤝",
      "applications_en": [
        "Practical: تطبيق 1: نفّذ مهمة عملية متعلقة بـ التسويق الرقمي.",
        "Practical: تطبيق 2: نفّذ مهمة عملية متعلقة بـ التسويق الرقمي.",
        "Practical: تطبيق 3: نفّذ مهمة عملية متعلقة بـ التسويق الرقمي.",
        "Practical: تطبيق 4: نفّذ مهمة عملية متعلقة بـ التسويق الرقمي.",
        "Practical: تطبيق 5: نفّذ مهمة عملية متعلقة بـ التسويق الرقمي.",
        "Practical: تطبيق 6: نفّذ مهمة عملية متعلقة بـ التسويق الرقمي.",
        "Practical: تطبيق 7: نفّذ مهمة عملية متعلقة بـ التسويق الرقمي.",
        "Practical: تطبيق 8: نفّذ مهمة عملية متعلقة بـ التسويق الرقمي.",
        "Practical: تطبيق 9: نفّذ مهمة عملية متعلقة بـ التسويق الرقمي.",
        "Practical: تطبيق 10: نفّذ مهمة عملية متعلقة بـ التسويق الرقمي."
      ],
      "description_en": "Practice-based skill. Improve through projects and feedback."
    },
    {
      "id": "6-02",
      "type": "soft",
      "name_ar": "كتابة الإعلانات",
      "name_en": "Copywriting",
      "description_ar": "كتابة الإعلانات مهارة قابلة للتعلم عبر الممارسة. ابدأ بالأساسيات ثم طبّق مشاريع صغيرة.",
      "applications_ar": [
        "تطبيق 1: نفّذ مهمة عملية متعلقة بـ كتابة الإعلانات.",
        "تطبيق 2: نفّذ مهمة عملية متعلقة بـ كتابة الإعلانات.",
        "تطبيق 3: نفّذ مهمة عملية متعلقة بـ كتابة الإعلانات.",
        "تطبيق 4: نفّذ مهمة عملية متعلقة بـ كتابة الإعلانات.",
        "تطبيق 5: نفّذ مهمة عملية متعلقة بـ كتابة الإعلانات.",
        "تطبيق 6: نفّذ مهمة عملية متعلقة بـ كتابة الإعلانات.",
        "تطبيق 7: نفّذ مهمة عملية متعلقة بـ كتابة الإعلانات.",
        "تطبيق 8: نفّذ مهمة عملية متعلقة بـ كتابة الإعلانات.",
        "تطبيق 9: نفّذ مهمة عملية متعلقة بـ كتابة الإعلانات.",
        "تطبيق 10: نفّذ مهمة عملية متعلقة بـ كتابة الإعلانات."
      ],
      "icon": "🤝",
      "applications_en": [
        "Practical: تطبيق 1: نفّذ مهمة عملية متعلقة بـ كتابة الإعلانات.",
        "Practical: تطبيق 2: نفّذ مهمة عملية متعلقة بـ كتابة الإعلانات.",
        "Practical: تطبيق 3: نفّذ مهمة عملية متعلقة بـ كتابة الإعلانات.",
        "Practical: تطبيق 4: نفّذ مهمة عملية متعلقة بـ كتابة الإعلانات.",
        "Practical: تطبيق 5: نفّذ مهمة عملية متعلقة بـ كتابة الإعلانات.",
        "Practical: تطبيق 6: نفّذ مهمة عملية متعلقة بـ كتابة الإعلانات.",
        "Practical: تطبيق 7: نفّذ مهمة عملية متعلقة بـ كتابة الإعلانات.",
        "Practical: تطبيق 8: نفّذ مهمة عملية متعلقة بـ كتابة الإعلانات.",
        "Practical: تطبيق 9: نفّذ مهمة عملية متعلقة بـ كتابة الإعلانات.",
        "Practical: تطبيق 10: نفّذ مهمة عملية متعلقة بـ كتابة الإعلانات."
      ],
      "description_en": "Practice-based skill. Improve through projects and feedback."
    },
    {
      "id": "6-03",
      "type": "soft",
      "name_ar": "تحليل السوق",
      "name_en": "Market Analysis",
      "description_ar": "تحليل السوق مهارة قابلة للتعلم عبر الممارسة. ابدأ بالأساسيات ثم طبّق مشاريع صغيرة.",
      "applications_ar": [
        "تطبيق 1: نفّذ مهمة عملية متعلقة بـ تحليل السوق.",
        "تطبيق 2: نفّذ مهمة عملية متعلقة بـ تحليل السوق.",
        "تطبيق 3: نفّذ مهمة عملية متعلقة بـ تحليل السوق.",
        "تطبيق 4: نفّذ مهمة عملية متعلقة بـ تحليل السوق.",
        "تطبيق 5: نفّذ مهمة عملية متعلقة بـ تحليل السوق.",
        "تطبيق 6: نفّذ مهمة عملية متعلقة بـ تحليل السوق.",
        "تطبيق 7: نفّذ مهمة عملية متعلقة بـ تحليل السوق.",
        "تطبيق 8: نفّذ مهمة عملية متعلقة بـ تحليل السوق.",
        "تطبيق 9: نفّذ مهمة عملية متعلقة بـ تحليل السوق.",
        "تطبيق 10: نفّذ مهمة عملية متعلقة بـ تحليل السوق."
      ],
      "icon": "🤝",
      "applications_en": [
        "Practical: تطبيق 1: نفّذ مهمة عملية متعلقة بـ تحليل السوق.",
        "Practical: تطبيق 2: نفّذ مهمة عملية متعلقة بـ تحليل السوق.",
        "Practical: تطبيق 3: نفّذ مهمة عملية متعلقة بـ تحليل السوق.",
        "Practical: تطبيق 4: نفّذ مهمة عملية متعلقة بـ تحليل السوق.",
        "Practical: تطبيق 5: نفّذ مهمة عملية متعلقة بـ تحليل السوق.",
        "Practical: تطبيق 6: نفّذ مهمة عملية متعلقة بـ تحليل السوق.",
        "Practical: تطبيق 7: نفّذ مهمة عملية متعلقة بـ تحليل السوق.",
        "Practical: تطبيق 8: نفّذ مهمة عملية متعلقة بـ تحليل السوق.",
        "Practical: تطبيق 9: نفّذ مهمة عملية متعلقة بـ تحليل السوق.",
        "Practical: تطبيق 10: نفّذ مهمة عملية متعلقة بـ تحليل السوق."
      ],
      "description_en": "Practice-based skill. Improve through projects and feedback."
    },
    {
      "id": "6-04",
      "type": "soft",
      "name_ar": "SEO",
      "name_en": "SEO",
      "description_ar": "SEO مهارة قابلة للتعلم عبر الممارسة. ابدأ بالأساسيات ثم طبّق مشاريع صغيرة.",
      "applications_ar": [
        "تطبيق 1: نفّذ مهمة عملية متعلقة بـ SEO.",
        "تطبيق 2: نفّذ مهمة عملية متعلقة بـ SEO.",
        "تطبيق 3: نفّذ مهمة عملية متعلقة بـ SEO.",
        "تطبيق 4: نفّذ مهمة عملية متعلقة بـ SEO.",
        "تطبيق 5: نفّذ مهمة عملية متعلقة بـ SEO.",
        "تطبيق 6: نفّذ مهمة عملية متعلقة بـ SEO.",
        "تطبيق 7: نفّذ مهمة عملية متعلقة بـ SEO.",
        "تطبيق 8: نفّذ مهمة عملية متعلقة بـ SEO.",
        "تطبيق 9: نفّذ مهمة عملية متعلقة بـ SEO.",
        "تطبيق 10: نفّذ مهمة عملية متعلقة بـ SEO."
      ],
      "icon": "🤝",
      "applications_en": [
        "Practical: تطبيق 1: نفّذ مهمة عملية متعلقة بـ SEO.",
        "Practical: تطبيق 2: نفّذ مهمة عملية متعلقة بـ SEO.",
        "Practical: تطبيق 3: نفّذ مهمة عملية متعلقة بـ SEO.",
        "Practical: تطبيق 4: نفّذ مهمة عملية متعلقة بـ SEO.",
        "Practical: تطبيق 5: نفّذ مهمة عملية متعلقة بـ SEO.",
        "Practical: تطبيق 6: نفّذ مهمة عملية متعلقة بـ SEO.",
        "Practical: تطبيق 7: نفّذ مهمة عملية متعلقة بـ SEO.",
        "Practical: تطبيق 8: نفّذ مهمة عملية متعلقة بـ SEO.",
        "Practical: تطبيق 9: نفّذ مهمة عملية متعلقة بـ SEO.",
        "Practical: تطبيق 10: نفّذ مهمة عملية متعلقة بـ SEO."
      ],
      "description_en": "Practice-based skill. Improve through projects and feedback."
    },
    {
      "id": "6-05",
      "type": "soft",
      "name_ar": "التسويق عبر وسائل التواصل",
      "name_en": "Social Media Marketing",
      "description_ar": "التسويق عبر وسائل التواصل مهارة قابلة للتعلم عبر الممارسة. ابدأ بالأساسيات ثم طبّق مشاريع صغيرة.",
      "applications_ar": [
        "تطبيق 1: نفّذ مهمة عملية متعلقة بـ التسويق عبر وسائل التواصل.",
        "تطبيق 2: نفّذ مهمة عملية متعلقة بـ التسويق عبر وسائل التواصل.",
        "تطبيق 3: نفّذ مهمة عملية متعلقة بـ التسويق عبر وسائل التواصل.",
        "تطبيق 4: نفّذ مهمة عملية متعلقة بـ التسويق عبر وسائل التواصل.",
        "تطبيق 5: نفّذ مهمة عملية متعلقة بـ التسويق عبر وسائل التواصل.",
        "تطبيق 6: نفّذ مهمة عملية متعلقة بـ التسويق عبر وسائل التواصل.",
        "تطبيق 7: نفّذ مهمة عملية متعلقة بـ التسويق عبر وسائل التواصل.",
        "تطبيق 8: نفّذ مهمة عملية متعلقة بـ التسويق عبر وسائل التواصل.",
        "تطبيق 9: نفّذ مهمة عملية متعلقة بـ التسويق عبر وسائل التواصل.",
        "تطبيق 10: نفّذ مهمة عملية متعلقة بـ التسويق عبر وسائل التواصل."
      ],
      "icon": "🤝",
      "applications_en": [
        "Practical: تطبيق 1: نفّذ مهمة عملية متعلقة بـ التسويق عبر وسائل التواصل.",
        "Practical: تطبيق 2: نفّذ مهمة عملية متعلقة بـ التسويق عبر وسائل التواصل.",
        "Practical: تطبيق 3: نفّذ مهمة عملية متعلقة بـ التسويق عبر وسائل التواصل.",
        "Practical: تطبيق 4: نفّذ مهمة عملية متعلقة بـ التسويق عبر وسائل التواصل.",
        "Practical: تطبيق 5: نفّذ مهمة عملية متعلقة بـ التسويق عبر وسائل التواصل.",
        "Practical: تطبيق 6: نفّذ مهمة عملية متعلقة بـ التسويق عبر وسائل التواصل.",
        "Practical: تطبيق 7: نفّذ مهمة عملية متعلقة بـ التسويق عبر وسائل التواصل.",
        "Practical: تطبيق 8: نفّذ مهمة عملية متعلقة بـ التسويق عبر وسائل التواصل.",
        "Practical: تطبيق 9: نفّذ مهمة عملية متعلقة بـ التسويق عبر وسائل التواصل.",
        "Practical: تطبيق 10: نفّذ مهمة عملية متعلقة بـ التسويق عبر وسائل التواصل."
      ],
      "description_en": "Practice-based skill. Improve through projects and feedback."
    },
    {
      "id": "6-06",
      "type": "soft",
      "name_ar": "استراتيجية المحتوى",
      "name_en": "Skill",
      "description_ar": "استراتيجية المحتوى مهارة قابلة للتعلم عبر الممارسة. ابدأ بالأساسيات ثم طبّق مشاريع صغيرة.",
      "applications_ar": [
        "تطبيق 1: نفّذ مهمة عملية متعلقة بـ استراتيجية المحتوى.",
        "تطبيق 2: نفّذ مهمة عملية متعلقة بـ استراتيجية المحتوى.",
        "تطبيق 3: نفّذ مهمة عملية متعلقة بـ استراتيجية المحتوى.",
        "تطبيق 4: نفّذ مهمة عملية متعلقة بـ استراتيجية المحتوى.",
        "تطبيق 5: نفّذ مهمة عملية متعلقة بـ استراتيجية المحتوى.",
        "تطبيق 6: نفّذ مهمة عملية متعلقة بـ استراتيجية المحتوى.",
        "تطبيق 7: نفّذ مهمة عملية متعلقة بـ استراتيجية المحتوى.",
        "تطبيق 8: نفّذ مهمة عملية متعلقة بـ استراتيجية المحتوى.",
        "تطبيق 9: نفّذ مهمة عملية متعلقة بـ استراتيجية المحتوى.",
        "تطبيق 10: نفّذ مهمة عملية متعلقة بـ استراتيجية المحتوى."
      ],
      "icon": "🤝",
      "applications_en": [
        "Practical: تطبيق 1: نفّذ مهمة عملية متعلقة بـ استراتيجية المحتوى.",
        "Practical: تطبيق 2: نفّذ مهمة عملية متعلقة بـ استراتيجية المحتوى.",
        "Practical: تطبيق 3: نفّذ مهمة عملية متعلقة بـ استراتيجية المحتوى.",
        "Practical: تطبيق 4: نفّذ مهمة عملية متعلقة بـ استراتيجية المحتوى.",
        "Practical: تطبيق 5: نفّذ مهمة عملية متعلقة بـ استراتيجية المحتوى.",
        "Practical: تطبيق 6: نفّذ مهمة عملية متعلقة بـ استراتيجية المحتوى.",
        "Practical: تطبيق 7: نفّذ مهمة عملية متعلقة بـ استراتيجية المحتوى.",
        "Practical: تطبيق 8: نفّذ مهمة عملية متعلقة بـ استراتيجية المحتوى.",
        "Practical: تطبيق 9: نفّذ مهمة عملية متعلقة بـ استراتيجية المحتوى.",
        "Practical: تطبيق 10: نفّذ مهمة عملية متعلقة بـ استراتيجية المحتوى."
      ],
      "description_en": "Practice-based skill. Improve through projects and feedback."
    },
    {
      "id": "6-07",
      "type": "soft",
      "name_ar": "بناء العلامة التجارية",
      "name_en": "Skill",
      "description_ar": "بناء العلامة التجارية مهارة قابلة للتعلم عبر الممارسة. ابدأ بالأساسيات ثم طبّق مشاريع صغيرة.",
      "applications_ar": [
        "تطبيق 1: نفّذ مهمة عملية متعلقة بـ بناء العلامة التجارية.",
        "تطبيق 2: نفّذ مهمة عملية متعلقة بـ بناء العلامة التجارية.",
        "تطبيق 3: نفّذ مهمة عملية متعلقة بـ بناء العلامة التجارية.",
        "تطبيق 4: نفّذ مهمة عملية متعلقة بـ بناء العلامة التجارية.",
        "تطبيق 5: نفّذ مهمة عملية متعلقة بـ بناء العلامة التجارية.",
        "تطبيق 6: نفّذ مهمة عملية متعلقة بـ بناء العلامة التجارية.",
        "تطبيق 7: نفّذ مهمة عملية متعلقة بـ بناء العلامة التجارية.",
        "تطبيق 8: نفّذ مهمة عملية متعلقة بـ بناء العلامة التجارية.",
        "تطبيق 9: نفّذ مهمة عملية متعلقة بـ بناء العلامة التجارية.",
        "تطبيق 10: نفّذ مهمة عملية متعلقة بـ بناء العلامة التجارية."
      ],
      "icon": "🤝",
      "applications_en": [
        "Practical: تطبيق 1: نفّذ مهمة عملية متعلقة بـ بناء العلامة التجارية.",
        "Practical: تطبيق 2: نفّذ مهمة عملية متعلقة بـ بناء العلامة التجارية.",
        "Practical: تطبيق 3: نفّذ مهمة عملية متعلقة بـ بناء العلامة التجارية.",
        "Practical: تطبيق 4: نفّذ مهمة عملية متعلقة بـ بناء العلامة التجارية.",
        "Practical: تطبيق 5: نفّذ مهمة عملية متعلقة بـ بناء العلامة التجارية.",
        "Practical: تطبيق 6: نفّذ مهمة عملية متعلقة بـ بناء العلامة التجارية.",
        "Practical: تطبيق 7: نفّذ مهمة عملية متعلقة بـ بناء العلامة التجارية.",
        "Practical: تطبيق 8: نفّذ مهمة عملية متعلقة بـ بناء العلامة التجارية.",
        "Practical: تطبيق 9: نفّذ مهمة عملية متعلقة بـ بناء العلامة التجارية.",
        "Practical: تطبيق 10: نفّذ مهمة عملية متعلقة بـ بناء العلامة التجارية."
      ],
      "description_en": "Practice-based skill. Improve through projects and feedback."
    },
    {
      "id": "6-08",
      "type": "soft",
      "name_ar": "الإعلانات المدفوعة",
      "name_en": "Skill",
      "description_ar": "الإعلانات المدفوعة مهارة قابلة للتعلم عبر الممارسة. ابدأ بالأساسيات ثم طبّق مشاريع صغيرة.",
      "applications_ar": [
        "تطبيق 1: نفّذ مهمة عملية متعلقة بـ الإعلانات المدفوعة.",
        "تطبيق 2: نفّذ مهمة عملية متعلقة بـ الإعلانات المدفوعة.",
        "تطبيق 3: نفّذ مهمة عملية متعلقة بـ الإعلانات المدفوعة.",
        "تطبيق 4: نفّذ مهمة عملية متعلقة بـ الإعلانات المدفوعة.",
        "تطبيق 5: نفّذ مهمة عملية متعلقة بـ الإعلانات المدفوعة.",
        "تطبيق 6: نفّذ مهمة عملية متعلقة بـ الإعلانات المدفوعة.",
        "تطبيق 7: نفّذ مهمة عملية متعلقة بـ الإعلانات المدفوعة.",
        "تطبيق 8: نفّذ مهمة عملية متعلقة بـ الإعلانات المدفوعة.",
        "تطبيق 9: نفّذ مهمة عملية متعلقة بـ الإعلانات المدفوعة.",
        "تطبيق 10: نفّذ مهمة عملية متعلقة بـ الإعلانات المدفوعة."
      ],
      "icon": "🤝",
      "applications_en": [
        "Practical: تطبيق 1: نفّذ مهمة عملية متعلقة بـ الإعلانات المدفوعة.",
        "Practical: تطبيق 2: نفّذ مهمة عملية متعلقة بـ الإعلانات المدفوعة.",
        "Practical: تطبيق 3: نفّذ مهمة عملية متعلقة بـ الإعلانات المدفوعة.",
        "Practical: تطبيق 4: نفّذ مهمة عملية متعلقة بـ الإعلانات المدفوعة.",
        "Practical: تطبيق 5: نفّذ مهمة عملية متعلقة بـ الإعلانات المدفوعة.",
        "Practical: تطبيق 6: نفّذ مهمة عملية متعلقة بـ الإعلانات المدفوعة.",
        "Practical: تطبيق 7: نفّذ مهمة عملية متعلقة بـ الإعلانات المدفوعة.",
        "Practical: تطبيق 8: نفّذ مهمة عملية متعلقة بـ الإعلانات المدفوعة.",
        "Practical: تطبيق 9: نفّذ مهمة عملية متعلقة بـ الإعلانات المدفوعة.",
        "Practical: تطبيق 10: نفّذ مهمة عملية متعلقة بـ الإعلانات المدفوعة."
      ],
      "description_en": "Practice-based skill. Improve through projects and feedback."
    },
    {
      "id": "6-09",
      "type": "soft",
      "name_ar": "التسويق بالبريد",
      "name_en": "Skill",
      "description_ar": "التسويق بالبريد مهارة قابلة للتعلم عبر الممارسة. ابدأ بالأساسيات ثم طبّق مشاريع صغيرة.",
      "applications_ar": [
        "تطبيق 1: نفّذ مهمة عملية متعلقة بـ التسويق بالبريد.",
        "تطبيق 2: نفّذ مهمة عملية متعلقة بـ التسويق بالبريد.",
        "تطبيق 3: نفّذ مهمة عملية متعلقة بـ التسويق بالبريد.",
        "تطبيق 4: نفّذ مهمة عملية متعلقة بـ التسويق بالبريد.",
        "تطبيق 5: نفّذ مهمة عملية متعلقة بـ التسويق بالبريد.",
        "تطبيق 6: نفّذ مهمة عملية متعلقة بـ التسويق بالبريد.",
        "تطبيق 7: نفّذ مهمة عملية متعلقة بـ التسويق بالبريد.",
        "تطبيق 8: نفّذ مهمة عملية متعلقة بـ التسويق بالبريد.",
        "تطبيق 9: نفّذ مهمة عملية متعلقة بـ التسويق بالبريد.",
        "تطبيق 10: نفّذ مهمة عملية متعلقة بـ التسويق بالبريد."
      ],
      "icon": "🤝",
      "applications_en": [
        "Practical: تطبيق 1: نفّذ مهمة عملية متعلقة بـ التسويق بالبريد.",
        "Practical: تطبيق 2: نفّذ مهمة عملية متعلقة بـ التسويق بالبريد.",
        "Practical: تطبيق 3: نفّذ مهمة عملية متعلقة بـ التسويق بالبريد.",
        "Practical: تطبيق 4: نفّذ مهمة عملية متعلقة بـ التسويق بالبريد.",
        "Practical: تطبيق 5: نفّذ مهمة عملية متعلقة بـ التسويق بالبريد.",
        "Practical: تطبيق 6: نفّذ مهمة عملية متعلقة بـ التسويق بالبريد.",
        "Practical: تطبيق 7: نفّذ مهمة عملية متعلقة بـ التسويق بالبريد.",
        "Practical: تطبيق 8: نفّذ مهمة عملية متعلقة بـ التسويق بالبريد.",
        "Practical: تطبيق 9: نفّذ مهمة عملية متعلقة بـ التسويق بالبريد.",
        "Practical: تطبيق 10: نفّذ مهمة عملية متعلقة بـ التسويق بالبريد."
      ],
      "description_en": "Practice-based skill. Improve through projects and feedback."
    },
    {
      "id": "6-10",
      "type": "soft",
      "name_ar": "التسويق بالعلاقات",
      "name_en": "Skill",
      "description_ar": "التسويق بالعلاقات مهارة قابلة للتعلم عبر الممارسة. ابدأ بالأساسيات ثم طبّق مشاريع صغيرة.",
      "applications_ar": [
        "تطبيق 1: نفّذ مهمة عملية متعلقة بـ التسويق بالعلاقات.",
        "تطبيق 2: نفّذ مهمة عملية متعلقة بـ التسويق بالعلاقات.",
        "تطبيق 3: نفّذ مهمة عملية متعلقة بـ التسويق بالعلاقات.",
        "تطبيق 4: نفّذ مهمة عملية متعلقة بـ التسويق بالعلاقات.",
        "تطبيق 5: نفّذ مهمة عملية متعلقة بـ التسويق بالعلاقات.",
        "تطبيق 6: نفّذ مهمة عملية متعلقة بـ التسويق بالعلاقات.",
        "تطبيق 7: نفّذ مهمة عملية متعلقة بـ التسويق بالعلاقات.",
        "تطبيق 8: نفّذ مهمة عملية متعلقة بـ التسويق بالعلاقات.",
        "تطبيق 9: نفّذ مهمة عملية متعلقة بـ التسويق بالعلاقات.",
        "تطبيق 10: نفّذ مهمة عملية متعلقة بـ التسويق بالعلاقات."
      ],
      "icon": "🤝",
      "applications_en": [
        "Practical: تطبيق 1: نفّذ مهمة عملية متعلقة بـ التسويق بالعلاقات.",
        "Practical: تطبيق 2: نفّذ مهمة عملية متعلقة بـ التسويق بالعلاقات.",
        "Practical: تطبيق 3: نفّذ مهمة عملية متعلقة بـ التسويق بالعلاقات.",
        "Practical: تطبيق 4: نفّذ مهمة عملية متعلقة بـ التسويق بالعلاقات.",
        "Practical: تطبيق 5: نفّذ مهمة عملية متعلقة بـ التسويق بالعلاقات.",
        "Practical: تطبيق 6: نفّذ مهمة عملية متعلقة بـ التسويق بالعلاقات.",
        "Practical: تطبيق 7: نفّذ مهمة عملية متعلقة بـ التسويق بالعلاقات.",
        "Practical: تطبيق 8: نفّذ مهمة عملية متعلقة بـ التسويق بالعلاقات.",
        "Practical: تطبيق 9: نفّذ مهمة عملية متعلقة بـ التسويق بالعلاقات.",
        "Practical: تطبيق 10: نفّذ مهمة عملية متعلقة بـ التسويق بالعلاقات."
      ],
      "description_en": "Practice-based skill. Improve through projects and feedback."
    },
    {
      "id": "6-11",
      "type": "soft",
      "name_ar": "تحليل الحملة",
      "name_en": "Skill",
      "description_ar": "تحليل الحملة مهارة قابلة للتعلم عبر الممارسة. ابدأ بالأساسيات ثم طبّق مشاريع صغيرة.",
      "applications_ar": [
        "تطبيق 1: نفّذ مهمة عملية متعلقة بـ تحليل الحملة.",
        "تطبيق 2: نفّذ مهمة عملية متعلقة بـ تحليل الحملة.",
        "تطبيق 3: نفّذ مهمة عملية متعلقة بـ تحليل الحملة.",
        "تطبيق 4: نفّذ مهمة عملية متعلقة بـ تحليل الحملة.",
        "تطبيق 5: نفّذ مهمة عملية متعلقة بـ تحليل الحملة.",
        "تطبيق 6: نفّذ مهمة عملية متعلقة بـ تحليل الحملة.",
        "تطبيق 7: نفّذ مهمة عملية متعلقة بـ تحليل الحملة.",
        "تطبيق 8: نفّذ مهمة عملية متعلقة بـ تحليل الحملة.",
        "تطبيق 9: نفّذ مهمة عملية متعلقة بـ تحليل الحملة.",
        "تطبيق 10: نفّذ مهمة عملية متعلقة بـ تحليل الحملة."
      ],
      "icon": "🤝",
      "applications_en": [
        "Practical: تطبيق 1: نفّذ مهمة عملية متعلقة بـ تحليل الحملة.",
        "Practical: تطبيق 2: نفّذ مهمة عملية متعلقة بـ تحليل الحملة.",
        "Practical: تطبيق 3: نفّذ مهمة عملية متعلقة بـ تحليل الحملة.",
        "Practical: تطبيق 4: نفّذ مهمة عملية متعلقة بـ تحليل الحملة.",
        "Practical: تطبيق 5: نفّذ مهمة عملية متعلقة بـ تحليل الحملة.",
        "Practical: تطبيق 6: نفّذ مهمة عملية متعلقة بـ تحليل الحملة.",
        "Practical: تطبيق 7: نفّذ مهمة عملية متعلقة بـ تحليل الحملة.",
        "Practical: تطبيق 8: نفّذ مهمة عملية متعلقة بـ تحليل الحملة.",
        "Practical: تطبيق 9: نفّذ مهمة عملية متعلقة بـ تحليل الحملة.",
        "Practical: تطبيق 10: نفّذ مهمة عملية متعلقة بـ تحليل الحملة."
      ],
      "description_en": "Practice-based skill. Improve through projects and feedback."
    },
    {
      "id": "6-12",
      "type": "soft",
      "name_ar": "تصميم الحملات",
      "name_en": "Skill",
      "description_ar": "تصميم الحملات مهارة قابلة للتعلم عبر الممارسة. ابدأ بالأساسيات ثم طبّق مشاريع صغيرة.",
      "applications_ar": [
        "تطبيق 1: نفّذ مهمة عملية متعلقة بـ تصميم الحملات.",
        "تطبيق 2: نفّذ مهمة عملية متعلقة بـ تصميم الحملات.",
        "تطبيق 3: نفّذ مهمة عملية متعلقة بـ تصميم الحملات.",
        "تطبيق 4: نفّذ مهمة عملية متعلقة بـ تصميم الحملات.",
        "تطبيق 5: نفّذ مهمة عملية متعلقة بـ تصميم الحملات.",
        "تطبيق 6: نفّذ مهمة عملية متعلقة بـ تصميم الحملات.",
        "تطبيق 7: نفّذ مهمة عملية متعلقة بـ تصميم الحملات.",
        "تطبيق 8: نفّذ مهمة عملية متعلقة بـ تصميم الحملات.",
        "تطبيق 9: نفّذ مهمة عملية متعلقة بـ تصميم الحملات.",
        "تطبيق 10: نفّذ مهمة عملية متعلقة بـ تصميم الحملات."
      ],
      "icon": "🤝",
      "applications_en": [
        "Practical: تطبيق 1: نفّذ مهمة عملية متعلقة بـ تصميم الحملات.",
        "Practical: تطبيق 2: نفّذ مهمة عملية متعلقة بـ تصميم الحملات.",
        "Practical: تطبيق 3: نفّذ مهمة عملية متعلقة بـ تصميم الحملات.",
        "Practical: تطبيق 4: نفّذ مهمة عملية متعلقة بـ تصميم الحملات.",
        "Practical: تطبيق 5: نفّذ مهمة عملية متعلقة بـ تصميم الحملات.",
        "Practical: تطبيق 6: نفّذ مهمة عملية متعلقة بـ تصميم الحملات.",
        "Practical: تطبيق 7: نفّذ مهمة عملية متعلقة بـ تصميم الحملات.",
        "Practical: تطبيق 8: نفّذ مهمة عملية متعلقة بـ تصميم الحملات.",
        "Practical: تطبيق 9: نفّذ مهمة عملية متعلقة بـ تصميم الحملات.",
        "Practical: تطبيق 10: نفّذ مهمة عملية متعلقة بـ تصميم الحملات."
      ],
      "description_en": "Practice-based skill. Improve through projects and feedback."
    },
    {
      "id": "6-13",
      "type": "soft",
      "name_ar": "أبحاث الجمهور",
      "name_en": "Skill",
      "description_ar": "أبحاث الجمهور مهارة قابلة للتعلم عبر الممارسة. ابدأ بالأساسيات ثم طبّق مشاريع صغيرة.",
      "applications_ar": [
        "تطبيق 1: نفّذ مهمة عملية متعلقة بـ أبحاث الجمهور.",
        "تطبيق 2: نفّذ مهمة عملية متعلقة بـ أبحاث الجمهور.",
        "تطبيق 3: نفّذ مهمة عملية متعلقة بـ أبحاث الجمهور.",
        "تطبيق 4: نفّذ مهمة عملية متعلقة بـ أبحاث الجمهور.",
        "تطبيق 5: نفّذ مهمة عملية متعلقة بـ أبحاث الجمهور.",
        "تطبيق 6: نفّذ مهمة عملية متعلقة بـ أبحاث الجمهور.",
        "تطبيق 7: نفّذ مهمة عملية متعلقة بـ أبحاث الجمهور.",
        "تطبيق 8: نفّذ مهمة عملية متعلقة بـ أبحاث الجمهور.",
        "تطبيق 9: نفّذ مهمة عملية متعلقة بـ أبحاث الجمهور.",
        "تطبيق 10: نفّذ مهمة عملية متعلقة بـ أبحاث الجمهور."
      ],
      "icon": "🤝",
      "applications_en": [
        "Practical: تطبيق 1: نفّذ مهمة عملية متعلقة بـ أبحاث الجمهور.",
        "Practical: تطبيق 2: نفّذ مهمة عملية متعلقة بـ أبحاث الجمهور.",
        "Practical: تطبيق 3: نفّذ مهمة عملية متعلقة بـ أبحاث الجمهور.",
        "Practical: تطبيق 4: نفّذ مهمة عملية متعلقة بـ أبحاث الجمهور.",
        "Practical: تطبيق 5: نفّذ مهمة عملية متعلقة بـ أبحاث الجمهور.",
        "Practical: تطبيق 6: نفّذ مهمة عملية متعلقة بـ أبحاث الجمهور.",
        "Practical: تطبيق 7: نفّذ مهمة عملية متعلقة بـ أبحاث الجمهور.",
        "Practical: تطبيق 8: نفّذ مهمة عملية متعلقة بـ أبحاث الجمهور.",
        "Practical: تطبيق 9: نفّذ مهمة عملية متعلقة بـ أبحاث الجمهور.",
        "Practical: تطبيق 10: نفّذ مهمة عملية متعلقة بـ أبحاث الجمهور."
      ],
      "description_en": "Practice-based skill. Improve through projects and feedback."
    },
    {
      "id": "6-14",
      "type": "soft",
      "name_ar": "تسويق المؤثرين",
      "name_en": "Skill",
      "description_ar": "تسويق المؤثرين مهارة قابلة للتعلم عبر الممارسة. ابدأ بالأساسيات ثم طبّق مشاريع صغيرة.",
      "applications_ar": [
        "تطبيق 1: نفّذ مهمة عملية متعلقة بـ تسويق المؤثرين.",
        "تطبيق 2: نفّذ مهمة عملية متعلقة بـ تسويق المؤثرين.",
        "تطبيق 3: نفّذ مهمة عملية متعلقة بـ تسويق المؤثرين.",
        "تطبيق 4: نفّذ مهمة عملية متعلقة بـ تسويق المؤثرين.",
        "تطبيق 5: نفّذ مهمة عملية متعلقة بـ تسويق المؤثرين.",
        "تطبيق 6: نفّذ مهمة عملية متعلقة بـ تسويق المؤثرين.",
        "تطبيق 7: نفّذ مهمة عملية متعلقة بـ تسويق المؤثرين.",
        "تطبيق 8: نفّذ مهمة عملية متعلقة بـ تسويق المؤثرين.",
        "تطبيق 9: نفّذ مهمة عملية متعلقة بـ تسويق المؤثرين.",
        "تطبيق 10: نفّذ مهمة عملية متعلقة بـ تسويق المؤثرين."
      ],
      "icon": "🤝",
      "applications_en": [
        "Practical: تطبيق 1: نفّذ مهمة عملية متعلقة بـ تسويق المؤثرين.",
        "Practical: تطبيق 2: نفّذ مهمة عملية متعلقة بـ تسويق المؤثرين.",
        "Practical: تطبيق 3: نفّذ مهمة عملية متعلقة بـ تسويق المؤثرين.",
        "Practical: تطبيق 4: نفّذ مهمة عملية متعلقة بـ تسويق المؤثرين.",
        "Practical: تطبيق 5: نفّذ مهمة عملية متعلقة بـ تسويق المؤثرين.",
        "Practical: تطبيق 6: نفّذ مهمة عملية متعلقة بـ تسويق المؤثرين.",
        "Practical: تطبيق 7: نفّذ مهمة عملية متعلقة بـ تسويق المؤثرين.",
        "Practical: تطبيق 8: نفّذ مهمة عملية متعلقة بـ تسويق المؤثرين.",
        "Practical: تطبيق 9: نفّذ مهمة عملية متعلقة بـ تسويق المؤثرين.",
        "Practical: تطبيق 10: نفّذ مهمة عملية متعلقة بـ تسويق المؤثرين."
      ],
      "description_en": "Practice-based skill. Improve through projects and feedback."
    },
    {
      "id": "6-15",
      "type": "soft",
      "name_ar": "استهداف الإعلانات",
      "name_en": "Skill",
      "description_ar": "استهداف الإعلانات مهارة قابلة للتعلم عبر الممارسة. ابدأ بالأساسيات ثم طبّق مشاريع صغيرة.",
      "applications_ar": [
        "تطبيق 1: نفّذ مهمة عملية متعلقة بـ استهداف الإعلانات.",
        "تطبيق 2: نفّذ مهمة عملية متعلقة بـ استهداف الإعلانات.",
        "تطبيق 3: نفّذ مهمة عملية متعلقة بـ استهداف الإعلانات.",
        "تطبيق 4: نفّذ مهمة عملية متعلقة بـ استهداف الإعلانات.",
        "تطبيق 5: نفّذ مهمة عملية متعلقة بـ استهداف الإعلانات.",
        "تطبيق 6: نفّذ مهمة عملية متعلقة بـ استهداف الإعلانات.",
        "تطبيق 7: نفّذ مهمة عملية متعلقة بـ استهداف الإعلانات.",
        "تطبيق 8: نفّذ مهمة عملية متعلقة بـ استهداف الإعلانات.",
        "تطبيق 9: نفّذ مهمة عملية متعلقة بـ استهداف الإعلانات.",
        "تطبيق 10: نفّذ مهمة عملية متعلقة بـ استهداف الإعلانات."
      ],
      "icon": "🤝",
      "applications_en": [
        "Practical: تطبيق 1: نفّذ مهمة عملية متعلقة بـ استهداف الإعلانات.",
        "Practical: تطبيق 2: نفّذ مهمة عملية متعلقة بـ استهداف الإعلانات.",
        "Practical: تطبيق 3: نفّذ مهمة عملية متعلقة بـ استهداف الإعلانات.",
        "Practical: تطبيق 4: نفّذ مهمة عملية متعلقة بـ استهداف الإعلانات.",
        "Practical: تطبيق 5: نفّذ مهمة عملية متعلقة بـ استهداف الإعلانات.",
        "Practical: تطبيق 6: نفّذ مهمة عملية متعلقة بـ استهداف الإعلانات.",
        "Practical: تطبيق 7: نفّذ مهمة عملية متعلقة بـ استهداف الإعلانات.",
        "Practical: تطبيق 8: نفّذ مهمة عملية متعلقة بـ استهداف الإعلانات.",
        "Practical: تطبيق 9: نفّذ مهمة عملية متعلقة بـ استهداف الإعلانات.",
        "Practical: تطبيق 10: نفّذ مهمة عملية متعلقة بـ استهداف الإعلانات."
      ],
      "description_en": "Practice-based skill. Improve through projects and feedback."
    },
    {
      "id": "6-16",
      "type": "soft",
      "name_ar": "تحسين التحويل",
      "name_en": "Skill",
      "description_ar": "تحسين التحويل مهارة قابلة للتعلم عبر الممارسة. ابدأ بالأساسيات ثم طبّق مشاريع صغيرة.",
      "applications_ar": [
        "تطبيق 1: نفّذ مهمة عملية متعلقة بـ تحسين التحويل.",
        "تطبيق 2: نفّذ مهمة عملية متعلقة بـ تحسين التحويل.",
        "تطبيق 3: نفّذ مهمة عملية متعلقة بـ تحسين التحويل.",
        "تطبيق 4: نفّذ مهمة عملية متعلقة بـ تحسين التحويل.",
        "تطبيق 5: نفّذ مهمة عملية متعلقة بـ تحسين التحويل.",
        "تطبيق 6: نفّذ مهمة عملية متعلقة بـ تحسين التحويل.",
        "تطبيق 7: نفّذ مهمة عملية متعلقة بـ تحسين التحويل.",
        "تطبيق 8: نفّذ مهمة عملية متعلقة بـ تحسين التحويل.",
        "تطبيق 9: نفّذ مهمة عملية متعلقة بـ تحسين التحويل.",
        "تطبيق 10: نفّذ مهمة عملية متعلقة بـ تحسين التحويل."
      ],
      "icon": "🤝",
      "applications_en": [
        "Practical: تطبيق 1: نفّذ مهمة عملية متعلقة بـ تحسين التحويل.",
        "Practical: تطبيق 2: نفّذ مهمة عملية متعلقة بـ تحسين التحويل.",
        "Practical: تطبيق 3: نفّذ مهمة عملية متعلقة بـ تحسين التحويل.",
        "Practical: تطبيق 4: نفّذ مهمة عملية متعلقة بـ تحسين التحويل.",
        "Practical: تطبيق 5: نفّذ مهمة عملية متعلقة بـ تحسين التحويل.",
        "Practical: تطبيق 6: نفّذ مهمة عملية متعلقة بـ تحسين التحويل.",
        "Practical: تطبيق 7: نفّذ مهمة عملية متعلقة بـ تحسين التحويل.",
        "Practical: تطبيق 8: نفّذ مهمة عملية متعلقة بـ تحسين التحويل.",
        "Practical: تطبيق 9: نفّذ مهمة عملية متعلقة بـ تحسين التحويل.",
        "Practical: تطبيق 10: نفّذ مهمة عملية متعلقة بـ تحسين التحويل."
      ],
      "description_en": "Practice-based skill. Improve through projects and feedback."
    },
    {
      "id": "6-17",
      "type": "soft",
      "name_ar": "إدارة العملاء",
      "name_en": "Skill",
      "description_ar": "إدارة العملاء مهارة قابلة للتعلم عبر الممارسة. ابدأ بالأساسيات ثم طبّق مشاريع صغيرة.",
      "applications_ar": [
        "تطبيق 1: نفّذ مهمة عملية متعلقة بـ إدارة العملاء.",
        "تطبيق 2: نفّذ مهمة عملية متعلقة بـ إدارة العملاء.",
        "تطبيق 3: نفّذ مهمة عملية متعلقة بـ إدارة العملاء.",
        "تطبيق 4: نفّذ مهمة عملية متعلقة بـ إدارة العملاء.",
        "تطبيق 5: نفّذ مهمة عملية متعلقة بـ إدارة العملاء.",
        "تطبيق 6: نفّذ مهمة عملية متعلقة بـ إدارة العملاء.",
        "تطبيق 7: نفّذ مهمة عملية متعلقة بـ إدارة العملاء.",
        "تطبيق 8: نفّذ مهمة عملية متعلقة بـ إدارة العملاء.",
        "تطبيق 9: نفّذ مهمة عملية متعلقة بـ إدارة العملاء.",
        "تطبيق 10: نفّذ مهمة عملية متعلقة بـ إدارة العملاء."
      ],
      "icon": "🤝",
      "applications_en": [
        "Practical: تطبيق 1: نفّذ مهمة عملية متعلقة بـ إدارة العملاء.",
        "Practical: تطبيق 2: نفّذ مهمة عملية متعلقة بـ إدارة العملاء.",
        "Practical: تطبيق 3: نفّذ مهمة عملية متعلقة بـ إدارة العملاء.",
        "Practical: تطبيق 4: نفّذ مهمة عملية متعلقة بـ إدارة العملاء.",
        "Practical: تطبيق 5: نفّذ مهمة عملية متعلقة بـ إدارة العملاء.",
        "Practical: تطبيق 6: نفّذ مهمة عملية متعلقة بـ إدارة العملاء.",
        "Practical: تطبيق 7: نفّذ مهمة عملية متعلقة بـ إدارة العملاء.",
        "Practical: تطبيق 8: نفّذ مهمة عملية متعلقة بـ إدارة العملاء.",
        "Practical: تطبيق 9: نفّذ مهمة عملية متعلقة بـ إدارة العملاء.",
        "Practical: تطبيق 10: نفّذ مهمة عملية متعلقة بـ إدارة العملاء."
      ],
      "description_en": "Practice-based skill. Improve through projects and feedback."
    },
    {
      "id": "6-18",
      "type": "soft",
      "name_ar": "التجارة الإلكترونية",
      "name_en": "Skill",
      "description_ar": "التجارة الإلكترونية مهارة قابلة للتعلم عبر الممارسة. ابدأ بالأساسيات ثم طبّق مشاريع صغيرة.",
      "applications_ar": [
        "تطبيق 1: نفّذ مهمة عملية متعلقة بـ التجارة الإلكترونية.",
        "تطبيق 2: نفّذ مهمة عملية متعلقة بـ التجارة الإلكترونية.",
        "تطبيق 3: نفّذ مهمة عملية متعلقة بـ التجارة الإلكترونية.",
        "تطبيق 4: نفّذ مهمة عملية متعلقة بـ التجارة الإلكترونية.",
        "تطبيق 5: نفّذ مهمة عملية متعلقة بـ التجارة الإلكترونية.",
        "تطبيق 6: نفّذ مهمة عملية متعلقة بـ التجارة الإلكترونية.",
        "تطبيق 7: نفّذ مهمة عملية متعلقة بـ التجارة الإلكترونية.",
        "تطبيق 8: نفّذ مهمة عملية متعلقة بـ التجارة الإلكترونية.",
        "تطبيق 9: نفّذ مهمة عملية متعلقة بـ التجارة الإلكترونية.",
        "تطبيق 10: نفّذ مهمة عملية متعلقة بـ التجارة الإلكترونية."
      ],
      "icon": "🤝",
      "applications_en": [
        "Practical: تطبيق 1: نفّذ مهمة عملية متعلقة بـ التجارة الإلكترونية.",
        "Practical: تطبيق 2: نفّذ مهمة عملية متعلقة بـ التجارة الإلكترونية.",
        "Practical: تطبيق 3: نفّذ مهمة عملية متعلقة بـ التجارة الإلكترونية.",
        "Practical: تطبيق 4: نفّذ مهمة عملية متعلقة بـ التجارة الإلكترونية.",
        "Practical: تطبيق 5: نفّذ مهمة عملية متعلقة بـ التجارة الإلكترونية.",
        "Practical: تطبيق 6: نفّذ مهمة عملية متعلقة بـ التجارة الإلكترونية.",
        "Practical: تطبيق 7: نفّذ مهمة عملية متعلقة بـ التجارة الإلكترونية.",
        "Practical: تطبيق 8: نفّذ مهمة عملية متعلقة بـ التجارة الإلكترونية.",
        "Practical: تطبيق 9: نفّذ مهمة عملية متعلقة بـ التجارة الإلكترونية.",
        "Practical: تطبيق 10: نفّذ مهمة عملية متعلقة بـ التجارة الإلكترونية."
      ],
      "description_en": "Practice-based skill. Improve through projects and feedback."
    },
    {
      "id": "6-19",
      "type": "soft",
      "name_ar": "التسويق المحلي",
      "name_en": "Skill",
      "description_ar": "التسويق المحلي مهارة قابلة للتعلم عبر الممارسة. ابدأ بالأساسيات ثم طبّق مشاريع صغيرة.",
      "applications_ar": [
        "تطبيق 1: نفّذ مهمة عملية متعلقة بـ التسويق المحلي.",
        "تطبيق 2: نفّذ مهمة عملية متعلقة بـ التسويق المحلي.",
        "تطبيق 3: نفّذ مهمة عملية متعلقة بـ التسويق المحلي.",
        "تطبيق 4: نفّذ مهمة عملية متعلقة بـ التسويق المحلي.",
        "تطبيق 5: نفّذ مهمة عملية متعلقة بـ التسويق المحلي.",
        "تطبيق 6: نفّذ مهمة عملية متعلقة بـ التسويق المحلي.",
        "تطبيق 7: نفّذ مهمة عملية متعلقة بـ التسويق المحلي.",
        "تطبيق 8: نفّذ مهمة عملية متعلقة بـ التسويق المحلي.",
        "تطبيق 9: نفّذ مهمة عملية متعلقة بـ التسويق المحلي.",
        "تطبيق 10: نفّذ مهمة عملية متعلقة بـ التسويق المحلي."
      ],
      "icon": "🤝",
      "applications_en": [
        "Practical: تطبيق 1: نفّذ مهمة عملية متعلقة بـ التسويق المحلي.",
        "Practical: تطبيق 2: نفّذ مهمة عملية متعلقة بـ التسويق المحلي.",
        "Practical: تطبيق 3: نفّذ مهمة عملية متعلقة بـ التسويق المحلي.",
        "Practical: تطبيق 4: نفّذ مهمة عملية متعلقة بـ التسويق المحلي.",
        "Practical: تطبيق 5: نفّذ مهمة عملية متعلقة بـ التسويق المحلي.",
        "Practical: تطبيق 6: نفّذ مهمة عملية متعلقة بـ التسويق المحلي.",
        "Practical: تطبيق 7: نفّذ مهمة عملية متعلقة بـ التسويق المحلي.",
        "Practical: تطبيق 8: نفّذ مهمة عملية متعلقة بـ التسويق المحلي.",
        "Practical: تطبيق 9: نفّذ مهمة عملية متعلقة بـ التسويق المحلي.",
        "Practical: تطبيق 10: نفّذ مهمة عملية متعلقة بـ التسويق المحلي."
      ],
      "description_en": "Practice-based skill. Improve through projects and feedback."
    },
    {
      "id": "6-20",
      "type": "soft",
      "name_ar": "تحليل البيانات التسويقية",
      "name_en": "Skill Data Analysis",
      "description_ar": "تحليل البيانات التسويقية مهارة قابلة للتعلم عبر الممارسة. ابدأ بالأساسيات ثم طبّق مشاريع صغيرة.",
      "applications_ar": [
        "تطبيق 1: نفّذ مهمة عملية متعلقة بـ تحليل البيانات التسويقية.",
        "تطبيق 2: نفّذ مهمة عملية متعلقة بـ تحليل البيانات التسويقية.",
        "تطبيق 3: نفّذ مهمة عملية متعلقة بـ تحليل البيانات التسويقية.",
        "تطبيق 4: نفّذ مهمة عملية متعلقة بـ تحليل البيانات التسويقية.",
        "تطبيق 5: نفّذ مهمة عملية متعلقة بـ تحليل البيانات التسويقية.",
        "تطبيق 6: نفّذ مهمة عملية متعلقة بـ تحليل البيانات التسويقية.",
        "تطبيق 7: نفّذ مهمة عملية متعلقة بـ تحليل البيانات التسويقية.",
        "تطبيق 8: نفّذ مهمة عملية متعلقة بـ تحليل البيانات التسويقية.",
        "تطبيق 9: نفّذ مهمة عملية متعلقة بـ تحليل البيانات التسويقية.",
        "تطبيق 10: نفّذ مهمة عملية متعلقة بـ تحليل البيانات التسويقية."
      ],
      "icon": "🤝",
      "applications_en": [
        "Practical: تطبيق 1: نفّذ مهمة عملية متعلقة بـ تحليل البيانات التسويقية.",
        "Practical: تطبيق 2: نفّذ مهمة عملية متعلقة بـ تحليل البيانات التسويقية.",
        "Practical: تطبيق 3: نفّذ مهمة عملية متعلقة بـ تحليل البيانات التسويقية.",
        "Practical: تطبيق 4: نفّذ مهمة عملية متعلقة بـ تحليل البيانات التسويقية.",
        "Practical: تطبيق 5: نفّذ مهمة عملية متعلقة بـ تحليل البيانات التسويقية.",
        "Practical: تطبيق 6: نفّذ مهمة عملية متعلقة بـ تحليل البيانات التسويقية.",
        "Practical: تطبيق 7: نفّذ مهمة عملية متعلقة بـ تحليل البيانات التسويقية.",
        "Practical: تطبيق 8: نفّذ مهمة عملية متعلقة بـ تحليل البيانات التسويقية.",
        "Practical: تطبيق 9: نفّذ مهمة عملية متعلقة بـ تحليل البيانات التسويقية.",
        "Practical: تطبيق 10: نفّذ مهمة عملية متعلقة بـ تحليل البيانات التسويقية."
      ],
      "description_en": "Practice-based skill. Improve through projects and feedback."
    }
  ]
}