{
  "skills": [
    {
      "id": "7-01",
      "type": "soft",
      "name_ar": "اللغة الإنجليزية الأساسية",
      "name_en": "English Basics",
      "description_ar": "اللغة الإنجليزية الأساسية مهارة قابلة للتعلم عبر الممارسة. ابدأ بالأساسيات ثم طبّق مشاريع صغيرة.",
      "applications_ar": [
        "تطبيق 1: نفّذ مهمة عملية متعلقة بـ اللغة الإنجليزية الأساسية.",
        "تطبيق 2: نفّذ مهمة عملية متعلقة بـ اللغة الإنجليزية الأساسية.",
        "تطبيق 3: نفّذ مهمة عملية متعلقة بـ اللغة الإنجليزية الأساسية.",
        "تطبيق 4: نفّذ مهمة عملية متعلقة بـ اللغة الإنجليزية الأساسية.",
        "تطبيق 5: نفّذ مهمة عملية متعلقة بـ اللغة الإنجليزية الأساسية.",
        "تطبيق 6: نفّذ مهمة عملية متعلقة بـ اللغة الإنجليزية الأساسية.",
        "تطبيق 7: نفّذ مهمة عملية متعلقة بـ اللغة الإنجليزية الأساسية.",
        "تطبيق 8: نفّذ مهمة عملية متعلقة بـ اللغة الإنجليزية الأساسية.",
        "تطبيق 9: نفّذ مهمة عملية متعلقة بـ اللغة الإنجليزية الأساسية.",
        "تطبيق 10: نفّذ مهمة عملية متعلقة بـ اللغة الإنجليزية الأساسية."
      ],
      "icon": "🤝",
      "applications_en": [
        "Practical: تطبيق 1: نفّذ مهمة عملية متعلقة بـ اللغة الإنجليزية الأساسية.",
        "Practical: تطبيق 2: نفّذ مهمة عملية متعلقة بـ اللغة الإنجليزية الأساسية.",
        "Practical: تطبيق 3: نفّذ مهمة عملية متعلقة بـ اللغة الإنجليزية الأساسية.",
        "Practical: تطبيق 4: نفّذ مهمة عملية متعلقة بـ اللغة الإنجليزية الأساسية.",
        "Practical: تطبيق 5: نفّذ مهمة عملية متعلقة بـ اللغة الإنجليزية الأساسية.",
        "Practical: تطبيق 6: نفّذ مهمة عملية متعلقة بـ اللغة الإنجليزية الأساسية.",
        "Practical: تطبيق 7: نفّذ مهمة عملية متعلقة بـ اللغة الإنجليزية الأساسية.",
        "Practical: تطبيق 8: نفّذ مهمة عملية متعلقة بـ اللغة الإنجليزية الأساسية.",
        "Practical: تطبيق 9: نفّذ مهمة عملية متعلقة بـ اللغة الإنجليزية الأساسية.",
        "Practical: تطبيق 10: نفّذ مهمة عملية متعلقة بـ اللغة الإنجليزية الأساسية."
      ],
      "description_en": "Practice-based skill. Improve through projects and feedback."
    },
    {
      "id": "7-02",
      "type": "soft",
      "name_ar": "الفرنسية للمبتدئين",
      "name_en": "Skill",
      "description_ar": "الفرنسية للمبتدئين مهارة قابلة للتعلم عبر الممارسة. ابدأ بالأساسيات ثم طبّق مشاريع صغيرة.",
      "applications_ar": [
        "تطبيق 1: نفّذ مهمة عملية متعلقة بـ الفرنسية للمبتدئين.",
        "تطبيق 2: نفّذ مهمة عملية متعلقة بـ الفرنسية للمبتدئين.",
        "تطبيق 3: نفّذ مهمة عملية متعلقة بـ الفرنسية للمبتدئين.",
        "تطبيق 4: نفّذ مهمة عملية متعلقة بـ الفرنسية للمبتدئين.",
        "تطبيق 5: نفّذ مهمة عملية متعلقة بـ الفرنسية للمبتدئين.",
        "تطبيق 6: نفّذ مهمة عملية متعلقة بـ الفرنسية للمبتدئين.",
        "تطبيق 7: نفّذ مهمة عملية متعلقة بـ الفرنسية للمبتدئين.",
        "تطبيق 8: نفّذ مهمة عملية متعلقة بـ الفرنسية للمبتدئين.",
        "تطبيق 9: نفّذ مهمة عملية متعلقة بـ الفرنسية للمبتدئين.",
        "تطبيق 10: نفّذ مهمة عملية متعلقة بـ الفرنسية للمبتدئين."
      ],
      "icon": "🤝",
      "applications_en": [
        "Practical: تطبيق 1: نفّذ مهمة عملية متعلقة بـ الفرنسية للمبتدئين.",
        "Practical: تطبيق 2: نفّذ مهمة عملية متعلقة بـ الفرنسية للمبتدئين.",
        "Practical: تطبيق 3: نفّذ مهمة عملية متعلقة بـ الفرنسية للمبتدئين.",
        "Practical: تطبيق 4: نفّذ مهمة عملية متعلقة بـ الفرنسية للمبتدئين.",
        "Practical: تطبيق 5: نفّذ مهمة عملية متعلقة بـ الفرنسية للمبتدئين.",
        "Practical: تطبيق 6: نفّذ مهمة عملية متعلقة بـ الفرنسية للمبتدئين.",
        "Practical: تطبيق 7: نفّذ مهمة عملية متعلقة بـ الفرنسية للمبتدئين.",
        "Practical: تطبيق 8: نفّذ مهمة عملية متعلقة بـ الفرنسية للمبتدئين.",
        "Practical: تطبيق 9: نفّذ مهمة عملية متعلقة بـ الفرنسية للمبتدئين.",
        "Practical: تطبيق 10: نفّذ مهمة عملية متعلقة بـ الفرنسية للمبتدئين."
      ],
      "description_en": "Practice-based skill. Improve through projects and feedback."
    },
    {
      "id": "7-03",
      "type": "soft",
      "name_ar": "الكتابة الأكاديمية",
      "name_en": "Skill",
      "description_ar": "الكتابة الأكاديمية مهارة قابلة للتعلم عبر الممارسة. ابدأ بالأساسيات ثم طبّق مشاريع صغيرة.",
      "applications_ar": [
        "تطبيق 1: نفّذ مهمة عملية متعلقة بـ الكتابة الأكاديمية.",
        "تطبيق 2: نفّذ مهمة عملية متعلقة بـ الكتابة الأكاديمية.",
        "تطبيق 3: نفّذ مهمة عملية متعلقة بـ الكتابة الأكاديمية.",
        "تطبيق 4: نفّذ مهمة عملية متعلقة بـ الكتابة الأكاديمية.",
        "تطبيق 5: نفّذ مهمة عملية متعلقة بـ الكتابة الأكاديمية.",
        "تطبيق 6: نفّذ مهمة عملية متعلقة بـ الكتابة الأكاديمية.",
        "تطبيق 7: نفّذ مهمة عملية متعلقة بـ الكتابة الأكاديمية.",
        "تطبيق 8: نفّذ مهمة عملية متعلقة بـ الكتابة الأكاديمية.",
        "تطبيق 9: نفّذ مهمة عملية متعلقة بـ الكتابة الأكاديمية.",
        "تطبيق 10: نفّذ مهمة عملية متعلقة بـ الكتابة الأكاديمية."
      ],
      "icon": "🤝",
      "applications_en": [
        "Practical: تطبيق 1: نفّذ مهمة عملية متعلقة بـ الكتابة الأكاديمية.",
        "Practical: تطبيق 2: نفّذ مهمة عملية متعلقة بـ الكتابة الأكاديمية.",
        "Practical: تطبيق 3: نفّذ مهمة عملية متعلقة بـ الكتابة الأكاديمية.",
        "Practical: تطبيق 4: نفّذ مهمة عملية متعلقة بـ الكتابة الأكاديمية.",
        "Practical: تطبيق 5: نفّذ مهمة عملية متعلقة بـ الكتابة الأكاديمية.",
        "Practical: تطبيق 6: نفّذ مهمة عملية متعلقة بـ الكتابة الأكاديمية.",
        "Practical: تطبيق 7: نفّذ مهمة عملية متعلقة بـ الكتابة الأكاديمية.",
        "Practical: تطبيق 8: نفّذ مهمة عملية متعلقة بـ الكتابة الأكاديمية.",
        "Practical: تطبيق 9: نفّذ مهمة عملية متعلقة بـ الكتابة الأكاديمية.",
        "Practical: تطبيق 10: نفّذ مهمة عملية متعلقة بـ الكتابة الأكاديمية."
      ],
      "description_en": "Practice-based skill. Improve through projects and feedback."
    },
    {
      "id": "7-04",
      "type": "soft",
      "name_ar": "تراكيب اللغة",
      "name_en": "Skill",
      "description_ar": "تراكيب اللغة مهارة قابلة للتعلم عبر الممارسة. ابدأ بالأساسيات ثم طبّق مشاريع صغيرة.",
      "applications_ar": [
        "تطبيق 1: نفّذ مهمة عملية متعلقة بـ تراكيب اللغة.",
        "تطبيق 2: نفّذ مهمة عملية متعلقة بـ تراكيب اللغة.",
        "تطبيق 3: نفّذ مهمة عملية متعلقة بـ تراكيب اللغة.",
        "تطبيق 4: نفّذ مهمة عملية متعلقة بـ تراكيب اللغة.",
        "تطبيق 5: نفّذ مهمة عملية متعلقة بـ تراكيب اللغة.",
        "تطبيق 6: نفّذ مهمة عملية متعلقة بـ تراكيب اللغة.",
        "تطبيق 7: نفّذ مهمة عملية متعلقة بـ تراكيب اللغة.",
        "تطبيق 8: نفّذ مهمة عملية متعلقة بـ تراكيب اللغة.",
        "تطبيق 9: نفّذ مهمة عملية متعلقة بـ تراكيب اللغة.",
        "تطبيق 10: نفّذ مهمة عملية متعلقة بـ تراكيب اللغة."
      ],
      "icon": "🤝",
      "applications_en": [
        "Practical: تطبيق 1: نفّذ مهمة عملية متعلقة بـ تراكيب اللغة.",
        "Practical: تطبيق 2: نفّذ مهمة عملية متعلقة بـ تراكيب اللغة.",
        "Practical: تطبيق 3: نفّذ مهمة عملية متعلقة بـ تراكيب اللغة.",
        "Practical: تطبيق 4: نفّذ مهمة عملية متعلقة بـ تراكيب اللغة.",
        "Practical: تطبيق 5: نفّذ مهمة عملية متعلقة بـ تراكيب اللغة.",
        "Practical: تطبيق 6: نفّذ مهمة عملية متعلقة بـ تراكيب اللغة.",
        "Practical: تطبيق 7: نفّذ مهمة عملية متعلقة بـ تراكيب اللغة.",
        "Practical: تطبيق 8: نفّذ مهمة عملية متعلقة بـ تراكيب اللغة.",
        "Practical: تطبيق 9: نفّذ مهمة عملية متعلقة بـ تراكيب اللغة.",
        "Practical: تطبيق 10: نفّذ مهمة عملية متعلقة بـ تراكيب اللغة."
      ],
      "description_en": "Practice-based skill. Improve through projects and feedback."
    },
    {
      "id": "7-05",
      "type": "soft",
      "name_ar": "المفردات المتقدمة",
      "name_en": "Skill",
      "description_ar": "المفردات المتقدمة مهارة قابلة للتعلم عبر الممارسة. ابدأ بالأساسيات ثم طبّق مشاريع صغيرة.",
      "applications_ar": [
        "تطبيق 1: نفّذ مهمة عملية متعلقة بـ المفردات المتقدمة.",
        "تطبيق 2: نفّذ مهمة عملية متعلقة بـ المفردات المتقدمة.",
        "تطبيق 3: نفّذ مهمة عملية متعلقة بـ المفردات المتقدمة.",
        "تطبيق 4: نفّذ مهمة عملية متعلقة بـ المفردات المتقدمة.",
        "تطبيق 5: نفّذ مهمة عملية متعلقة بـ المفردات المتقدمة.",
        "تطبيق 6: نفّذ مهمة عملية متعلقة بـ المفردات المتقدمة.",
        "تطبيق 7: نفّذ مهمة عملية متعلقة بـ المفردات المتقدمة.",
        "تطبيق 8: نفّذ مهمة عملية متعلقة بـ المفردات المتقدمة.",
        "تطبيق 9: نفّذ مهمة عملية متعلقة بـ المفردات المتقدمة.",
        "تطبيق 10: نفّذ مهمة عملية متعلقة بـ المفردات المتقدمة."
      ],
      "icon": "🤝",
      "applications_en": [
        "Practical: تطبيق 1: نفّذ مهمة عملية متعلقة بـ المفردات المتقدمة.",
        "Practical: تطبيق 2: نفّذ مهمة عملية متعلقة بـ المفردات المتقدمة.",
        "Practical: تطبيق 3: نفّذ مهمة عملية متعلقة بـ المفردات المتقدمة.",
        "Practical: تطبيق 4: نفّذ مهمة عملية متعلقة بـ المفردات المتقدمة.",
        "Practical: تطبيق 5: نفّذ مهمة عملية متعلقة بـ المفردات المتقدمة.",
        "Practical: تطبيق 6: نفّذ مهمة عملية متعلقة بـ المفردات المتقدمة.",
        "Practical: تطبيق 7: نفّذ مهمة عملية متعلقة بـ المفردات المتقدمة.",
        "Practical: تطبيق 8: نفّذ مهمة عملية متعلقة بـ المفردات المتقدمة.",
        "Practical: تطبيق 9: نفّذ مهمة عملية متعلقة بـ المفردات المتقدمة.",
        "Practical: تطبيق 10: نفّذ مهمة عملية متعلقة بـ المفردات المتقدمة."
      ],
      "description_en": "Practice-based skill. Improve through projects and feedback."
    },
    {
      "id": "7-06",
      "type": "soft",
      "name_ar": "الاستماع المتقدم",
      "name_en": "Skill",
      "description_ar": "الاستماع المتقدم مهارة قابلة للتعلم عبر الممارسة. ابدأ بالأساسيات ثم طبّق مشاريع صغيرة.",
      "applications_ar": [
        "تطبيق 1: نفّذ مهمة عملية متعلقة بـ الاستماع المتقدم.",
        "تطبيق 2: نفّذ مهمة عملية متعلقة بـ الاستماع المتقدم.",
        "تطبيق 3: نفّذ مهمة عملية متعلقة بـ الاستماع المتقدم.",
        "تطبيق 4: نفّذ مهمة عملية متعلقة بـ الاستماع المتقدم.",
        "تطبيق 5: نفّذ مهمة عملية متعلقة بـ الاستماع المتقدم.",
        "تطبيق 6: نفّذ مهمة عملية متعلقة بـ الاستماع المتقدم.",
        "تطبيق 7: نفّذ مهمة عملية متعلقة بـ الاستماع المتقدم.",
        "تطبيق 8: نفّذ مهمة عملية متعلقة بـ الاستماع المتقدم.",
        "تطبيق 9: نفّذ مهمة عملية متعلقة بـ الاستماع المتقدم.",
        "تطبيق 10: نفّذ مهمة عملية متعلقة بـ الاستماع المتقدم."
      ],
      "icon": "🤝",
      "applications_en": [
        "Practical: تطبيق 1: نفّذ مهمة عملية متعلقة بـ الاستماع المتقدم.",
        "Practical: تطبيق 2: نفّذ مهمة عملية متعلقة بـ الاستماع المتقدم.",
        "Practical: تطبيق 3: نفّذ مهمة عملية متعلقة بـ الاستماع المتقدم.",
        "Practical: تطبيق 4: نفّذ مهمة عملية متعلقة بـ الاستماع المتقدم.",
        "Practical: تطبيق 5: نفّذ مهمة عملية متعلقة بـ الاستماع المتقدم.",
        "Practical: تطبيق 6: نفّذ مهمة عملية متعلقة بـ الاستماع المتقدم.",
        "Practical: تطبيق 7: نفّذ مهمة عملية متعلقة بـ الاستماع المتقدم.",
        "Practical: تطبيق 8: نفّذ مهمة عملية متعلقة بـ الاستماع المتقدم.",
        "Practical: تطبيق 9: نفّذ مهمة عملية متعلقة بـ الاستماع المتقدم.",
        "Practical: تطبيق 10: نفّذ مهمة عملية متعلقة بـ الاستماع المتقدم."
      ],
      "description_en": "Practice-based skill. Improve through projects and feedback."
    },
    {
      "id": "7-07",
      "type": "soft",
      "name_ar": "النطق الصحيح",
      "name_en": "Skill",
      "description_ar": "النطق الصحيح مهارة قابلة للتعلم عبر الممارسة. ابدأ بالأساسيات ثم طبّق مشاريع صغيرة.",
      "applications_ar": [
        "تطبيق 1: نفّذ مهمة عملية متعلقة بـ النطق الصحيح.",
        "تطبيق 2: نفّذ مهمة عملية متعلقة بـ النطق الصحيح.",
        "تطبيق 3: نفّذ مهمة عملية متعلقة بـ النطق الصحيح.",
        "تطبيق 4: نفّذ مهمة عملية متعلقة بـ النطق الصحيح.",
        "تطبيق 5: نفّذ مهمة عملية متعلقة بـ النطق الصحيح.",
        "تطبيق 6: نفّذ مهمة عملية متعلقة بـ النطق الصحيح.",
        "تطبيق 7: نفّذ مهمة عملية متعلقة بـ النطق الصحيح.",
        "تطبيق 8: نفّذ مهمة عملية متعلقة بـ النطق الصحيح.",
        "تطبيق 9: نفّذ مهمة عملية متعلقة بـ النطق الصحيح.",
        "تطبيق 10: نفّذ مهمة عملية متعلقة بـ النطق الصحيح."
      ],
      "icon": "🤝",
      "applications_en": [
        "Practical: تطبيق 1: نفّذ مهمة عملية متعلقة بـ النطق الصحيح.",
        "Practical: تطبيق 2: نفّذ مهمة عملية متعلقة بـ النطق الصحيح.",
        "Practical: تطبيق 3: نفّذ مهمة عملية متعلقة بـ النطق الصحيح.",
        "Practical: تطبيق 4: نفّذ مهمة عملية متعلقة بـ النطق الصحيح.",
        "Practical: تطبيق 5: نفّذ مهمة عملية متعلقة بـ النطق الصحيح.",
        "Practical: تطبيق 6: نفّذ مهمة عملية متعلقة بـ النطق الصحيح.",
        "Practical: تطبيق 7: نفّذ مهمة عملية متعلقة بـ النطق الصحيح.",
        "Practical: تطبيق 8: نفّذ مهمة عملية متعلقة بـ النطق الصحيح.",
        "Practical: تطبيق 9: نفّذ مهمة عملية متعلقة بـ النطق الصحيح.",
        "Practical: تطبيق 10: نفّذ مهمة عملية متعلقة بـ النطق الصحيح."
      ],
      "description_en": "Practice-based skill. Improve through projects and feedback."
    },
    {
      "id": "7-08",
      "type": "soft",
      "name_ar": "الترجمة الأساسية",
      "name_en": "Skill",
      "description_ar": "الترجمة الأساسية مهارة قابلة للتعلم عبر الممارسة. ابدأ بالأساسيات ثم طبّق مشاريع صغيرة.",
      "applications_ar": [
        "تطبيق 1: نفّذ مهمة عملية متعلقة بـ الترجمة الأساسية.",
        "تطبيق 2: نفّذ مهمة عملية متعلقة بـ الترجمة الأساسية.",
        "تطبيق 3: نفّذ مهمة عملية متعلقة بـ الترجمة الأساسية.",
        "تطبيق 4: نفّذ مهمة عملية متعلقة بـ الترجمة الأساسية.",
        "تطبيق 5: نفّذ مهمة عملية متعلقة بـ الترجمة الأساسية.",
        "تطبيق 6: نفّذ مهمة عملية متعلقة بـ الترجمة الأساسية.",
        "تطبيق 7: نفّذ مهمة عملية متعلقة بـ الترجمة الأساسية.",
        "تطبيق 8: نفّذ مهمة عملية متعلقة بـ الترجمة الأساسية.",
        "تطبيق 9: نفّذ مهمة عملية متعلقة بـ الترجمة الأساسية.",
        "تطبيق 10: نفّذ مهمة عملية متعلقة بـ الترجمة الأساسية."
      ],
      "icon": "🤝",
      "applications_en": [
        "Practical: تطبيق 1: نفّذ مهمة عملية متعلقة بـ الترجمة الأساسية.",
        "Practical: تطبيق 2: نفّذ مهمة عملية متعلقة بـ الترجمة الأساسية.",
        "Practical: تطبيق 3: نفّذ مهمة عملية متعلقة بـ الترجمة الأساسية.",
        "Practical: تطبيق 4: نفّذ مهمة عملية متعلقة بـ الترجمة الأساسية.",
        "Practical: تطبيق 5: نفّذ مهمة عملية متعلقة بـ الترجمة الأساسية.",
        "Practical: تطبيق 6: نفّذ مهمة عملية متعلقة بـ الترجمة الأساسية.",
        "Practical: تطبيق 7: نفّذ مهمة عملية متعلقة بـ الترجمة الأساسية.",
        "Practical: تطبيق 8: نفّذ مهمة عملية متعلقة بـ الترجمة الأساسية.",
        "Practical: تطبيق 9: نفّذ مهمة عملية متعلقة بـ الترجمة الأساسية.",
        "Practical: تطبيق 10: نفّذ مهمة عملية متعلقة بـ الترجمة الأساسية."
      ],
      "description_en": "Practice-based skill. Improve through projects and feedback."
    },
    {
      "id": "7-09",
      "type": "soft",
      "name_ar": "القراءة الفعّالة",
      "name_en": "Skill",
      "description_ar": "القراءة الفعّالة مهارة قابلة للتعلم عبر الممارسة. ابدأ بالأساسيات ثم طبّق مشاريع صغيرة.",
      "applications_ar": [
        "تطبيق 1: نفّذ مهمة عملية متعلقة بـ القراءة الفعّالة.",
        "تطبيق 2: نفّذ مهمة عملية متعلقة بـ القراءة الفعّالة.",
        "تطبيق 3: نفّذ مهمة عملية متعلقة بـ القراءة الفعّالة.",
        "تطبيق 4: نفّذ مهمة عملية متعلقة بـ القراءة الفعّالة.",
        "تطبيق 5: نفّذ مهمة عملية متعلقة بـ القراءة الفعّالة.",
        "تطبيق 6: نفّذ مهمة عملية متعلقة بـ القراءة الفعّالة.",
        "تطبيق 7: نفّذ مهمة عملية متعلقة بـ القراءة الفعّالة.",
        "تطبيق 8: نفّذ مهمة عملية متعلقة بـ القراءة الفعّالة.",
        "تطبيق 9: نفّذ مهمة عملية متعلقة بـ القراءة الفعّالة.",
        "تطبيق 10: نفّذ مهمة عملية متعلقة بـ القراءة الفعّالة."
      ],
      "icon": "🤝",
      "applications_en": [
        "Practical: تطبيق 1: نفّذ مهمة عملية متعلقة بـ القراءة الفعّالة.",
        "Practical: تطبيق 2: نفّذ مهمة عملية متعلقة بـ القراءة الفعّالة.",
        "Practical: تطبيق 3: نفّذ مهمة عملية متعلقة بـ القراءة الفعّالة.",
        "Practical: تطبيق 4: نفّذ مهمة عملية متعلقة بـ القراءة الفعّالة.",
        "Practical: تطبيق 5: نفّذ مهمة عملية متعلقة بـ القراءة الفعّالة.",
        "Practical: تطبيق 6: نفّذ مهمة عملية متعلقة بـ القراءة الفعّالة.",
        "Practical: تطبيق 7: نفّذ مهمة عملية متعلقة بـ القراءة الفعّالة.",
        "Practical: تطبيق 8: نفّذ مهمة عملية متعلقة بـ القراءة الفعّالة.",
        "Practical: تطبيق 9: نفّذ مهمة عملية متعلقة بـ القراءة الفعّالة.",
        "Practical: تطبيق 10: نفّذ مهمة عملية متعلقة بـ القراءة الفعّالة."
      ],
      "description_en": "Practice-based skill. Improve through projects and feedback."
    },
    {
      "id": "7-10",
      "type": "soft",
      "name_ar": "الكتابة التقنية",
      "name_en": "Skill",
      "description_ar": "الكتابة التقنية مهارة قابلة للتعلم عبر الممارسة. ابدأ بالأساسيات ثم طبّق مشاريع صغيرة.",
      "applications_ar": [
        "تطبيق 1: نفّذ مهمة عملية متعلقة بـ الكتابة التقنية.",
        "تطبيق 2: نفّذ مهمة عملية متعلقة بـ الكتابة التقنية.",
        "تطبيق 3: نفّذ مهمة عملية متعلقة بـ الكتابة التقنية.",
        "تطبيق 4: نفّذ مهمة عملية متعلقة بـ الكتابة التقنية.",
        "تطبيق 5: نفّذ مهمة عملية متعلقة بـ الكتابة التقنية.",
        "تطبيق 6: نفّذ مهمة عملية متعلقة بـ الكتابة التقنية.",
        "تطبيق 7: نفّذ مهمة عملية متعلقة بـ الكتابة التقنية.",
        "تطبيق 8: نفّذ مهمة عملية متعلقة بـ الكتابة التقنية.",
        "تطبيق 9: نفّذ مهمة عملية متعلقة بـ الكتابة التقنية.",
        "تطبيق 10: نفّذ مهمة عملية متعلقة بـ الكتابة التقنية."
      ],
      "icon": "🤝",
      "applications_en": [
        "Practical: تطبيق 1: نفّذ مهمة عملية متعلقة بـ الكتابة التقنية.",
        "Practical: تطبيق 2: نفّذ مهمة عملية متعلقة بـ الكتابة التقنية.",
        "Practical: تطبيق 3: نفّذ مهمة عملية متعلقة بـ الكتابة التقنية.",
        "Practical: تطبيق 4: نفّذ مهمة عملية متعلقة بـ الكتابة التقنية.",
        "Practical: تطبيق 5: نفّذ مهمة عملية متعلقة بـ الكتابة التقنية.",
        "Practical: تطبيق 6: نفّذ مهمة عملية متعلقة بـ الكتابة التقنية.",
        "Practical: تطبيق 7: نفّذ مهمة عملية متعلقة بـ الكتابة التقنية.",
        "Practical: تطبيق 8: نفّذ مهمة عملية متعلقة بـ الكتابة التقنية.",
        "Practical: تطبيق 9: نفّذ مهمة عملية متعلقة بـ الكتابة التقنية.",
        "Practical: تطبيق 10: نفّذ مهمة عملية متعلقة بـ الكتابة التقنية."
      ],
      "description_en": "Practice-based skill. Improve through projects and feedback."
    },
    {
      "id": "7-11",
      "type": "soft",
      "name_ar": "القواعد المتقدمة",
      "name_en": "Skill",
      "description_ar": "القواعد المتقدمة مهارة قابلة للتعلم عبر الممارسة. ابدأ بالأساسيات ثم طبّق مشاريع صغيرة.",
      "applications_ar": [
        "تطبيق 1: نفّذ مهمة عملية متعلقة بـ القواعد المتقدمة.",
        "تطبيق 2: نفّذ مهمة عملية متعلقة بـ القواعد المتقدمة.",
        "تطبيق 3: نفّذ مهمة عملية متعلقة بـ القواعد المتقدمة.",
        "تطبيق 4: نفّذ مهمة عملية متعلقة بـ القواعد المتقدمة.",
        "تطبيق 5: نفّذ مهمة عملية متعلقة بـ القواعد المتقدمة.",
        "تطبيق 6: نفّذ مهمة عملية متعلقة بـ القواعد المتقدمة.",
        "تطبيق 7: نفّذ مهمة عملية متعلقة بـ القواعد المتقدمة.",
        "تطبيق 8: نفّذ مهمة عملية متعلقة بـ القواعد المتقدمة.",
        "تطبيق 9: نفّذ مهمة عملية متعلقة بـ القواعد المتقدمة.",
        "تطبيق 10: نفّذ مهمة عملية متعلقة بـ القواعد المتقدمة."
      ],
      "icon": "🤝",
      "applications_en": [
        "Practical: تطبيق 1: نفّذ مهمة عملية متعلقة بـ القواعد المتقدمة.",
        "Practical: تطبيق 2: نفّذ مهمة عملية متعلقة بـ القواعد المتقدمة.",
        "Practical: تطبيق 3: نفّذ مهمة عملية متعلقة بـ القواعد المتقدمة.",
        "Practical: تطبيق 4: نفّذ مهمة عملية متعلقة بـ القواعد المتقدمة.",
        "Practical: تطبيق 5: نفّذ مهمة عملية متعلقة بـ القواعد المتقدمة.",
        "Practical: تطبيق 6: نفّذ مهمة عملية متعلقة بـ القواعد المتقدمة.",
        "Practical: تطبيق 7: نفّذ مهمة عملية متعلقة بـ القواعد المتقدمة.",
        "Practical: تطبيق 8: نفّذ مهمة عملية متعلقة بـ القواعد المتقدمة.",
        "Practical: تطبيق 9: نفّذ مهمة عملية متعلقة بـ القواعد المتقدمة.",
        "Practical: تطبيق 10: نفّذ مهمة عملية متعلقة بـ القواعد المتقدمة."
      ],
      "description_en": "Practice-based skill. Improve through projects and feedback."
    },
    {
      "id": "7-12",
      "type": "soft",
      "name_ar": "المحادثة",
      "name_en": "Skill",
      "description_ar": "المحادثة مهارة قابلة للتعلم عبر الممارسة. ابدأ بالأساسيات ثم طبّق مشاريع صغيرة.",
      "applications_ar": [
        "تطبيق 1: نفّذ مهمة عملية متعلقة بـ المحادثة.",
        "تطبيق 2: نفّذ مهمة عملية متعلقة بـ المحادثة.",
        "تطبيق 3: نفّذ مهمة عملية متعلقة بـ المحادثة.",
        "تطبيق 4: نفّذ مهمة عملية متعلقة بـ المحادثة.",
        "تطبيق 5: نفّذ مهمة عملية متعلقة بـ المحادثة.",
        "تطبيق 6: نفّذ مهمة عملية متعلقة بـ المحادثة.",
        "تطبيق 7: نفّذ مهمة عملية متعلقة بـ المحادثة.",
        "تطبيق 8: نفّذ مهمة عملية متعلقة بـ المحادثة.",
        "تطبيق 9: نفّذ مهمة عملية متعلقة بـ المحادثة.",
        "تطبيق 10: نفّذ مهمة عملية متعلقة بـ المحادثة."
      ],
      "icon": "🤝",
      "applications_en": [
        "Practical: تطبيق 1: نفّذ مهمة عملية متعلقة بـ المحادثة.",
        "Practical: تطبيق 2: نفّذ مهمة عملية متعلقة بـ المحادثة.",
        "Practical: تطبيق 3: نفّذ مهمة عملية متعلقة بـ المحادثة.",
        "Practical: تطبيق 4: نفّذ مهمة عملية متعلقة بـ المحادثة.",
        "Practical: تطبيق 5: نفّذ مهمة عملية متعلقة بـ المحادثة.",
        "Practical: تطبيق 6: نفّذ مهمة عملية متعلقة بـ المحادثة.",
        "Practical: تطبيق 7: نفّذ مهمة عملية متعلقة بـ المحادثة.",
        "Practical: تطبيق 8: نفّذ مهمة عملية متعلقة بـ المحادثة.",
        "Practical: تطبيق 9: نفّذ مهمة عملية متعلقة بـ المحادثة.",
        "Practical: تطبيق 10: نفّذ مهمة عملية متعلقة بـ المحادثة."
      ],
      "description_en": "Practice-based skill. Improve through projects and feedback."
    },
    {
      "id": "7-13",
      "type": "soft",
      "name_ar": "الاستعداد للاختبارات",
      "name_en": "Skill",
      "description_ar": "الاستعداد للاختبارات مهارة قابلة للتعلم عبر الممارسة. ابدأ بالأساسيات ثم طبّق مشاريع صغيرة.",
      "applications_ar": [
        "تطبيق 1: نفّذ مهمة عملية متعلقة بـ الاستعداد للاختبارات.",
        "تطبيق 2: نفّذ مهمة عملية متعلقة بـ الاستعداد للاختبارات.",
        "تطبيق 3: نفّذ مهمة عملية متعلقة بـ الاستعداد للاختبارات.",
        "تطبيق 4: نفّذ مهمة عملية متعلقة بـ الاستعداد للاختبارات.",
        "تطبيق 5: نفّذ مهمة عملية متعلقة بـ الاستعداد للاختبارات.",
        "تطبيق 6: نفّذ مهمة عملية متعلقة بـ الاستعداد للاختبارات.",
        "تطبيق 7: نفّذ مهمة عملية متعلقة بـ الاستعداد للاختبارات.",
        "تطبيق 8: نفّذ مهمة عملية متعلقة بـ الاستعداد للاختبارات.",
        "تطبيق 9: نفّذ مهمة عملية متعلقة بـ الاستعداد للاختبارات.",
        "تطبيق 10: نفّذ مهمة عملية متعلقة بـ الاستعداد للاختبارات."
      ],
      "icon": "🤝",
      "applications_en": [
        "Practical: تطبيق 1: نفّذ مهمة عملية متعلقة بـ الاستعداد للاختبارات.",
        "Practical: تطبيق 2: نفّذ مهمة عملية متعلقة بـ الاستعداد للاختبارات.",
        "Practical: تطبيق 3: نفّذ مهمة عملية متعلقة بـ الاستعداد للاختبارات.",
        "Practical: تطبيق 4: نفّذ مهمة عملية متعلقة بـ الاستعداد للاختبارات.",
        "Practical: تطبيق 5: نفّذ مهمة عملية متعلقة بـ الاستعداد للاختبارات.",
        "Practical: تطبيق 6: نفّذ مهمة عملية متعلقة بـ الاستعداد للاختبارات.",
        "Practical: تطبيق 7: نفّذ مهمة عملية متعلقة بـ الاستعداد للاختبارات.",
        "Practical: تطبيق 8: نفّذ مهمة عملية متعلقة بـ الاستعداد للاختبارات.",
        "Practical: تطبيق 9: نفّذ مهمة عملية متعلقة بـ الاستعداد للاختبارات.",
        "Practical: تطبيق 10: نفّذ مهمة عملية متعلقة بـ الاستعداد للاختبارات."
      ],
      "description_en": "Practice-based skill. Improve through projects and feedback."
    },
    {
      "id": "7-14",
      "type": "soft",
      "name_ar": "الترجمة المتقدمة",
      "name_en": "Skill",
      "description_ar": "الترجمة المتقدمة مهارة قابلة للتعلم عبر الممارسة. ابدأ بالأساسيات ثم طبّق مشاريع صغيرة.",
      "applications_ar": [
        "تطبيق 1: نفّذ مهمة عملية متعلقة بـ الترجمة المتقدمة.",
        "تطبيق 2: نفّذ مهمة عملية متعلقة بـ الترجمة المتقدمة.",
        "تطبيق 3: نفّذ مهمة عملية متعلقة بـ الترجمة المتقدمة.",
        "تطبيق 4: نفّذ مهمة عملية متعلقة بـ الترجمة المتقدمة.",
        "تطبيق 5: نفّذ مهمة عملية متعلقة بـ الترجمة المتقدمة.",
        "تطبيق 6: نفّذ مهمة عملية متعلقة بـ الترجمة المتقدمة.",
        "تطبيق 7: نفّذ مهمة عملية متعلقة بـ الترجمة المتقدمة.",
        "تطبيق 8: نفّذ مهمة عملية متعلقة بـ الترجمة المتقدمة.",
        "تطبيق 9: نفّذ مهمة عملية متعلقة بـ الترجمة المتقدمة.",
        "تطبيق 10: نفّذ مهمة عملية متعلقة بـ الترجمة المتقدمة."
      ],
      "icon": "🤝",
      "applications_en": [
        "Practical: تطبيق 1: نفّذ مهمة عملية متعلقة بـ الترجمة المتقدمة.",
        "Practical: تطبيق 2: نفّذ مهمة عملية متعلقة بـ الترجمة المتقدمة.",
        "Practical: تطبيق 3: نفّذ مهمة عملية متعلقة بـ الترجمة المتقدمة.",
        "Practical: تطبيق 4: نفّذ مهمة عملية متعلقة بـ الترجمة المتقدمة.",
        "Practical: تطبيق 5: نفّذ مهمة عملية متعلقة بـ الترجمة المتقدمة.",
        "Practical: تطبيق 6: نفّذ مهمة عملية متعلقة بـ الترجمة المتقدمة.",
        "Practical: تطبيق 7: نفّذ مهمة عملية متعلقة بـ الترجمة المتقدمة.",
        "Practical: تطبيق 8: نفّذ مهمة عملية متعلقة بـ الترجمة المتقدمة.",
        "Practical: تطبيق 9: نفّذ مهمة عملية متعلقة بـ الترجمة المتقدمة.",
        "Practical: تطبيق 10: نفّذ مهمة عملية متعلقة بـ الترجمة المتقدمة."
      ],
      "description_en": "Practice-based skill. Improve through projects and feedback."
    },
    {
      "id": "7-15",
      "type": "soft",
      "name_ar": "التدريس اللغوي",
      "name_en": "Skill",
      "description_ar": "التدريس اللغوي مهارة قابلة للتعلم عبر الممارسة. ابدأ بالأساسيات ثم طبّق مشاريع صغيرة.",
      "applications_ar": [
        "تطبيق 1: نفّذ مهمة عملية متعلقة بـ التدريس اللغوي.",
        "تطبيق 2: نفّذ مهمة عملية متعلقة بـ التدريس اللغوي.",
        "تطبيق 3: نفّذ مهمة عملية متعلقة بـ التدريس اللغوي.",
        "تطبيق 4: نفّذ مهمة عملية متعلقة بـ التدريس اللغوي.",
        "تطبيق 5: نفّذ مهمة عملية متعلقة بـ التدريس اللغوي.",
        "تطبيق 6: نفّذ مهمة عملية متعلقة بـ التدريس اللغوي.",
        "تطبيق 7: نفّذ مهمة عملية متعلقة بـ التدريس اللغوي.",
        "تطبيق 8: نفّذ مهمة عملية متعلقة بـ التدريس اللغوي.",
        "تطبيق 9: نفّذ مهمة عملية متعلقة بـ التدريس اللغوي.",
        "تطبيق 10: نفّذ مهمة عملية متعلقة بـ التدريس اللغوي."
      ],
      "icon": "🤝",
      "applications_en": [
        "Practical: تطبيق 1: نفّذ مهمة عملية متعلقة بـ التدريس اللغوي.",
        "Practical: تطبيق 2: نفّذ مهمة عملية متعلقة بـ التدريس اللغوي.",
        "Practical: تطبيق 3: نفّذ مهمة عملية متعلقة بـ التدريس اللغوي.",
        "Practical: تطبيق 4: نفّذ مهمة عملية متعلقة بـ التدريس اللغوي.",
        "Practical: تطبيق 5: نفّذ مهمة عملية متعلقة بـ التدريس اللغوي.",
        "Practical: تطبيق 6: نفّذ مهمة عملية متعلقة بـ التدريس اللغوي.",
        "Practical: تطبيق 7: نفّذ مهمة عملية متعلقة بـ التدريس اللغوي.",
        "Practical: تطبيق 8: نفّذ مهمة عملية متعلقة بـ التدريس اللغوي.",
        "Practical: تطبيق 9: نفّذ مهمة عملية متعلقة بـ التدريس اللغوي.",
        "Practical: تطبيق 10: نفّذ مهمة عملية متعلقة بـ التدريس اللغوي."
      ],
      "description_en": "Practice-based skill. Improve through projects and feedback."
    },
    {
      "id": "7-16",
      "type": "soft",
      "name_ar": "التحليل الأدبي",
      "name_en": "Skill",
      "description_ar": "التحليل الأدبي مهارة قابلة للتعلم عبر الممارسة. ابدأ بالأساسيات ثم طبّق مشاريع صغيرة.",
      "applications_ar": [
        "تطبيق 1: نفّذ مهمة عملية متعلقة بـ التحليل الأدبي.",
        "تطبيق 2: نفّذ مهمة عملية متعلقة بـ التحليل الأدبي.",
        "تطبيق 3: نفّذ مهمة عملية متعلقة بـ التحليل الأدبي.",
        "تطبيق 4: نفّذ مهمة عملية متعلقة بـ التحليل الأدبي.",
        "تطبيق 5: نفّذ مهمة عملية متعلقة بـ التحليل الأدبي.",
        "تطبيق 6: نفّذ مهمة عملية متعلقة بـ التحليل الأدبي.",
        "تطبيق 7: نفّذ مهمة عملية متعلقة بـ التحليل الأدبي.",
        "تطبيق 8: نفّذ مهمة عملية متعلقة بـ التحليل الأدبي.",
        "تطبيق 9: نفّذ مهمة عملية متعلقة بـ التحليل الأدبي.",
        "تطبيق 10: نفّذ مهمة عملية متعلقة بـ التحليل الأدبي."
      ],
      "icon": "🤝",
      "applications_en": [
        "Practical: تطبيق 1: نفّذ مهمة عملية متعلقة بـ التحليل الأدبي.",
        "Practical: تطبيق 2: نفّذ مهمة عملية متعلقة بـ التحليل الأدبي.",
        "Practical: تطبيق 3: نفّذ مهمة عملية متعلقة بـ التحليل الأدبي.",
        "Practical: تطبيق 4: نفّذ مهمة عملية متعلقة بـ التحليل الأدبي.",
        "Practical: تطبيق 5: نفّذ مهمة عملية متعلقة بـ التحليل الأدبي.",
        "Practical: تطبيق 6: نفّذ مهمة عملية متعلقة بـ التحليل الأدبي.",
        "Practical: تطبيق 7: نفّذ مهمة عملية متعلقة بـ التحليل الأدبي.",
        "Practical: تطبيق 8: نفّذ مهمة عملية متعلقة بـ التحليل الأدبي.",
        "Practical: تطبيق 9: نفّذ مهمة عملية متعلقة بـ التحليل الأدبي.",
        "Practical: تطبيق 10: نفّذ مهمة عملية متعلقة بـ التحليل الأدبي."
      ],
      "description_en": "Practice-based skill. Improve through projects and feedback."
    },
    {
      "id": "7-17",
      "type": "soft",
      "name_ar": "القراءة السريعة",
      "name_en": "Skill",
      "description_ar": "القراءة السريعة مهارة قابلة للتعلم عبر الممارسة. ابدأ بالأساسيات ثم طبّق مشاريع صغيرة.",
      "applications_ar": [
        "تطبيق 1: نفّذ مهمة عملية متعلقة بـ القراءة السريعة.",
        "تطبيق 2: نفّذ مهمة عملية متعلقة بـ القراءة السريعة.",
        "تطبيق 3: نفّذ مهمة عملية متعلقة بـ القراءة السريعة.",
        "تطبيق 4: نفّذ مهمة عملية متعلقة بـ القراءة السريعة.",
        "تطبيق 5: نفّذ مهمة عملية متعلقة بـ القراءة السريعة.",
        "تطبيق 6: نفّذ مهمة عملية متعلقة بـ القراءة السريعة.",
        "تطبيق 7: نفّذ مهمة عملية متعلقة بـ القراءة السريعة.",
        "تطبيق 8: نفّذ مهمة عملية متعلقة بـ القراءة السريعة.",
        "تطبيق 9: نفّذ مهمة عملية متعلقة بـ القراءة السريعة.",
        "تطبيق 10: نفّذ مهمة عملية متعلقة بـ القراءة السريعة."
      ],
      "icon": "🤝",
      "applications_en": [
        "Practical: تطبيق 1: نفّذ مهمة عملية متعلقة بـ القراءة السريعة.",
        "Practical: تطبيق 2: نفّذ مهمة عملية متعلقة بـ القراءة السريعة.",
        "Practical: تطبيق 3: نفّذ مهمة عملية متعلقة بـ القراءة السريعة.",
        "Practical: تطبيق 4: نفّذ مهمة عملية متعلقة بـ القراءة السريعة.",
        "Practical: تطبيق 5: نفّذ مهمة عملية متعلقة بـ القراءة السريعة.",
        "Practical: تطبيق 6: نفّذ مهمة عملية متعلقة بـ القراءة السريعة.",
        "Practical: تطبيق 7: نفّذ مهمة عملية متعلقة بـ القراءة السريعة.",
        "Practical: تطبيق 8: نفّذ مهمة عملية متعلقة بـ القراءة السريعة.",
        "Practical: تطبيق 9: نفّذ مهمة عملية متعلقة بـ القراءة السريعة.",
        "Practical: تطبيق 10: نفّذ مهمة عملية متعلقة بـ القراءة السريعة."
      ],
      "description_en": "Practice-based skill. Improve through projects and feedback."
    },
    {
      "id": "7-18",
      "type": "soft",
      "name_ar": "الكتابة المهنية",
      "name_en": "Skill",
      "description_ar": "الكتابة المهنية مهارة قابلة للتعلم عبر الممارسة. ابدأ بالأساسيات ثم طبّق مشاريع صغيرة.",
      "applications_ar": [
        "تطبيق 1: نفّذ مهمة عملية متعلقة بـ الكتابة المهنية.",
        "تطبيق 2: نفّذ مهمة عملية متعلقة بـ الكتابة المهنية.",
        "تطبيق 3: نفّذ مهمة عملية متعلقة بـ الكتابة المهنية.",
        "تطبيق 4: نفّذ مهمة عملية متعلقة بـ الكتابة المهنية.",
        "تطبيق 5: نفّذ مهمة عملية متعلقة بـ الكتابة المهنية.",
        "تطبيق 6: نفّذ مهمة عملية متعلقة بـ الكتابة المهنية.",
        "تطبيق 7: نفّذ مهمة عملية متعلقة بـ الكتابة المهنية.",
        "تطبيق 8: نفّذ مهمة عملية متعلقة بـ الكتابة المهنية.",
        "تطبيق 9: نفّذ مهمة عملية متعلقة بـ الكتابة المهنية.",
        "تطبيق 10: نفّذ مهمة عملية متعلقة بـ الكتابة المهنية."
      ],
      "icon": "🤝",
      "applications_en": [
        "Practical: تطبيق 1: نفّذ مهمة عملية متعلقة بـ الكتابة المهنية.",
        "Practical: تطبيق 2: نفّذ مهمة عملية متعلقة بـ الكتابة المهنية.",
        "Practical: تطبيق 3: نفّذ مهمة عملية متعلقة بـ الكتابة المهنية.",
        "Practical: تطبيق 4: نفّذ مهمة عملية متعلقة بـ الكتابة المهنية.",
        "Practical: تطبيق 5: نفّذ مهمة عملية متعلقة بـ الكتابة المهنية.",
        "Practical: تطبيق 6: نفّذ مهمة عملية متعلقة بـ الكتابة المهنية.",
        "Practical: تطبيق 7: نفّذ مهمة عملية متعلقة بـ الكتابة المهنية.",
        "Practical: تطبيق 8: نفّذ مهمة عملية متعلقة بـ الكتابة المهنية.",
        "Practical: تطبيق 9: نفّذ مهمة عملية متعلقة بـ الكتابة المهنية.",
        "Practical: تطبيق 10: نفّذ مهمة عملية متعلقة بـ الكتابة المهنية."
      ],
      "description_en": "Practice-based skill. Improve through projects and feedback."
    },
    {
      "id": "7-19",
      "type": "soft",
      "name_ar": "المفردات المتخصصة",
      "name_en": "Skill",
      "description_ar": "المفردات المتخصصة مهارة قابلة للتعلم عبر الممارسة. ابدأ بالأساسيات ثم طبّق مشاريع صغيرة.",
      "applications_ar": [
        "تطبيق 1: نفّذ مهمة عملية متعلقة بـ المفردات المتخصصة.",
        "تطبيق 2: نفّذ مهمة عملية متعلقة بـ المفردات المتخصصة.",
        "تطبيق 3: نفّذ مهمة عملية متعلقة بـ المفردات المتخصصة.",
        "تطبيق 4: نفّذ مهمة عملية متعلقة بـ المفردات المتخصصة.",
        "تطبيق 5: نفّذ مهمة عملية متعلقة بـ المفردات المتخصصة.",
        "تطبيق 6: نفّذ مهمة عملية متعلقة بـ المفردات المتخصصة.",
        "تطبيق 7: نفّذ مهمة عملية متعلقة بـ المفردات المتخصصة.",
        "تطبيق 8: نفّذ مهمة عملية متعلقة بـ المفردات المتخصصة.",
        "تطبيق 9: نفّذ مهمة عملية متعلقة بـ المفردات المتخصصة.",
        "تطبيق 10: نفّذ مهمة عملية متعلقة بـ المفردات المتخصصة."
      ],
      "icon": "🤝",
      "applications_en": [
        "Practical: تطبيق 1: نفّذ مهمة عملية متعلقة بـ المفردات المتخصصة.",
        "Practical: تطبيق 2: نفّذ مهمة عملية متعلقة بـ المفردات المتخصصة.",
        "Practical: تطبيق 3: نفّذ مهمة عملية متعلقة بـ المفردات المتخصصة.",
        "Practical: تطبيق 4: نفّذ مهمة عملية متعلقة بـ المفردات المتخصصة.",
        "Practical: تطبيق 5: نفّذ مهمة عملية متعلقة بـ المفردات المتخصصة.",
        "Practical: تطبيق 6: نفّذ مهمة عملية متعلقة بـ المفردات المتخصصة.",
        "Practical: تطبيق 7: نفّذ مهمة عملية متعلقة بـ المفردات المتخصصة.",
        "Practical: تطبيق 8: نفّذ مهمة عملية متعلقة بـ المفردات المتخصصة.",
        "Practical: تطبيق 9: نفّذ مهمة عملية متعلقة بـ المفردات المتخصصة.",
        "Practical: تطبيق 10: نفّذ مهمة عملية متعلقة بـ المفردات المتخصصة."
      ],
      "description_en": "Practice-based skill. Improve through projects and feedback."
    },
    {
      "id": "7-20",
      "type": "soft",
      "name_ar": "اللغة للأعمال",
      "name_en": "Skill",
      "description_ar": "اللغة للأعمال مهارة قابلة للتعلم عبر الممارسة. ابدأ بالأساسيات ثم طبّق مشاريع صغيرة.",
      "applications_ar": [
        "تطبيق 1: نفّذ مهمة عملية متعلقة بـ اللغة للأعمال.",
        "تطبيق 2: نفّذ مهمة عملية متعلقة بـ اللغة للأعمال.",
        "تطبيق 3: نفّذ مهمة عملية متعلقة بـ اللغة للأعمال.",
        "تطبيق 4: نفّذ مهمة عملية متعلقة بـ اللغة للأعمال.",
        "تطبيق 5: نفّذ مهمة عملية متعلقة بـ اللغة للأعمال.",
        "تطبيق 6: نفّذ مهمة عملية متعلقة بـ اللغة للأعمال.",
        "تطبيق 7: نفّذ مهمة عملية متعلقة بـ اللغة للأعمال.",
        "تطبيق 8: نفّذ مهمة عملية متعلقة بـ اللغة للأعمال.",
        "تطبيق 9: نفّذ مهمة عملية متعلقة بـ اللغة للأعمال.",
        "تطبيق 10: نفّذ مهمة عملية متعلقة بـ اللغة للأعمال."
      ],
      "icon": "🤝",
      "applications_en": [
        "Practical: تطبيق 1: نفّذ مهمة عملية متعلقة بـ اللغة للأعمال.",
        "Practical: تطبيق 2: نفّذ مهمة عملية متعلقة بـ اللغة للأعمال.",
        "Practical: تطبيق 3: نفّذ مهمة عملية متعلقة بـ اللغة للأعمال.",
        "Practical: تطبيق 4: نفّذ مهمة عملية متعلقة بـ اللغة للأعمال.",
        "Practical: تطبيق 5: نفّذ مهمة عملية متعلقة بـ اللغة للأعمال.",
        "Practical: تطبيق 6: نفّذ مهمة عملية متعلقة بـ اللغة للأعمال.",
        "Practical: تطبيق 7: نفّذ مهمة عملية متعلقة بـ اللغة للأعمال.",
        "Practical: تطبيق 8: نفّذ مهمة عملية متعلقة بـ اللغة للأعمال.",
        "Practical: تطبيق 9: نفّذ مهمة عملية متعلقة بـ اللغة للأعمال.",
        "Practical: تطبيق 10: نفّذ مهمة عملية متعلقة بـ اللغة للأعمال."
      ],
      "description_en": "Practice-based skill. Improve through projects and feedback."
    }
  ]
}