{
  "skills": [
    {
      "id": "4-01",
      "type": "soft",
      "name_ar": "التصميم الجرافيكي",
      "name_en": "Graphic Design",
      "description_ar": "التصميم الجرافيكي مهارة قابلة للتعلم عبر الممارسة. ابدأ بالأساسيات ثم طبّق مشاريع صغيرة.",
      "applications_ar": [
        "تطبيق 1: نفّذ مهمة عملية متعلقة بـ التصميم الجرافيكي.",
        "تطبيق 2: نفّذ مهمة عملية متعلقة بـ التصميم الجرافيكي.",
        "تطبيق 3: نفّذ مهمة عملية متعلقة بـ التصميم الجرافيكي.",
        "تطبيق 4: نفّذ مهمة عملية متعلقة بـ التصميم الجرافيكي.",
        "تطبيق 5: نفّذ مهمة عملية متعلقة بـ التصميم الجرافيكي.",
        "تطبيق 6: نفّذ مهمة عملية متعلقة بـ التصميم الجرافيكي.",
        "تطبيق 7: نفّذ مهمة عملية متعلقة بـ التصميم الجرافيكي.",
        "تطبيق 8: نفّذ مهمة عملية متعلقة بـ التصميم الجرافيكي.",
        "تطبيق 9: نفّذ مهمة عملية متعلقة بـ التصميم الجرافيكي.",
        "تطبيق 10: نفّذ مهمة عملية متعلقة بـ التصميم الجرافيكي."
      ],
      "icon": "🤝",
      "applications_en": [
        "Practical: تطبيق 1: نفّذ مهمة عملية متعلقة بـ التصميم الجرافيكي.",
        "Practical: تطبيق 2: نفّذ مهمة عملية متعلقة بـ التصميم الجرافيكي.",
        "Practical: تطبيق 3: نفّذ مهمة عملية متعلقة بـ التصميم الجرافيكي.",
        "Practical: تطبيق 4: نفّذ مهمة عملية متعلقة بـ التصميم الجرافيكي.",
        "Practical: تطبيق 5: نفّذ مهمة عملية متعلقة بـ التصميم الجرافيكي.",
        "Practical: تطبيق 6: نفّذ مهمة عملية متعلقة بـ التصميم الجرافيكي.",
        "Practical: تطبيق 7: نفّذ مهمة عملية متعلقة بـ التصميم الجرافيكي.",
        "Practical: تطبيق 8: نفّذ مهمة عملية متعلقة بـ التصميم الجرافيكي.",
        "Practical: تطبيق 9: نفّذ مهمة عملية متعلقة بـ التصميم الجرافيكي.",
        "Practical: تطبيق 10: نفّذ مهمة عملية متعلقة بـ التصميم الجرافيكي."
      ],
      "description_en": "Practice-based skill. Improve through projects and feedback."
    },
    {
      "id": "4-02",
      "type": "soft",
      "name_ar": "تحرير الفيديو",
      "name_en": "Video Editing",
      "description_ar": "تحرير الفيديو مهارة قابلة للتعلم عبر الممارسة. ابدأ بالأساسيات ثم طبّق مشاريع صغيرة.",
      "applications_ar": [
        "تطبيق 1: نفّذ مهمة عملية متعلقة بـ تحرير الفيديو.",
        "تطبيق 2: نفّذ مهمة عملية متعلقة بـ تحرير الفيديو.",
        "تطبيق 3: نفّذ مهمة عملية متعلقة بـ تحرير الفيديو.",
        "تطبيق 4: نفّذ مهمة عملية متعلقة بـ تحرير الفيديو.",
        "تطبيق 5: نفّذ مهمة عملية متعلقة بـ تحرير الفيديو.",
        "تطبيق 6: نفّذ مهمة عملية متعلقة بـ تحرير الفيديو.",
        "تطبيق 7: نفّذ مهمة عملية متعلقة بـ تحرير الفيديو.",
        "تطبيق 8: نفّذ مهمة عملية متعلقة بـ تحرير الفيديو.",
        "تطبيق 9: نفّذ مهمة عملية متعلقة بـ تحرير الفيديو.",
        "تطبيق 10: نفّذ مهمة عملية متعلقة بـ تحرير الفيديو."
      ],
      "icon": "🤝",
      "applications_en": [
        "Practical: تطبيق 1: نفّذ مهمة عملية متعلقة بـ تحرير الفيديو.",
        "Practical: تطبيق 2: نفّذ مهمة عملية متعلقة بـ تحرير الفيديو.",
        "Practical: تطبيق 3: نفّذ مهمة عملية متعلقة بـ تحرير الفيديو.",
        "Practical: تطبيق 4: نفّذ مهمة عملية متعلقة بـ تحرير الفيديو.",
        "Practical: تطبيق 5: نفّذ مهمة عملية متعلقة بـ تحرير الفيديو.",
        "Practical: تطبيق 6: نفّذ مهمة عملية متعلقة بـ تحرير الفيديو.",
        "Practical: تطبيق 7: نفّذ مهمة عملية متعلقة بـ تحرير الفيديو.",
        "Practical: تطبيق 8: نفّذ مهمة عملية متعلقة بـ تحرير الفيديو.",
        "Practical: تطبيق 9: نفّذ مهمة عملية متعلقة بـ تحرير الفيديو.",
        "Practical: تطبيق 10: نفّذ مهمة عملية متعلقة بـ تحرير الفيديو."
      ],
      "description_en": "Practice-based skill. Improve through projects and feedback."
    },
    {
      "id": "4-03",
      "type": "soft",
      "name_ar": "التصوير",
      "name_en": "Photography",
      "description_ar": "التصوير مهارة قابلة للتعلم عبر الممارسة. ابدأ بالأساسيات ثم طبّق مشاريع صغيرة.",
      "applications_ar": [
        "تطبيق 1: نفّذ مهمة عملية متعلقة بـ التصوير.",
        "تطبيق 2: نفّذ مهمة عملية متعلقة بـ التصوير.",
        "تطبيق 3: نفّذ مهمة عملية متعلقة بـ التصوير.",
        "تطبيق 4: نفّذ مهمة عملية متعلقة بـ التصوير.",
        "تطبيق 5: نفّذ مهمة عملية متعلقة بـ التصوير.",
        "تطبيق 6: نفّذ مهمة عملية متعلقة بـ التصوير.",
        "تطبيق 7: نفّذ مهمة عملية متعلقة بـ التصوير.",
        "تطبيق 8: نفّذ مهمة عملية متعلقة بـ التصوير.",
        "تطبيق 9: نفّذ مهمة عملية متعلقة بـ التصوير.",
        "تطبيق 10: نفّذ مهمة عملية متعلقة بـ التصوير."
      ],
      "icon": "🤝",
      "applications_en": [
        "Practical: تطبيق 1: نفّذ مهمة عملية متعلقة بـ التصوير.",
        "Practical: تطبيق 2: نفّذ مهمة عملية متعلقة بـ التصوير.",
        "Practical: تطبيق 3: نفّذ مهمة عملية متعلقة بـ التصوير.",
        "Practical: تطبيق 4: نفّذ مهمة عملية متعلقة بـ التصوير.",
        "Practical: تطبيق 5: نفّذ مهمة عملية متعلقة بـ التصوير.",
        "Practical: تطبيق 6: نفّذ مهمة عملية متعلقة بـ التصوير.",
        "Practical: تطبيق 7: نفّذ مهمة عملية متعلقة بـ التصوير.",
        "Practical: تطبيق 8: نفّذ مهمة عملية متعلقة بـ التصوير.",
        "Practical: تطبيق 9: نفّذ مهمة عملية متعلقة بـ التصوير.",
        "Practical: تطبيق 10: نفّذ مهمة عملية متعلقة بـ التصوير."
      ],
      "description_en": "Practice-based skill. Improve through projects and feedback."
    },
    {
      "id": "4-04",
      "type": "soft",
      "name_ar": "الرسوم المتحركة",
      "name_en": "Animation",
      "description_ar": "الرسوم المتحركة مهارة قابلة للتعلم عبر الممارسة. ابدأ بالأساسيات ثم طبّق مشاريع صغيرة.",
      "applications_ar": [
        "تطبيق 1: نفّذ مهمة عملية متعلقة بـ الرسوم المتحركة.",
        "تطبيق 2: نفّذ مهمة عملية متعلقة بـ الرسوم المتحركة.",
        "تطبيق 3: نفّذ مهمة عملية متعلقة بـ الرسوم المتحركة.",
        "تطبيق 4: نفّذ مهمة عملية متعلقة بـ الرسوم المتحركة.",
        "تطبيق 5: نفّذ مهمة عملية متعلقة بـ الرسوم المتحركة.",
        "تطبيق 6: نفّذ مهمة عملية متعلقة بـ الرسوم المتحركة.",
        "تطبيق 7: نفّذ مهمة عملية متعلقة بـ الرسوم المتحركة.",
        "تطبيق 8: نفّذ مهمة عملية متعلقة بـ الرسوم المتحركة.",
        "تطبيق 9: نفّذ مهمة عملية متعلقة بـ الرسوم المتحركة.",
        "تطبيق 10: نفّذ مهمة عملية متعلقة بـ الرسوم المتحركة."
      ],
      "icon": "🤝",
      "applications_en": [
        "Practical: تطبيق 1: نفّذ مهمة عملية متعلقة بـ الرسوم المتحركة.",
        "Practical: تطبيق 2: نفّذ مهمة عملية متعلقة بـ الرسوم المتحركة.",
        "Practical: تطبيق 3: نفّذ مهمة عملية متعلقة بـ الرسوم المتحركة.",
        "Practical: تطبيق 4: نفّذ مهمة عملية متعلقة بـ الرسوم المتحركة.",
        "Practical: تطبيق 5: نفّذ مهمة عملية متعلقة بـ الرسوم المتحركة.",
        "Practical: تطبيق 6: نفّذ مهمة عملية متعلقة بـ الرسوم المتحركة.",
        "Practical: تطبيق 7: نفّذ مهمة عملية متعلقة بـ الرسوم المتحركة.",
        "Practical: تطبيق 8: نفّذ مهمة عملية متعلقة بـ الرسوم المتحركة.",
        "Practical: تطبيق 9: نفّذ مهمة عملية متعلقة بـ الرسوم المتحركة.",
        "Practical: تطبيق 10: نفّذ مهمة عملية متعلقة بـ الرسوم المتحركة."
      ],
      "description_en": "Practice-based skill. Improve through projects and feedback."
    },
    {
      "id": "4-05",
      "type": "soft",
      "name_ar": "الكتابة الإبداعية",
      "name_en": "Creative Writing",
      "description_ar": "الكتابة الإبداعية مهارة قابلة للتعلم عبر الممارسة. ابدأ بالأساسيات ثم طبّق مشاريع صغيرة.",
      "applications_ar": [
        "تطبيق 1: نفّذ مهمة عملية متعلقة بـ الكتابة الإبداعية.",
        "تطبيق 2: نفّذ مهمة عملية متعلقة بـ الكتابة الإبداعية.",
        "تطبيق 3: نفّذ مهمة عملية متعلقة بـ الكتابة الإبداعية.",
        "تطبيق 4: نفّذ مهمة عملية متعلقة بـ الكتابة الإبداعية.",
        "تطبيق 5: نفّذ مهمة عملية متعلقة بـ الكتابة الإبداعية.",
        "تطبيق 6: نفّذ مهمة عملية متعلقة بـ الكتابة الإبداعية.",
        "تطبيق 7: نفّذ مهمة عملية متعلقة بـ الكتابة الإبداعية.",
        "تطبيق 8: نفّذ مهمة عملية متعلقة بـ الكتابة الإبداعية.",
        "تطبيق 9: نفّذ مهمة عملية متعلقة بـ الكتابة الإبداعية.",
        "تطبيق 10: نفّذ مهمة عملية متعلقة بـ الكتابة الإبداعية."
      ],
      "icon": "🤝",
      "applications_en": [
        "Practical: تطبيق 1: نفّذ مهمة عملية متعلقة بـ الكتابة الإبداعية.",
        "Practical: تطبيق 2: نفّذ مهمة عملية متعلقة بـ الكتابة الإبداعية.",
        "Practical: تطبيق 3: نفّذ مهمة عملية متعلقة بـ الكتابة الإبداعية.",
        "Practical: تطبيق 4: نفّذ مهمة عملية متعلقة بـ الكتابة الإبداعية.",
        "Practical: تطبيق 5: نفّذ مهمة عملية متعلقة بـ الكتابة الإبداعية.",
        "Practical: تطبيق 6: نفّذ مهمة عملية متعلقة بـ الكتابة الإبداعية.",
        "Practical: تطبيق 7: نفّذ مهمة عملية متعلقة بـ الكتابة الإبداعية.",
        "Practical: تطبيق 8: نفّذ مهمة عملية متعلقة بـ الكتابة الإبداعية.",
        "Practical: تطبيق 9: نفّذ مهمة عملية متعلقة بـ الكتابة الإبداعية.",
        "Practical: تطبيق 10: نفّذ مهمة عملية متعلقة بـ الكتابة الإبداعية."
      ],
      "description_en": "Practice-based skill. Improve through projects and feedback."
    },
    {
      "id": "4-06",
      "type": "soft",
      "name_ar": "الخط العربي",
      "name_en": "Skill",
      "description_ar": "الخط العربي مهارة قابلة للتعلم عبر الممارسة. ابدأ بالأساسيات ثم طبّق مشاريع صغيرة.",
      "applications_ar": [
        "تطبيق 1: نفّذ مهمة عملية متعلقة بـ الخط العربي.",
        "تطبيق 2: نفّذ مهمة عملية متعلقة بـ الخط العربي.",
        "تطبيق 3: نفّذ مهمة عملية متعلقة بـ الخط العربي.",
        "تطبيق 4: نفّذ مهمة عملية متعلقة بـ الخط العربي.",
        "تطبيق 5: نفّذ مهمة عملية متعلقة بـ الخط العربي.",
        "تطبيق 6: نفّذ مهمة عملية متعلقة بـ الخط العربي.",
        "تطبيق 7: نفّذ مهمة عملية متعلقة بـ الخط العربي.",
        "تطبيق 8: نفّذ مهمة عملية متعلقة بـ الخط العربي.",
        "تطبيق 9: نفّذ مهمة عملية متعلقة بـ الخط العربي.",
        "تطبيق 10: نفّذ مهمة عملية متعلقة بـ الخط العربي."
      ],
      "icon": "🤝",
      "applications_en": [
        "Practical: تطبيق 1: نفّذ مهمة عملية متعلقة بـ الخط العربي.",
        "Practical: تطبيق 2: نفّذ مهمة عملية متعلقة بـ الخط العربي.",
        "Practical: تطبيق 3: نفّذ مهمة عملية متعلقة بـ الخط العربي.",
        "Practical: تطبيق 4: نفّذ مهمة عملية متعلقة بـ الخط العربي.",
        "Practical: تطبيق 5: نفّذ مهمة عملية متعلقة بـ الخط العربي.",
        "Practical: تطبيق 6: نفّذ مهمة عملية متعلقة بـ الخط العربي.",
        "Practical: تطبيق 7: نفّذ مهمة عملية متعلقة بـ الخط العربي.",
        "Practical: تطبيق 8: نفّذ مهمة عملية متعلقة بـ الخط العربي.",
        "Practical: تطبيق 9: نفّذ مهمة عملية متعلقة بـ الخط العربي.",
        "Practical: تطبيق 10: نفّذ مهمة عملية متعلقة بـ الخط العربي."
      ],
      "description_en": "Practice-based skill. Improve through projects and feedback."
    },
    {
      "id": "4-07",
      "type": "soft",
      "name_ar": "التلوين الرقمي",
      "name_en": "Skill",
      "description_ar": "التلوين الرقمي مهارة قابلة للتعلم عبر الممارسة. ابدأ بالأساسيات ثم طبّق مشاريع صغيرة.",
      "applications_ar": [
        "تطبيق 1: نفّذ مهمة عملية متعلقة بـ التلوين الرقمي.",
        "تطبيق 2: نفّذ مهمة عملية متعلقة بـ التلوين الرقمي.",
        "تطبيق 3: نفّذ مهمة عملية متعلقة بـ التلوين الرقمي.",
        "تطبيق 4: نفّذ مهمة عملية متعلقة بـ التلوين الرقمي.",
        "تطبيق 5: نفّذ مهمة عملية متعلقة بـ التلوين الرقمي.",
        "تطبيق 6: نفّذ مهمة عملية متعلقة بـ التلوين الرقمي.",
        "تطبيق 7: نفّذ مهمة عملية متعلقة بـ التلوين الرقمي.",
        "تطبيق 8: نفّذ مهمة عملية متعلقة بـ التلوين الرقمي.",
        "تطبيق 9: نفّذ مهمة عملية متعلقة بـ التلوين الرقمي.",
        "تطبيق 10: نفّذ مهمة عملية متعلقة بـ التلوين الرقمي."
      ],
      "icon": "🤝",
      "applications_en": [
        "Practical: تطبيق 1: نفّذ مهمة عملية متعلقة بـ التلوين الرقمي.",
        "Practical: تطبيق 2: نفّذ مهمة عملية متعلقة بـ التلوين الرقمي.",
        "Practical: تطبيق 3: نفّذ مهمة عملية متعلقة بـ التلوين الرقمي.",
        "Practical: تطبيق 4: نفّذ مهمة عملية متعلقة بـ التلوين الرقمي.",
        "Practical: تطبيق 5: نفّذ مهمة عملية متعلقة بـ التلوين الرقمي.",
        "Practical: تطبيق 6: نفّذ مهمة عملية متعلقة بـ التلوين الرقمي.",
        "Practical: تطبيق 7: نفّذ مهمة عملية متعلقة بـ التلوين الرقمي.",
        "Practical: تطبيق 8: نفّذ مهمة عملية متعلقة بـ التلوين الرقمي.",
        "Practical: تطبيق 9: نفّذ مهمة عملية متعلقة بـ التلوين الرقمي.",
        "Practical: تطبيق 10: نفّذ مهمة عملية متعلقة بـ التلوين الرقمي."
      ],
      "description_en": "Practice-based skill. Improve through projects and feedback."
    },
    {
      "id": "4-08",
      "type": "soft",
      "name_ar": "تصميم الهوية",
      "name_en": "Skill",
      "description_ar": "تصميم الهوية مهارة قابلة للتعلم عبر الممارسة. ابدأ بالأساسيات ثم طبّق مشاريع صغيرة.",
      "applications_ar": [
        "تطبيق 1: نفّذ مهمة عملية متعلقة بـ تصميم الهوية.",
        "تطبيق 2: نفّذ مهمة عملية متعلقة بـ تصميم الهوية.",
        "تطبيق 3: نفّذ مهمة عملية متعلقة بـ تصميم الهوية.",
        "تطبيق 4: نفّذ مهمة عملية متعلقة بـ تصميم الهوية.",
        "تطبيق 5: نفّذ مهمة عملية متعلقة بـ تصميم الهوية.",
        "تطبيق 6: نفّذ مهمة عملية متعلقة بـ تصميم الهوية.",
        "تطبيق 7: نفّذ مهمة عملية متعلقة بـ تصميم الهوية.",
        "تطبيق 8: نفّذ مهمة عملية متعلقة بـ تصميم الهوية.",
        "تطبيق 9: نفّذ مهمة عملية متعلقة بـ تصميم الهوية.",
        "تطبيق 10: نفّذ مهمة عملية متعلقة بـ تصميم الهوية."
      ],
      "icon": "🤝",
      "applications_en": [
        "Practical: تطبيق 1: نفّذ مهمة عملية متعلقة بـ تصميم الهوية.",
        "Practical: تطبيق 2: نفّذ مهمة عملية متعلقة بـ تصميم الهوية.",
        "Practical: تطبيق 3: نفّذ مهمة عملية متعلقة بـ تصميم الهوية.",
        "Practical: تطبيق 4: نفّذ مهمة عملية متعلقة بـ تصميم الهوية.",
        "Practical: تطبيق 5: نفّذ مهمة عملية متعلقة بـ تصميم الهوية.",
        "Practical: تطبيق 6: نفّذ مهمة عملية متعلقة بـ تصميم الهوية.",
        "Practical: تطبيق 7: نفّذ مهمة عملية متعلقة بـ تصميم الهوية.",
        "Practical: تطبيق 8: نفّذ مهمة عملية متعلقة بـ تصميم الهوية.",
        "Practical: تطبيق 9: نفّذ مهمة عملية متعلقة بـ تصميم الهوية.",
        "Practical: تطبيق 10: نفّذ مهمة عملية متعلقة بـ تصميم الهوية."
      ],
      "description_en": "Practice-based skill. Improve through projects and feedback."
    },
    {
      "id": "4-09",
      "type": "soft",
      "name_ar": "التصميم التفاعلي",
      "name_en": "Skill",
      "description_ar": "التصميم التفاعلي مهارة قابلة للتعلم عبر الممارسة. ابدأ بالأساسيات ثم طبّق مشاريع صغيرة.",
      "applications_ar": [
        "تطبيق 1: نفّذ مهمة عملية متعلقة بـ التصميم التفاعلي.",
        "تطبيق 2: نفّذ مهمة عملية متعلقة بـ التصميم التفاعلي.",
        "تطبيق 3: نفّذ مهمة عملية متعلقة بـ التصميم التفاعلي.",
        "تطبيق 4: نفّذ مهمة عملية متعلقة بـ التصميم التفاعلي.",
        "تطبيق 5: نفّذ مهمة عملية متعلقة بـ التصميم التفاعلي.",
        "تطبيق 6: نفّذ مهمة عملية متعلقة بـ التصميم التفاعلي.",
        "تطبيق 7: نفّذ مهمة عملية متعلقة بـ التصميم التفاعلي.",
        "تطبيق 8: نفّذ مهمة عملية متعلقة بـ التصميم التفاعلي.",
        "تطبيق 9: نفّذ مهمة عملية متعلقة بـ التصميم التفاعلي.",
        "تطبيق 10: نفّذ مهمة عملية متعلقة بـ التصميم التفاعلي."
      ],
      "icon": "🤝",
      "applications_en": [
        "Practical: تطبيق 1: نفّذ مهمة عملية متعلقة بـ التصميم التفاعلي.",
        "Practical: تطبيق 2: نفّذ مهمة عملية متعلقة بـ التصميم التفاعلي.",
        "Practical: تطبيق 3: نفّذ مهمة عملية متعلقة بـ التصميم التفاعلي.",
        "Practical: تطبيق 4: نفّذ مهمة عملية متعلقة بـ التصميم التفاعلي.",
        "Practical: تطبيق 5: نفّذ مهمة عملية متعلقة بـ التصميم التفاعلي.",
        "Practical: تطبيق 6: نفّذ مهمة عملية متعلقة بـ التصميم التفاعلي.",
        "Practical: تطبيق 7: نفّذ مهمة عملية متعلقة بـ التصميم التفاعلي.",
        "Practical: تطبيق 8: نفّذ مهمة عملية متعلقة بـ التصميم التفاعلي.",
        "Practical: تطبيق 9: نفّذ مهمة عملية متعلقة بـ التصميم التفاعلي.",
        "Practical: تطبيق 10: نفّذ مهمة عملية متعلقة بـ التصميم التفاعلي."
      ],
      "description_en": "Practice-based skill. Improve through projects and feedback."
    },
    {
      "id": "4-10",
      "type": "soft",
      "name_ar": "إخراج المحتوى",
      "name_en": "Skill",
      "description_ar": "إخراج المحتوى مهارة قابلة للتعلم عبر الممارسة. ابدأ بالأساسيات ثم طبّق مشاريع صغيرة.",
      "applications_ar": [
        "تطبيق 1: نفّذ مهمة عملية متعلقة بـ إخراج المحتوى.",
        "تطبيق 2: نفّذ مهمة عملية متعلقة بـ إخراج المحتوى.",
        "تطبيق 3: نفّذ مهمة عملية متعلقة بـ إخراج المحتوى.",
        "تطبيق 4: نفّذ مهمة عملية متعلقة بـ إخراج المحتوى.",
        "تطبيق 5: نفّذ مهمة عملية متعلقة بـ إخراج المحتوى.",
        "تطبيق 6: نفّذ مهمة عملية متعلقة بـ إخراج المحتوى.",
        "تطبيق 7: نفّذ مهمة عملية متعلقة بـ إخراج المحتوى.",
        "تطبيق 8: نفّذ مهمة عملية متعلقة بـ إخراج المحتوى.",
        "تطبيق 9: نفّذ مهمة عملية متعلقة بـ إخراج المحتوى.",
        "تطبيق 10: نفّذ مهمة عملية متعلقة بـ إخراج المحتوى."
      ],
      "icon": "🤝",
      "applications_en": [
        "Practical: تطبيق 1: نفّذ مهمة عملية متعلقة بـ إخراج المحتوى.",
        "Practical: تطبيق 2: نفّذ مهمة عملية متعلقة بـ إخراج المحتوى.",
        "Practical: تطبيق 3: نفّذ مهمة عملية متعلقة بـ إخراج المحتوى.",
        "Practical: تطبيق 4: نفّذ مهمة عملية متعلقة بـ إخراج المحتوى.",
        "Practical: تطبيق 5: نفّذ مهمة عملية متعلقة بـ إخراج المحتوى.",
        "Practical: تطبيق 6: نفّذ مهمة عملية متعلقة بـ إخراج المحتوى.",
        "Practical: تطبيق 7: نفّذ مهمة عملية متعلقة بـ إخراج المحتوى.",
        "Practical: تطبيق 8: نفّذ مهمة عملية متعلقة بـ إخراج المحتوى.",
        "Practical: تطبيق 9: نفّذ مهمة عملية متعلقة بـ إخراج المحتوى.",
        "Practical: تطبيق 10: نفّذ مهمة عملية متعلقة بـ إخراج المحتوى."
      ],
      "description_en": "Practice-based skill. Improve through projects and feedback."
    },
    {
      "id": "4-11",
      "type": "soft",
      "name_ar": "الرسوم التوضيحية",
      "name_en": "Skill",
      "description_ar": "الرسوم التوضيحية مهارة قابلة للتعلم عبر الممارسة. ابدأ بالأساسيات ثم طبّق مشاريع صغيرة.",
      "applications_ar": [
        "تطبيق 1: نفّذ مهمة عملية متعلقة بـ الرسوم التوضيحية.",
        "تطبيق 2: نفّذ مهمة عملية متعلقة بـ الرسوم التوضيحية.",
        "تطبيق 3: نفّذ مهمة عملية متعلقة بـ الرسوم التوضيحية.",
        "تطبيق 4: نفّذ مهمة عملية متعلقة بـ الرسوم التوضيحية.",
        "تطبيق 5: نفّذ مهمة عملية متعلقة بـ الرسوم التوضيحية.",
        "تطبيق 6: نفّذ مهمة عملية متعلقة بـ الرسوم التوضيحية.",
        "تطبيق 7: نفّذ مهمة عملية متعلقة بـ الرسوم التوضيحية.",
        "تطبيق 8: نفّذ مهمة عملية متعلقة بـ الرسوم التوضيحية.",
        "تطبيق 9: نفّذ مهمة عملية متعلقة بـ الرسوم التوضيحية.",
        "تطبيق 10: نفّذ مهمة عملية متعلقة بـ الرسوم التوضيحية."
      ],
      "icon": "🤝",
      "applications_en": [
        "Practical: تطبيق 1: نفّذ مهمة عملية متعلقة بـ الرسوم التوضيحية.",
        "Practical: تطبيق 2: نفّذ مهمة عملية متعلقة بـ الرسوم التوضيحية.",
        "Practical: تطبيق 3: نفّذ مهمة عملية متعلقة بـ الرسوم التوضيحية.",
        "Practical: تطبيق 4: نفّذ مهمة عملية متعلقة بـ الرسوم التوضيحية.",
        "Practical: تطبيق 5: نفّذ مهمة عملية متعلقة بـ الرسوم التوضيحية.",
        "Practical: تطبيق 6: نفّذ مهمة عملية متعلقة بـ الرسوم التوضيحية.",
        "Practical: تطبيق 7: نفّذ مهمة عملية متعلقة بـ الرسوم التوضيحية.",
        "Practical: تطبيق 8: نفّذ مهمة عملية متعلقة بـ الرسوم التوضيحية.",
        "Practical: تطبيق 9: نفّذ مهمة عملية متعلقة بـ الرسوم التوضيحية.",
        "Practical: تطبيق 10: نفّذ مهمة عملية متعلقة بـ الرسوم التوضيحية."
      ],
      "description_en": "Practice-based skill. Improve through projects and feedback."
    },
    {
      "id": "4-12",
      "type": "soft",
      "name_ar": "تصميم العروض",
      "name_en": "Skill",
      "description_ar": "تصميم العروض مهارة قابلة للتعلم عبر الممارسة. ابدأ بالأساسيات ثم طبّق مشاريع صغيرة.",
      "applications_ar": [
        "تطبيق 1: نفّذ مهمة عملية متعلقة بـ تصميم العروض.",
        "تطبيق 2: نفّذ مهمة عملية متعلقة بـ تصميم العروض.",
        "تطبيق 3: نفّذ مهمة عملية متعلقة بـ تصميم العروض.",
        "تطبيق 4: نفّذ مهمة عملية متعلقة بـ تصميم العروض.",
        "تطبيق 5: نفّذ مهمة عملية متعلقة بـ تصميم العروض.",
        "تطبيق 6: نفّذ مهمة عملية متعلقة بـ تصميم العروض.",
        "تطبيق 7: نفّذ مهمة عملية متعلقة بـ تصميم العروض.",
        "تطبيق 8: نفّذ مهمة عملية متعلقة بـ تصميم العروض.",
        "تطبيق 9: نفّذ مهمة عملية متعلقة بـ تصميم العروض.",
        "تطبيق 10: نفّذ مهمة عملية متعلقة بـ تصميم العروض."
      ],
      "icon": "🤝",
      "applications_en": [
        "Practical: تطبيق 1: نفّذ مهمة عملية متعلقة بـ تصميم العروض.",
        "Practical: تطبيق 2: نفّذ مهمة عملية متعلقة بـ تصميم العروض.",
        "Practical: تطبيق 3: نفّذ مهمة عملية متعلقة بـ تصميم العروض.",
        "Practical: تطبيق 4: نفّذ مهمة عملية متعلقة بـ تصميم العروض.",
        "Practical: تطبيق 5: نفّذ مهمة عملية متعلقة بـ تصميم العروض.",
        "Practical: تطبيق 6: نفّذ مهمة عملية متعلقة بـ تصميم العروض.",
        "Practical: تطبيق 7: نفّذ مهمة عملية متعلقة بـ تصميم العروض.",
        "Practical: تطبيق 8: نفّذ مهمة عملية متعلقة بـ تصميم العروض.",
        "Practical: تطبيق 9: نفّذ مهمة عملية متعلقة بـ تصميم العروض.",
        "Practical: تطبيق 10: نفّذ مهمة عملية متعلقة بـ تصميم العروض."
      ],
      "description_en": "Practice-based skill. Improve through projects and feedback."
    },
    {
      "id": "4-13",
      "type": "soft",
      "name_ar": "التصميم الثلاثي الأبعاد",
      "name_en": "Skill",
      "description_ar": "التصميم الثلاثي الأبعاد مهارة قابلة للتعلم عبر الممارسة. ابدأ بالأساسيات ثم طبّق مشاريع صغيرة.",
      "applications_ar": [
        "تطبيق 1: نفّذ مهمة عملية متعلقة بـ التصميم الثلاثي الأبعاد.",
        "تطبيق 2: نفّذ مهمة عملية متعلقة بـ التصميم الثلاثي الأبعاد.",
        "تطبيق 3: نفّذ مهمة عملية متعلقة بـ التصميم الثلاثي الأبعاد.",
        "تطبيق 4: نفّذ مهمة عملية متعلقة بـ التصميم الثلاثي الأبعاد.",
        "تطبيق 5: نفّذ مهمة عملية متعلقة بـ التصميم الثلاثي الأبعاد.",
        "تطبيق 6: نفّذ مهمة عملية متعلقة بـ التصميم الثلاثي الأبعاد.",
        "تطبيق 7: نفّذ مهمة عملية متعلقة بـ التصميم الثلاثي الأبعاد.",
        "تطبيق 8: نفّذ مهمة عملية متعلقة بـ التصميم الثلاثي الأبعاد.",
        "تطبيق 9: نفّذ مهمة عملية متعلقة بـ التصميم الثلاثي الأبعاد.",
        "تطبيق 10: نفّذ مهمة عملية متعلقة بـ التصميم الثلاثي الأبعاد."
      ],
      "icon": "🤝",
      "applications_en": [
        "Practical: تطبيق 1: نفّذ مهمة عملية متعلقة بـ التصميم الثلاثي الأبعاد.",
        "Practical: تطبيق 2: نفّذ مهمة عملية متعلقة بـ التصميم الثلاثي الأبعاد.",
        "Practical: تطبيق 3: نفّذ مهمة عملية متعلقة بـ التصميم الثلاثي الأبعاد.",
        "Practical: تطبيق 4: نفّذ مهمة عملية متعلقة بـ التصميم الثلاثي الأبعاد.",
        "Practical: تطبيق 5: نفّذ مهمة عملية متعلقة بـ التصميم الثلاثي الأبعاد.",
        "Practical: تطبيق 6: نفّذ مهمة عملية متعلقة بـ التصميم الثلاثي الأبعاد.",
        "Practical: تطبيق 7: نفّذ مهمة عملية متعلقة بـ التصميم الثلاثي الأبعاد.",
        "Practical: تطبيق 8: نفّذ مهمة عملية متعلقة بـ التصميم الثلاثي الأبعاد.",
        "Practical: تطبيق 9: نفّذ مهمة عملية متعلقة بـ التصميم الثلاثي الأبعاد.",
        "Practical: تطبيق 10: نفّذ مهمة عملية متعلقة بـ التصميم الثلاثي الأبعاد."
      ],
      "description_en": "Practice-based skill. Improve through projects and feedback."
    },
    {
      "id": "4-14",
      "type": "soft",
      "name_ar": "الخط والتنسيق",
      "name_en": "Skill",
      "description_ar": "الخط والتنسيق مهارة قابلة للتعلم عبر الممارسة. ابدأ بالأساسيات ثم طبّق مشاريع صغيرة.",
      "applications_ar": [
        "تطبيق 1: نفّذ مهمة عملية متعلقة بـ الخط والتنسيق.",
        "تطبيق 2: نفّذ مهمة عملية متعلقة بـ الخط والتنسيق.",
        "تطبيق 3: نفّذ مهمة عملية متعلقة بـ الخط والتنسيق.",
        "تطبيق 4: نفّذ مهمة عملية متعلقة بـ الخط والتنسيق.",
        "تطبيق 5: نفّذ مهمة عملية متعلقة بـ الخط والتنسيق.",
        "تطبيق 6: نفّذ مهمة عملية متعلقة بـ الخط والتنسيق.",
        "تطبيق 7: نفّذ مهمة عملية متعلقة بـ الخط والتنسيق.",
        "تطبيق 8: نفّذ مهمة عملية متعلقة بـ الخط والتنسيق.",
        "تطبيق 9: نفّذ مهمة عملية متعلقة بـ الخط والتنسيق.",
        "تطبيق 10: نفّذ مهمة عملية متعلقة بـ الخط والتنسيق."
      ],
      "icon": "🤝",
      "applications_en": [
        "Practical: تطبيق 1: نفّذ مهمة عملية متعلقة بـ الخط والتنسيق.",
        "Practical: تطبيق 2: نفّذ مهمة عملية متعلقة بـ الخط والتنسيق.",
        "Practical: تطبيق 3: نفّذ مهمة عملية متعلقة بـ الخط والتنسيق.",
        "Practical: تطبيق 4: نفّذ مهمة عملية متعلقة بـ الخط والتنسيق.",
        "Practical: تطبيق 5: نفّذ مهمة عملية متعلقة بـ الخط والتنسيق.",
        "Practical: تطبيق 6: نفّذ مهمة عملية متعلقة بـ الخط والتنسيق.",
        "Practical: تطبيق 7: نفّذ مهمة عملية متعلقة بـ الخط والتنسيق.",
        "Practical: تطبيق 8: نفّذ مهمة عملية متعلقة بـ الخط والتنسيق.",
        "Practical: تطبيق 9: نفّذ مهمة عملية متعلقة بـ الخط والتنسيق.",
        "Practical: تطبيق 10: نفّذ مهمة عملية متعلقة بـ الخط والتنسيق."
      ],
      "description_en": "Practice-based skill. Improve through projects and feedback."
    },
    {
      "id": "4-15",
      "type": "soft",
      "name_ar": "تصميم الطباعة",
      "name_en": "Skill",
      "description_ar": "تصميم الطباعة مهارة قابلة للتعلم عبر الممارسة. ابدأ بالأساسيات ثم طبّق مشاريع صغيرة.",
      "applications_ar": [
        "تطبيق 1: نفّذ مهمة عملية متعلقة بـ تصميم الطباعة.",
        "تطبيق 2: نفّذ مهمة عملية متعلقة بـ تصميم الطباعة.",
        "تطبيق 3: نفّذ مهمة عملية متعلقة بـ تصميم الطباعة.",
        "تطبيق 4: نفّذ مهمة عملية متعلقة بـ تصميم الطباعة.",
        "تطبيق 5: نفّذ مهمة عملية متعلقة بـ تصميم الطباعة.",
        "تطبيق 6: نفّذ مهمة عملية متعلقة بـ تصميم الطباعة.",
        "تطبيق 7: نفّذ مهمة عملية متعلقة بـ تصميم الطباعة.",
        "تطبيق 8: نفّذ مهمة عملية متعلقة بـ تصميم الطباعة.",
        "تطبيق 9: نفّذ مهمة عملية متعلقة بـ تصميم الطباعة.",
        "تطبيق 10: نفّذ مهمة عملية متعلقة بـ تصميم الطباعة."
      ],
      "icon": "🤝",
      "applications_en": [
        "Practical: تطبيق 1: نفّذ مهمة عملية متعلقة بـ تصميم الطباعة.",
        "Practical: تطبيق 2: نفّذ مهمة عملية متعلقة بـ تصميم الطباعة.",
        "Practical: تطبيق 3: نفّذ مهمة عملية متعلقة بـ تصميم الطباعة.",
        "Practical: تطبيق 4: نفّذ مهمة عملية متعلقة بـ تصميم الطباعة.",
        "Practical: تطبيق 5: نفّذ مهمة عملية متعلقة بـ تصميم الطباعة.",
        "Practical: تطبيق 6: نفّذ مهمة عملية متعلقة بـ تصميم الطباعة.",
        "Practical: تطبيق 7: نفّذ مهمة عملية متعلقة بـ تصميم الطباعة.",
        "Practical: تطبيق 8: نفّذ مهمة عملية متعلقة بـ تصميم الطباعة.",
        "Practical: تطبيق 9: نفّذ مهمة عملية متعلقة بـ تصميم الطباعة.",
        "Practical: تطبيق 10: نفّذ مهمة عملية متعلقة بـ تصميم الطباعة."
      ],
      "description_en": "Practice-based skill. Improve through projects and feedback."
    },
    {
      "id": "4-16",
      "type": "soft",
      "name_ar": "الموسيقى الرقمية",
      "name_en": "Skill",
      "description_ar": "الموسيقى الرقمية مهارة قابلة للتعلم عبر الممارسة. ابدأ بالأساسيات ثم طبّق مشاريع صغيرة.",
      "applications_ar": [
        "تطبيق 1: نفّذ مهمة عملية متعلقة بـ الموسيقى الرقمية.",
        "تطبيق 2: نفّذ مهمة عملية متعلقة بـ الموسيقى الرقمية.",
        "تطبيق 3: نفّذ مهمة عملية متعلقة بـ الموسيقى الرقمية.",
        "تطبيق 4: نفّذ مهمة عملية متعلقة بـ الموسيقى الرقمية.",
        "تطبيق 5: نفّذ مهمة عملية متعلقة بـ الموسيقى الرقمية.",
        "تطبيق 6: نفّذ مهمة عملية متعلقة بـ الموسيقى الرقمية.",
        "تطبيق 7: نفّذ مهمة عملية متعلقة بـ الموسيقى الرقمية.",
        "تطبيق 8: نفّذ مهمة عملية متعلقة بـ الموسيقى الرقمية.",
        "تطبيق 9: نفّذ مهمة عملية متعلقة بـ الموسيقى الرقمية.",
        "تطبيق 10: نفّذ مهمة عملية متعلقة بـ الموسيقى الرقمية."
      ],
      "icon": "🤝",
      "applications_en": [
        "Practical: تطبيق 1: نفّذ مهمة عملية متعلقة بـ الموسيقى الرقمية.",
        "Practical: تطبيق 2: نفّذ مهمة عملية متعلقة بـ الموسيقى الرقمية.",
        "Practical: تطبيق 3: نفّذ مهمة عملية متعلقة بـ الموسيقى الرقمية.",
        "Practical: تطبيق 4: نفّذ مهمة عملية متعلقة بـ الموسيقى الرقمية.",
        "Practical: تطبيق 5: نفّذ مهمة عملية متعلقة بـ الموسيقى الرقمية.",
        "Practical: تطبيق 6: نفّذ مهمة عملية متعلقة بـ الموسيقى الرقمية.",
        "Practical: تطبيق 7: نفّذ مهمة عملية متعلقة بـ الموسيقى الرقمية.",
        "Practical: تطبيق 8: نفّذ مهمة عملية متعلقة بـ الموسيقى الرقمية.",
        "Practical: تطبيق 9: نفّذ مهمة عملية متعلقة بـ الموسيقى الرقمية.",
        "Practical: تطبيق 10: نفّذ مهمة عملية متعلقة بـ الموسيقى الرقمية."
      ],
      "description_en": "Practice-based skill. Improve through projects and feedback."
    },
    {
      "id": "4-17",
      "type": "soft",
      "name_ar": "التصميم للألعاب",
      "name_en": "Skill",
      "description_ar": "التصميم للألعاب مهارة قابلة للتعلم عبر الممارسة. ابدأ بالأساسيات ثم طبّق مشاريع صغيرة.",
      "applications_ar": [
        "تطبيق 1: نفّذ مهمة عملية متعلقة بـ التصميم للألعاب.",
        "تطبيق 2: نفّذ مهمة عملية متعلقة بـ التصميم للألعاب.",
        "تطبيق 3: نفّذ مهمة عملية متعلقة بـ التصميم للألعاب.",
        "تطبيق 4: نفّذ مهمة عملية متعلقة بـ التصميم للألعاب.",
        "تطبيق 5: نفّذ مهمة عملية متعلقة بـ التصميم للألعاب.",
        "تطبيق 6: نفّذ مهمة عملية متعلقة بـ التصميم للألعاب.",
        "تطبيق 7: نفّذ مهمة عملية متعلقة بـ التصميم للألعاب.",
        "تطبيق 8: نفّذ مهمة عملية متعلقة بـ التصميم للألعاب.",
        "تطبيق 9: نفّذ مهمة عملية متعلقة بـ التصميم للألعاب.",
        "تطبيق 10: نفّذ مهمة عملية متعلقة بـ التصميم للألعاب."
      ],
      "icon": "🤝",
      "applications_en": [
        "Practical: تطبيق 1: نفّذ مهمة عملية متعلقة بـ التصميم للألعاب.",
        "Practical: تطبيق 2: نفّذ مهمة عملية متعلقة بـ التصميم للألعاب.",
        "Practical: تطبيق 3: نفّذ مهمة عملية متعلقة بـ التصميم للألعاب.",
        "Practical: تطبيق 4: نفّذ مهمة عملية متعلقة بـ التصميم للألعاب.",
        "Practical: تطبيق 5: نفّذ مهمة عملية متعلقة بـ التصميم للألعاب.",
        "Practical: تطبيق 6: نفّذ مهمة عملية متعلقة بـ التصميم للألعاب.",
        "Practical: تطبيق 7: نفّذ مهمة عملية متعلقة بـ التصميم للألعاب.",
        "Practical: تطبيق 8: نفّذ مهمة عملية متعلقة بـ التصميم للألعاب.",
        "Practical: تطبيق 9: نفّذ مهمة عملية متعلقة بـ التصميم للألعاب.",
        "Practical: تطبيق 10: نفّذ مهمة عملية متعلقة بـ التصميم للألعاب."
      ],
      "description_en": "Practice-based skill. Improve through projects and feedback."
    },
    {
      "id": "4-18",
      "type": "soft",
      "name_ar": "إنتاج الصوت",
      "name_en": "Skill",
      "description_ar": "إنتاج الصوت مهارة قابلة للتعلم عبر الممارسة. ابدأ بالأساسيات ثم طبّق مشاريع صغيرة.",
      "applications_ar": [
        "تطبيق 1: نفّذ مهمة عملية متعلقة بـ إنتاج الصوت.",
        "تطبيق 2: نفّذ مهمة عملية متعلقة بـ إنتاج الصوت.",
        "تطبيق 3: نفّذ مهمة عملية متعلقة بـ إنتاج الصوت.",
        "تطبيق 4: نفّذ مهمة عملية متعلقة بـ إنتاج الصوت.",
        "تطبيق 5: نفّذ مهمة عملية متعلقة بـ إنتاج الصوت.",
        "تطبيق 6: نفّذ مهمة عملية متعلقة بـ إنتاج الصوت.",
        "تطبيق 7: نفّذ مهمة عملية متعلقة بـ إنتاج الصوت.",
        "تطبيق 8: نفّذ مهمة عملية متعلقة بـ إنتاج الصوت.",
        "تطبيق 9: نفّذ مهمة عملية متعلقة بـ إنتاج الصوت.",
        "تطبيق 10: نفّذ مهمة عملية متعلقة بـ إنتاج الصوت."
      ],
      "icon": "🤝",
      "applications_en": [
        "Practical: تطبيق 1: نفّذ مهمة عملية متعلقة بـ إنتاج الصوت.",
        "Practical: تطبيق 2: نفّذ مهمة عملية متعلقة بـ إنتاج الصوت.",
        "Practical: تطبيق 3: نفّذ مهمة عملية متعلقة بـ إنتاج الصوت.",
        "Practical: تطبيق 4: نفّذ مهمة عملية متعلقة بـ إنتاج الصوت.",
        "Practical: تطبيق 5: نفّذ مهمة عملية متعلقة بـ إنتاج الصوت.",
        "Practical: تطبيق 6: نفّذ مهمة عملية متعلقة بـ إنتاج الصوت.",
        "Practical: تطبيق 7: نفّذ مهمة عملية متعلقة بـ إنتاج الصوت.",
        "Practical: تطبيق 8: نفّذ مهمة عملية متعلقة بـ إنتاج الصوت.",
        "Practical: تطبيق 9: نفّذ مهمة عملية متعلقة بـ إنتاج الصوت.",
        "Practical: تطبيق 10: نفّذ مهمة عملية متعلقة بـ إنتاج الصوت."
      ],
      "description_en": "Practice-based skill. Improve through projects and feedback."
    },
    {
      "id": "4-19",
      "type": "soft",
      "name_ar": "التأليف",
      "name_en": "Skill",
      "description_ar": "التأليف مهارة قابلة للتعلم عبر الممارسة. ابدأ بالأساسيات ثم طبّق مشاريع صغيرة.",
      "applications_ar": [
        "تطبيق 1: نفّذ مهمة عملية متعلقة بـ التأليف.",
        "تطبيق 2: نفّذ مهمة عملية متعلقة بـ التأليف.",
        "تطبيق 3: نفّذ مهمة عملية متعلقة بـ التأليف.",
        "تطبيق 4: نفّذ مهمة عملية متعلقة بـ التأليف.",
        "تطبيق 5: نفّذ مهمة عملية متعلقة بـ التأليف.",
        "تطبيق 6: نفّذ مهمة عملية متعلقة بـ التأليف.",
        "تطبيق 7: نفّذ مهمة عملية متعلقة بـ التأليف.",
        "تطبيق 8: نفّذ مهمة عملية متعلقة بـ التأليف.",
        "تطبيق 9: نفّذ مهمة عملية متعلقة بـ التأليف.",
        "تطبيق 10: نفّذ مهمة عملية متعلقة بـ التأليف."
      ],
      "icon": "🤝",
      "applications_en": [
        "Practical: تطبيق 1: نفّذ مهمة عملية متعلقة بـ التأليف.",
        "Practical: تطبيق 2: نفّذ مهمة عملية متعلقة بـ التأليف.",
        "Practical: تطبيق 3: نفّذ مهمة عملية متعلقة بـ التأليف.",
        "Practical: تطبيق 4: نفّذ مهمة عملية متعلقة بـ التأليف.",
        "Practical: تطبيق 5: نفّذ مهمة عملية متعلقة بـ التأليف.",
        "Practical: تطبيق 6: نفّذ مهمة عملية متعلقة بـ التأليف.",
        "Practical: تطبيق 7: نفّذ مهمة عملية متعلقة بـ التأليف.",
        "Practical: تطبيق 8: نفّذ مهمة عملية متعلقة بـ التأليف.",
        "Practical: تطبيق 9: نفّذ مهمة عملية متعلقة بـ التأليف.",
        "Practical: تطبيق 10: نفّذ مهمة عملية متعلقة بـ التأليف."
      ],
      "description_en": "Practice-based skill. Improve through projects and feedback."
    },
    {
      "id": "4-20",
      "type": "soft",
      "name_ar": "الإخراج الفني",
      "name_en": "Skill",
      "description_ar": "الإخراج الفني مهارة قابلة للتعلم عبر الممارسة. ابدأ بالأساسيات ثم طبّق مشاريع صغيرة.",
      "applications_ar": [
        "تطبيق 1: نفّذ مهمة عملية متعلقة بـ الإخراج الفني.",
        "تطبيق 2: نفّذ مهمة عملية متعلقة بـ الإخراج الفني.",
        "تطبيق 3: نفّذ مهمة عملية متعلقة بـ الإخراج الفني.",
        "تطبيق 4: نفّذ مهمة عملية متعلقة بـ الإخراج الفني.",
        "تطبيق 5: نفّذ مهمة عملية متعلقة بـ الإخراج الفني.",
        "تطبيق 6: نفّذ مهمة عملية متعلقة بـ الإخراج الفني.",
        "تطبيق 7: نفّذ مهمة عملية متعلقة بـ الإخراج الفني.",
        "تطبيق 8: نفّذ مهمة عملية متعلقة بـ الإخراج الفني.",
        "تطبيق 9: نفّذ مهمة عملية متعلقة بـ الإخراج الفني.",
        "تطبيق 10: نفّذ مهمة عملية متعلقة بـ الإخراج الفني."
      ],
      "icon": "🤝",
      "applications_en": [
        "Practical: تطبيق 1: نفّذ مهمة عملية متعلقة بـ الإخراج الفني.",
        "Practical: تطبيق 2: نفّذ مهمة عملية متعلقة بـ الإخراج الفني.",
        "Practical: تطبيق 3: نفّذ مهمة عملية متعلقة بـ الإخراج الفني.",
        "Practical: تطبيق 4: نفّذ مهمة عملية متعلقة بـ الإخراج الفني.",
        "Practical: تطبيق 5: نفّذ مهمة عملية متعلقة بـ الإخراج الفني.",
        "Practical: تطبيق 6: نفّذ مهمة عملية متعلقة بـ الإخراج الفني.",
        "Practical: تطبيق 7: نفّذ مهمة عملية متعلقة بـ الإخراج الفني.",
        "Practical: تطبيق 8: نفّذ مهمة عملية متعلقة بـ الإخراج الفني.",
        "Practical: تطبيق 9: نفّذ مهمة عملية متعلقة بـ الإخراج الفني.",
        "Practical: تطبيق 10: نفّذ مهمة عملية متعلقة بـ الإخراج الفني."
      ],
      "description_en": "Practice-based skill. Improve through projects and feedback."
    }
  ]
}