{
  "skills": [
    {
      "id": "2-01",
      "type": "hard",
      "name_ar": "برمجة بايثون",
      "name_en": "Python Programming",
      "description_ar": "برمجة بايثون مهارة قابلة للتعلم عبر الممارسة. ابدأ بالأساسيات ثم طبّق مشاريع صغيرة.",
      "applications_ar": [
        "تطبيق 1: نفّذ مهمة عملية متعلقة بـ برمجة بايثون.",
        "تطبيق 2: نفّذ مهمة عملية متعلقة بـ برمجة بايثون.",
        "تطبيق 3: نفّذ مهمة عملية متعلقة بـ برمجة بايثون.",
        "تطبيق 4: نفّذ مهمة عملية متعلقة بـ برمجة بايثون.",
        "تطبيق 5: نفّذ مهمة عملية متعلقة بـ برمجة بايثون.",
        "تطبيق 6: نفّذ مهمة عملية متعلقة بـ برمجة بايثون.",
        "تطبيق 7: نفّذ مهمة عملية متعلقة بـ برمجة بايثون.",
        "تطبيق 8: نفّذ مهمة عملية متعلقة بـ برمجة بايثون.",
        "تطبيق 9: نفّذ مهمة عملية متعلقة بـ برمجة بايثون.",
        "تطبيق 10: نفّذ مهمة عملية متعلقة بـ برمجة بايثون."
      ],
      "icon": "🛠️",
      "applications_en": [
        "Practical: تطبيق 1: نفّذ مهمة عملية متعلقة بـ برمجة بايثون.",
        "Practical: تطبيق 2: نفّذ مهمة عملية متعلقة بـ برمجة بايثون.",
        "Practical: تطبيق 3: نفّذ مهمة عملية متعلقة بـ برمجة بايثون.",
        "Practical: تطبيق 4: نفّذ مهمة عملية متعلقة بـ برمجة بايثون.",
        "Practical: تطبيق 5: نفّذ مهمة عملية متعلقة بـ برمجة بايثون.",
        "Practical: تطبيق 6: نفّذ مهمة عملية متعلقة بـ برمجة بايثون.",
        "Practical: تطبيق 7: نفّذ مهمة عملية متعلقة بـ برمجة بايثون.",
        "Practical: تطبيق 8: نفّذ مهمة عملية متعلقة بـ برمجة بايثون.",
        "Practical: تطبيق 9: نفّذ مهمة عملية متعلقة بـ برمجة بايثون.",
        "Practical: تطبيق 10: نفّذ مهمة عملية متعلقة بـ برمجة بايثون."
      ],
      "description_en": "Practice-based skill. Improve through projects and feedback."
    },
    {
      "id": "2-02",
      "type": "hard",
      "name_ar": "تطوير الويب",
      "name_en": "Web Development",
      "description_ar": "تطوير الويب مهارة قابلة للتعلم عبر الممارسة. ابدأ بالأساسيات ثم طبّق مشاريع صغيرة.",
      "applications_ar": [
        "تطبيق 1: نفّذ مهمة عملية متعلقة بـ تطوير الويب.",
        "تطبيق 2: نفّذ مهمة عملية متعلقة بـ تطوير الويب.",
        "تطبيق 3: نفّذ مهمة عملية متعلقة بـ تطوير الويب.",
        "تطبيق 4: نفّذ مهمة عملية متعلقة بـ تطوير الويب.",
        "تطبيق 5: نفّذ مهمة عملية متعلقة بـ تطوير الويب.",
        "تطبيق 6: نفّذ مهمة عملية متعلقة بـ تطوير الويب.",
        "تطبيق 7: نفّذ مهمة عملية متعلقة بـ تطوير الويب.",
        "تطبيق 8: نفّذ مهمة عملية متعلقة بـ تطوير الويب.",
        "تطبيق 9: نفّذ مهمة عملية متعلقة بـ تطوير الويب.",
        "تطبيق 10: نفّذ مهمة عملية متعلقة بـ تطوير الويب."
      ],
      "icon": "🛠️",
      "applications_en": [
        "Practical: تطبيق 1: نفّذ مهمة عملية متعلقة بـ تطوير الويب.",
        "Practical: تطبيق 2: نفّذ مهمة عملية متعلقة بـ تطوير الويب.",
        "Practical: تطبيق 3: نفّذ مهمة عملية متعلقة بـ تطوير الويب.",
        "Practical: تطبيق 4: نفّذ مهمة عملية متعلقة بـ تطوير الويب.",
        "Practical: تطبيق 5: نفّذ مهمة عملية متعلقة بـ تطوير الويب.",
        "Practical: تطبيق 6: نفّذ مهمة عملية متعلقة بـ تطوير الويب.",
        "Practical: تطبيق 7: نفّذ مهمة عملية متعلقة بـ تطوير الويب.",
        "Practical: تطبيق 8: نفّذ مهمة عملية متعلقة بـ تطوير الويب.",
        "Practical: تطبيق 9: نفّذ مهمة عملية متعلقة بـ تطوير الويب.",
        "Practical: تطبيق 10: نفّذ مهمة عملية متعلقة بـ تطوير الويب."
      ],
      "description_en": "Practice-based skill. Improve through projects and feedback."
    },
    {
      "id": "2-03",
      "type": "hard",
      "name_ar": "قواعد البيانات",
      "name_en": "Databases",
      "description_ar": "قواعد البيانات مهارة قابلة للتعلم عبر الممارسة. ابدأ بالأساسيات ثم طبّق مشاريع صغيرة.",
      "applications_ar": [
        "تطبيق 1: نفّذ مهمة عملية متعلقة بـ قواعد البيانات.",
        "تطبيق 2: نفّذ مهمة عملية متعلقة بـ قواعد البيانات.",
        "تطبيق 3: نفّذ مهمة عملية متعلقة بـ قواعد البيانات.",
        "تطبيق 4: نفّذ مهمة عملية متعلقة بـ قواعد البيانات.",
        "تطبيق 5: نفّذ مهمة عملية متعلقة بـ قواعد البيانات.",
        "تطبيق 6: نفّذ مهمة عملية متعلقة بـ قواعد البيانات.",
        "تطبيق 7: نفّذ مهمة عملية متعلقة بـ قواعد البيانات.",
        "تطبيق 8: نفّذ مهمة عملية متعلقة بـ قواعد البيانات.",
        "تطبيق 9: نفّذ مهمة عملية متعلقة بـ قواعد البيانات.",
        "تطبيق 10: نفّذ مهمة عملية متعلقة بـ قواعد البيانات."
      ],
      "icon": "🛠️",
      "applications_en": [
        "Practical: تطبيق 1: نفّذ مهمة عملية متعلقة بـ قواعد البيانات.",
        "Practical: تطبيق 2: نفّذ مهمة عملية متعلقة بـ قواعد البيانات.",
        "Practical: تطبيق 3: نفّذ مهمة عملية متعلقة بـ قواعد البيانات.",
        "Practical: تطبيق 4: نفّذ مهمة عملية متعلقة بـ قواعد البيانات.",
        "Practical: تطبيق 5: نفّذ مهمة عملية متعلقة بـ قواعد البيانات.",
        "Practical: تطبيق 6: نفّذ مهمة عملية متعلقة بـ قواعد البيانات.",
        "Practical: تطبيق 7: نفّذ مهمة عملية متعلقة بـ قواعد البيانات.",
        "Practical: تطبيق 8: نفّذ مهمة عملية متعلقة بـ قواعد البيانات.",
        "Practical: تطبيق 9: نفّذ مهمة عملية متعلقة بـ قواعد البيانات.",
        "Practical: تطبيق 10: نفّذ مهمة عملية متعلقة بـ قواعد البيانات."
      ],
      "description_en": "Practice-based skill. Improve through projects and feedback."
    },
    {
      "id": "2-04",
      "type": "hard",
      "name_ar": "تحليل البيانات",
      "name_en": "Data Analysis",
      "description_ar": "تحليل البيانات مهارة قابلة للتعلم عبر الممارسة. ابدأ بالأساسيات ثم طبّق مشاريع صغيرة.",
      "applications_ar": [
        "تطبيق 1: نفّذ مهمة عملية متعلقة بـ تحليل البيانات.",
        "تطبيق 2: نفّذ مهمة عملية متعلقة بـ تحليل البيانات.",
        "تطبيق 3: نفّذ مهمة عملية متعلقة بـ تحليل البيانات.",
        "تطبيق 4: نفّذ مهمة عملية متعلقة بـ تحليل البيانات.",
        "تطبيق 5: نفّذ مهمة عملية متعلقة بـ تحليل البيانات.",
        "تطبيق 6: نفّذ مهمة عملية متعلقة بـ تحليل البيانات.",
        "تطبيق 7: نفّذ مهمة عملية متعلقة بـ تحليل البيانات.",
        "تطبيق 8: نفّذ مهمة عملية متعلقة بـ تحليل البيانات.",
        "تطبيق 9: نفّذ مهمة عملية متعلقة بـ تحليل البيانات.",
        "تطبيق 10: نفّذ مهمة عملية متعلقة بـ تحليل البيانات."
      ],
      "icon": "🛠️",
      "applications_en": [
        "Practical: تطبيق 1: نفّذ مهمة عملية متعلقة بـ تحليل البيانات.",
        "Practical: تطبيق 2: نفّذ مهمة عملية متعلقة بـ تحليل البيانات.",
        "Practical: تطبيق 3: نفّذ مهمة عملية متعلقة بـ تحليل البيانات.",
        "Practical: تطبيق 4: نفّذ مهمة عملية متعلقة بـ تحليل البيانات.",
        "Practical: تطبيق 5: نفّذ مهمة عملية متعلقة بـ تحليل البيانات.",
        "Practical: تطبيق 6: نفّذ مهمة عملية متعلقة بـ تحليل البيانات.",
        "Practical: تطبيق 7: نفّذ مهمة عملية متعلقة بـ تحليل البيانات.",
        "Practical: تطبيق 8: نفّذ مهمة عملية متعلقة بـ تحليل البيانات.",
        "Practical: تطبيق 9: نفّذ مهمة عملية متعلقة بـ تحليل البيانات.",
        "Practical: تطبيق 10: نفّذ مهمة عملية متعلقة بـ تحليل البيانات."
      ],
      "description_en": "Practice-based skill. Improve through projects and feedback."
    },
    {
      "id": "2-05",
      "type": "hard",
      "name_ar": "تعلم الآلة",
      "name_en": "Machine Learning",
      "description_ar": "تعلم الآلة مهارة قابلة للتعلم عبر الممارسة. ابدأ بالأساسيات ثم طبّق مشاريع صغيرة.",
      "applications_ar": [
        "تطبيق 1: نفّذ مهمة عملية متعلقة بـ تعلم الآلة.",
        "تطبيق 2: نفّذ مهمة عملية متعلقة بـ تعلم الآلة.",
        "تطبيق 3: نفّذ مهمة عملية متعلقة بـ تعلم الآلة.",
        "تطبيق 4: نفّذ مهمة عملية متعلقة بـ تعلم الآلة.",
        "تطبيق 5: نفّذ مهمة عملية متعلقة بـ تعلم الآلة.",
        "تطبيق 6: نفّذ مهمة عملية متعلقة بـ تعلم الآلة.",
        "تطبيق 7: نفّذ مهمة عملية متعلقة بـ تعلم الآلة.",
        "تطبيق 8: نفّذ مهمة عملية متعلقة بـ تعلم الآلة.",
        "تطبيق 9: نفّذ مهمة عملية متعلقة بـ تعلم الآلة.",
        "تطبيق 10: نفّذ مهمة عملية متعلقة بـ تعلم الآلة."
      ],
      "icon": "🛠️",
      "applications_en": [
        "Practical: تطبيق 1: نفّذ مهمة عملية متعلقة بـ تعلم الآلة.",
        "Practical: تطبيق 2: نفّذ مهمة عملية متعلقة بـ تعلم الآلة.",
        "Practical: تطبيق 3: نفّذ مهمة عملية متعلقة بـ تعلم الآلة.",
        "Practical: تطبيق 4: نفّذ مهمة عملية متعلقة بـ تعلم الآلة.",
        "Practical: تطبيق 5: نفّذ مهمة عملية متعلقة بـ تعلم الآلة.",
        "Practical: تطبيق 6: نفّذ مهمة عملية متعلقة بـ تعلم الآلة.",
        "Practical: تطبيق 7: نفّذ مهمة عملية متعلقة بـ تعلم الآلة.",
        "Practical: تطبيق 8: نفّذ مهمة عملية متعلقة بـ تعلم الآلة.",
        "Practical: تطبيق 9: نفّذ مهمة عملية متعلقة بـ تعلم الآلة.",
        "Practical: تطبيق 10: نفّذ مهمة عملية متعلقة بـ تعلم الآلة."
      ],
      "description_en": "Practice-based skill. Improve through projects and feedback."
    },
    {
      "id": "2-06",
      "type": "hard",
      "name_ar": "أمن المعلومات",
      "name_en": "Information Security",
      "description_ar": "أمن المعلومات مهارة قابلة للتعلم عبر الممارسة. ابدأ بالأساسيات ثم طبّق مشاريع صغيرة.",
      "applications_ar": [
        "تطبيق 1: نفّذ مهمة عملية متعلقة بـ أمن المعلومات.",
        "تطبيق 2: نفّذ مهمة عملية متعلقة بـ أمن المعلومات.",
        "تطبيق 3: نفّذ مهمة عملية متعلقة بـ أمن المعلومات.",
        "تطبيق 4: نفّذ مهمة عملية متعلقة بـ أمن المعلومات.",
        "تطبيق 5: نفّذ مهمة عملية متعلقة بـ أمن المعلومات.",
        "تطبيق 6: نفّذ مهمة عملية متعلقة بـ أمن المعلومات.",
        "تطبيق 7: نفّذ مهمة عملية متعلقة بـ أمن المعلومات.",
        "تطبيق 8: نفّذ مهمة عملية متعلقة بـ أمن المعلومات.",
        "تطبيق 9: نفّذ مهمة عملية متعلقة بـ أمن المعلومات.",
        "تطبيق 10: نفّذ مهمة عملية متعلقة بـ أمن المعلومات."
      ],
      "icon": "🛠️",
      "applications_en": [
        "Practical: تطبيق 1: نفّذ مهمة عملية متعلقة بـ أمن المعلومات.",
        "Practical: تطبيق 2: نفّذ مهمة عملية متعلقة بـ أمن المعلومات.",
        "Practical: تطبيق 3: نفّذ مهمة عملية متعلقة بـ أمن المعلومات.",
        "Practical: تطبيق 4: نفّذ مهمة عملية متعلقة بـ أمن المعلومات.",
        "Practical: تطبيق 5: نفّذ مهمة عملية متعلقة بـ أمن المعلومات.",
        "Practical: تطبيق 6: نفّذ مهمة عملية متعلقة بـ أمن المعلومات.",
        "Practical: تطبيق 7: نفّذ مهمة عملية متعلقة بـ أمن المعلومات.",
        "Practical: تطبيق 8: نفّذ مهمة عملية متعلقة بـ أمن المعلومات.",
        "Practical: تطبيق 9: نفّذ مهمة عملية متعلقة بـ أمن المعلومات.",
        "Practical: تطبيق 10: نفّذ مهمة عملية متعلقة بـ أمن المعلومات."
      ],
      "description_en": "Practice-based skill. Improve through projects and feedback."
    },
    {
      "id": "2-07",
      "type": "hard",
      "name_ar": "الحوسبة السحابية",
      "name_en": "Cloud Computing",
      "description_ar": "الحوسبة السحابية مهارة قابلة للتعلم عبر الممارسة. ابدأ بالأساسيات ثم طبّق مشاريع صغيرة.",
      "applications_ar": [
        "تطبيق 1: نفّذ مهمة عملية متعلقة بـ الحوسبة السحابية.",
        "تطبيق 2: نفّذ مهمة عملية متعلقة بـ الحوسبة السحابية.",
        "تطبيق 3: نفّذ مهمة عملية متعلقة بـ الحوسبة السحابية.",
        "تطبيق 4: نفّذ مهمة عملية متعلقة بـ الحوسبة السحابية.",
        "تطبيق 5: نفّذ مهمة عملية متعلقة بـ الحوسبة السحابية.",
        "تطبيق 6: نفّذ مهمة عملية متعلقة بـ الحوسبة السحابية.",
        "تطبيق 7: نفّذ مهمة عملية متعلقة بـ الحوسبة السحابية.",
        "تطبيق 8: نفّذ مهمة عملية متعلقة بـ الحوسبة السحابية.",
        "تطبيق 9: نفّذ مهمة عملية متعلقة بـ الحوسبة السحابية.",
        "تطبيق 10: نفّذ مهمة عملية متعلقة بـ الحوسبة السحابية."
      ],
      "icon": "🛠️",
      "applications_en": [
        "Practical: تطبيق 1: نفّذ مهمة عملية متعلقة بـ الحوسبة السحابية.",
        "Practical: تطبيق 2: نفّذ مهمة عملية متعلقة بـ الحوسبة السحابية.",
        "Practical: تطبيق 3: نفّذ مهمة عملية متعلقة بـ الحوسبة السحابية.",
        "Practical: تطبيق 4: نفّذ مهمة عملية متعلقة بـ الحوسبة السحابية.",
        "Practical: تطبيق 5: نفّذ مهمة عملية متعلقة بـ الحوسبة السحابية.",
        "Practical: تطبيق 6: نفّذ مهمة عملية متعلقة بـ الحوسبة السحابية.",
        "Practical: تطبيق 7: نفّذ مهمة عملية متعلقة بـ الحوسبة السحابية.",
        "Practical: تطبيق 8: نفّذ مهمة عملية متعلقة بـ الحوسبة السحابية.",
        "Practical: تطبيق 9: نفّذ مهمة عملية متعلقة بـ الحوسبة السحابية.",
        "Practical: تطبيق 10: نفّذ مهمة عملية متعلقة بـ الحوسبة السحابية."
      ],
      "description_en": "Practice-based skill. Improve through projects and feedback."
    },
    {
      "id": "2-08",
      "type": "hard",
      "name_ar": "DevOps",
      "name_en": "DevOps",
      "description_ar": "DevOps مهارة قابلة للتعلم عبر الممارسة. ابدأ بالأساسيات ثم طبّق مشاريع صغيرة.",
      "applications_ar": [
        "تطبيق 1: نفّذ مهمة عملية متعلقة بـ DevOps.",
        "تطبيق 2: نفّذ مهمة عملية متعلقة بـ DevOps.",
        "تطبيق 3: نفّذ مهمة عملية متعلقة بـ DevOps.",
        "تطبيق 4: نفّذ مهمة عملية متعلقة بـ DevOps.",
        "تطبيق 5: نفّذ مهمة عملية متعلقة بـ DevOps.",
        "تطبيق 6: نفّذ مهمة عملية متعلقة بـ DevOps.",
        "تطبيق 7: نفّذ مهمة عملية متعلقة بـ DevOps.",
        "تطبيق 8: نفّذ مهمة عملية متعلقة بـ DevOps.",
        "تطبيق 9: نفّذ مهمة عملية متعلقة بـ DevOps.",
        "تطبيق 10: نفّذ مهمة عملية متعلقة بـ DevOps."
      ],
      "icon": "🛠️",
      "applications_en": [
        "Practical: تطبيق 1: نفّذ مهمة عملية متعلقة بـ DevOps.",
        "Practical: تطبيق 2: نفّذ مهمة عملية متعلقة بـ DevOps.",
        "Practical: تطبيق 3: نفّذ مهمة عملية متعلقة بـ DevOps.",
        "Practical: تطبيق 4: نفّذ مهمة عملية متعلقة بـ DevOps.",
        "Practical: تطبيق 5: نفّذ مهمة عملية متعلقة بـ DevOps.",
        "Practical: تطبيق 6: نفّذ مهمة عملية متعلقة بـ DevOps.",
        "Practical: تطبيق 7: نفّذ مهمة عملية متعلقة بـ DevOps.",
        "Practical: تطبيق 8: نفّذ مهمة عملية متعلقة بـ DevOps.",
        "Practical: تطبيق 9: نفّذ مهمة عملية متعلقة بـ DevOps.",
        "Practical: تطبيق 10: نفّذ مهمة عملية متعلقة بـ DevOps."
      ],
      "description_en": "Practice-based skill. Improve through projects and feedback."
    },
    {
      "id": "2-09",
      "type": "hard",
      "name_ar": "واجهات API",
      "name_en": "Skill API",
      "description_ar": "واجهات API مهارة قابلة للتعلم عبر الممارسة. ابدأ بالأساسيات ثم طبّق مشاريع صغيرة.",
      "applications_ar": [
        "تطبيق 1: نفّذ مهمة عملية متعلقة بـ واجهات API.",
        "تطبيق 2: نفّذ مهمة عملية متعلقة بـ واجهات API.",
        "تطبيق 3: نفّذ مهمة عملية متعلقة بـ واجهات API.",
        "تطبيق 4: نفّذ مهمة عملية متعلقة بـ واجهات API.",
        "تطبيق 5: نفّذ مهمة عملية متعلقة بـ واجهات API.",
        "تطبيق 6: نفّذ مهمة عملية متعلقة بـ واجهات API.",
        "تطبيق 7: نفّذ مهمة عملية متعلقة بـ واجهات API.",
        "تطبيق 8: نفّذ مهمة عملية متعلقة بـ واجهات API.",
        "تطبيق 9: نفّذ مهمة عملية متعلقة بـ واجهات API.",
        "تطبيق 10: نفّذ مهمة عملية متعلقة بـ واجهات API."
      ],
      "icon": "🛠️",
      "applications_en": [
        "Practical: تطبيق 1: نفّذ مهمة عملية متعلقة بـ واجهات API.",
        "Practical: تطبيق 2: نفّذ مهمة عملية متعلقة بـ واجهات API.",
        "Practical: تطبيق 3: نفّذ مهمة عملية متعلقة بـ واجهات API.",
        "Practical: تطبيق 4: نفّذ مهمة عملية متعلقة بـ واجهات API.",
        "Practical: تطبيق 5: نفّذ مهمة عملية متعلقة بـ واجهات API.",
        "Practical: تطبيق 6: نفّذ مهمة عملية متعلقة بـ واجهات API.",
        "Practical: تطبيق 7: نفّذ مهمة عملية متعلقة بـ واجهات API.",
        "Practical: تطبيق 8: نفّذ مهمة عملية متعلقة بـ واجهات API.",
        "Practical: تطبيق 9: نفّذ مهمة عملية متعلقة بـ واجهات API.",
        "Practical: تطبيق 10: نفّذ مهمة عملية متعلقة بـ واجهات API."
      ],
      "description_en": "Practice-based skill. Improve through projects and feedback."
    },
    {
      "id": "2-10",
      "type": "hard",
      "name_ar": "اختبار البرمجيات",
      "name_en": "Software Testing",
      "description_ar": "اختبار البرمجيات مهارة قابلة للتعلم عبر الممارسة. ابدأ بالأساسيات ثم طبّق مشاريع صغيرة.",
      "applications_ar": [
        "تطبيق 1: نفّذ مهمة عملية متعلقة بـ اختبار البرمجيات.",
        "تطبيق 2: نفّذ مهمة عملية متعلقة بـ اختبار البرمجيات.",
        "تطبيق 3: نفّذ مهمة عملية متعلقة بـ اختبار البرمجيات.",
        "تطبيق 4: نفّذ مهمة عملية متعلقة بـ اختبار البرمجيات.",
        "تطبيق 5: نفّذ مهمة عملية متعلقة بـ اختبار البرمجيات.",
        "تطبيق 6: نفّذ مهمة عملية متعلقة بـ اختبار البرمجيات.",
        "تطبيق 7: نفّذ مهمة عملية متعلقة بـ اختبار البرمجيات.",
        "تطبيق 8: نفّذ مهمة عملية متعلقة بـ اختبار البرمجيات.",
        "تطبيق 9: نفّذ مهمة عملية متعلقة بـ اختبار البرمجيات.",
        "تطبيق 10: نفّذ مهمة عملية متعلقة بـ اختبار البرمجيات."
      ],
      "icon": "🛠️",
      "applications_en": [
        "Practical: تطبيق 1: نفّذ مهمة عملية متعلقة بـ اختبار البرمجيات.",
        "Practical: تطبيق 2: نفّذ مهمة عملية متعلقة بـ اختبار البرمجيات.",
        "Practical: تطبيق 3: نفّذ مهمة عملية متعلقة بـ اختبار البرمجيات.",
        "Practical: تطبيق 4: نفّذ مهمة عملية متعلقة بـ اختبار البرمجيات.",
        "Practical: تطبيق 5: نفّذ مهمة عملية متعلقة بـ اختبار البرمجيات.",
        "Practical: تطبيق 6: نفّذ مهمة عملية متعلقة بـ اختبار البرمجيات.",
        "Practical: تطبيق 7: نفّذ مهمة عملية متعلقة بـ اختبار البرمجيات.",
        "Practical: تطبيق 8: نفّذ مهمة عملية متعلقة بـ اختبار البرمجيات.",
        "Practical: تطبيق 9: نفّذ مهمة عملية متعلقة بـ اختبار البرمجيات.",
        "Practical: تطبيق 10: نفّذ مهمة عملية متعلقة بـ اختبار البرمجيات."
      ],
      "description_en": "Practice-based skill. Improve through projects and feedback."
    },
    {
      "id": "2-11",
      "type": "hard",
      "name_ar": "تحسين الأداء",
      "name_en": "Skill",
      "description_ar": "تحسين الأداء مهارة قابلة للتعلم عبر الممارسة. ابدأ بالأساسيات ثم طبّق مشاريع صغيرة.",
      "applications_ar": [
        "تطبيق 1: نفّذ مهمة عملية متعلقة بـ تحسين الأداء.",
        "تطبيق 2: نفّذ مهمة عملية متعلقة بـ تحسين الأداء.",
        "تطبيق 3: نفّذ مهمة عملية متعلقة بـ تحسين الأداء.",
        "تطبيق 4: نفّذ مهمة عملية متعلقة بـ تحسين الأداء.",
        "تطبيق 5: نفّذ مهمة عملية متعلقة بـ تحسين الأداء.",
        "تطبيق 6: نفّذ مهمة عملية متعلقة بـ تحسين الأداء.",
        "تطبيق 7: نفّذ مهمة عملية متعلقة بـ تحسين الأداء.",
        "تطبيق 8: نفّذ مهمة عملية متعلقة بـ تحسين الأداء.",
        "تطبيق 9: نفّذ مهمة عملية متعلقة بـ تحسين الأداء.",
        "تطبيق 10: نفّذ مهمة عملية متعلقة بـ تحسين الأداء."
      ],
      "icon": "🛠️",
      "applications_en": [
        "Practical: تطبيق 1: نفّذ مهمة عملية متعلقة بـ تحسين الأداء.",
        "Practical: تطبيق 2: نفّذ مهمة عملية متعلقة بـ تحسين الأداء.",
        "Practical: تطبيق 3: نفّذ مهمة عملية متعلقة بـ تحسين الأداء.",
        "Practical: تطبيق 4: نفّذ مهمة عملية متعلقة بـ تحسين الأداء.",
        "Practical: تطبيق 5: نفّذ مهمة عملية متعلقة بـ تحسين الأداء.",
        "Practical: تطبيق 6: نفّذ مهمة عملية متعلقة بـ تحسين الأداء.",
        "Practical: تطبيق 7: نفّذ مهمة عملية متعلقة بـ تحسين الأداء.",
        "Practical: تطبيق 8: نفّذ مهمة عملية متعلقة بـ تحسين الأداء.",
        "Practical: تطبيق 9: نفّذ مهمة عملية متعلقة بـ تحسين الأداء.",
        "Practical: تطبيق 10: نفّذ مهمة عملية متعلقة بـ تحسين الأداء."
      ],
      "description_en": "Practice-based skill. Improve through projects and feedback."
    },
    {
      "id": "2-12",
      "type": "hard",
      "name_ar": "أتمتة",
      "name_en": "Skill",
      "description_ar": "أتمتة مهارة قابلة للتعلم عبر الممارسة. ابدأ بالأساسيات ثم طبّق مشاريع صغيرة.",
      "applications_ar": [
        "تطبيق 1: نفّذ مهمة عملية متعلقة بـ أتمتة.",
        "تطبيق 2: نفّذ مهمة عملية متعلقة بـ أتمتة.",
        "تطبيق 3: نفّذ مهمة عملية متعلقة بـ أتمتة.",
        "تطبيق 4: نفّذ مهمة عملية متعلقة بـ أتمتة.",
        "تطبيق 5: نفّذ مهمة عملية متعلقة بـ أتمتة.",
        "تطبيق 6: نفّذ مهمة عملية متعلقة بـ أتمتة.",
        "تطبيق 7: نفّذ مهمة عملية متعلقة بـ أتمتة.",
        "تطبيق 8: نفّذ مهمة عملية متعلقة بـ أتمتة.",
        "تطبيق 9: نفّذ مهمة عملية متعلقة بـ أتمتة.",
        "تطبيق 10: نفّذ مهمة عملية متعلقة بـ أتمتة."
      ],
      "icon": "🛠️",
      "applications_en": [
        "Practical: تطبيق 1: نفّذ مهمة عملية متعلقة بـ أتمتة.",
        "Practical: تطبيق 2: نفّذ مهمة عملية متعلقة بـ أتمتة.",
        "Practical: تطبيق 3: نفّذ مهمة عملية متعلقة بـ أتمتة.",
        "Practical: تطبيق 4: نفّذ مهمة عملية متعلقة بـ أتمتة.",
        "Practical: تطبيق 5: نفّذ مهمة عملية متعلقة بـ أتمتة.",
        "Practical: تطبيق 6: نفّذ مهمة عملية متعلقة بـ أتمتة.",
        "Practical: تطبيق 7: نفّذ مهمة عملية متعلقة بـ أتمتة.",
        "Practical: تطبيق 8: نفّذ مهمة عملية متعلقة بـ أتمتة.",
        "Practical: تطبيق 9: نفّذ مهمة عملية متعلقة بـ أتمتة.",
        "Practical: تطبيق 10: نفّذ مهمة عملية متعلقة بـ أتمتة."
      ],
      "description_en": "Practice-based skill. Improve through projects and feedback."
    },
    {
      "id": "2-13",
      "type": "hard",
      "name_ar": "برمجة الواجهات",
      "name_en": "Skill",
      "description_ar": "برمجة الواجهات مهارة قابلة للتعلم عبر الممارسة. ابدأ بالأساسيات ثم طبّق مشاريع صغيرة.",
      "applications_ar": [
        "تطبيق 1: نفّذ مهمة عملية متعلقة بـ برمجة الواجهات.",
        "تطبيق 2: نفّذ مهمة عملية متعلقة بـ برمجة الواجهات.",
        "تطبيق 3: نفّذ مهمة عملية متعلقة بـ برمجة الواجهات.",
        "تطبيق 4: نفّذ مهمة عملية متعلقة بـ برمجة الواجهات.",
        "تطبيق 5: نفّذ مهمة عملية متعلقة بـ برمجة الواجهات.",
        "تطبيق 6: نفّذ مهمة عملية متعلقة بـ برمجة الواجهات.",
        "تطبيق 7: نفّذ مهمة عملية متعلقة بـ برمجة الواجهات.",
        "تطبيق 8: نفّذ مهمة عملية متعلقة بـ برمجة الواجهات.",
        "تطبيق 9: نفّذ مهمة عملية متعلقة بـ برمجة الواجهات.",
        "تطبيق 10: نفّذ مهمة عملية متعلقة بـ برمجة الواجهات."
      ],
      "icon": "🛠️",
      "applications_en": [
        "Practical: تطبيق 1: نفّذ مهمة عملية متعلقة بـ برمجة الواجهات.",
        "Practical: تطبيق 2: نفّذ مهمة عملية متعلقة بـ برمجة الواجهات.",
        "Practical: تطبيق 3: نفّذ مهمة عملية متعلقة بـ برمجة الواجهات.",
        "Practical: تطبيق 4: نفّذ مهمة عملية متعلقة بـ برمجة الواجهات.",
        "Practical: تطبيق 5: نفّذ مهمة عملية متعلقة بـ برمجة الواجهات.",
        "Practical: تطبيق 6: نفّذ مهمة عملية متعلقة بـ برمجة الواجهات.",
        "Practical: تطبيق 7: نفّذ مهمة عملية متعلقة بـ برمجة الواجهات.",
        "Practical: تطبيق 8: نفّذ مهمة عملية متعلقة بـ برمجة الواجهات.",
        "Practical: تطبيق 9: نفّذ مهمة عملية متعلقة بـ برمجة الواجهات.",
        "Practical: تطبيق 10: نفّذ مهمة عملية متعلقة بـ برمجة الواجهات."
      ],
      "description_en": "Practice-based skill. Improve through projects and feedback."
    },
    {
      "id": "2-14",
      "type": "hard",
      "name_ar": "الشبكات",
      "name_en": "Skill",
      "description_ar": "الشبكات مهارة قابلة للتعلم عبر الممارسة. ابدأ بالأساسيات ثم طبّق مشاريع صغيرة.",
      "applications_ar": [
        "تطبيق 1: نفّذ مهمة عملية متعلقة بـ الشبكات.",
        "تطبيق 2: نفّذ مهمة عملية متعلقة بـ الشبكات.",
        "تطبيق 3: نفّذ مهمة عملية متعلقة بـ الشبكات.",
        "تطبيق 4: نفّذ مهمة عملية متعلقة بـ الشبكات.",
        "تطبيق 5: نفّذ مهمة عملية متعلقة بـ الشبكات.",
        "تطبيق 6: نفّذ مهمة عملية متعلقة بـ الشبكات.",
        "تطبيق 7: نفّذ مهمة عملية متعلقة بـ الشبكات.",
        "تطبيق 8: نفّذ مهمة عملية متعلقة بـ الشبكات.",
        "تطبيق 9: نفّذ مهمة عملية متعلقة بـ الشبكات.",
        "تطبيق 10: نفّذ مهمة عملية متعلقة بـ الشبكات."
      ],
      "icon": "🛠️",
      "applications_en": [
        "Practical: تطبيق 1: نفّذ مهمة عملية متعلقة بـ الشبكات.",
        "Practical: تطبيق 2: نفّذ مهمة عملية متعلقة بـ الشبكات.",
        "Practical: تطبيق 3: نفّذ مهمة عملية متعلقة بـ الشبكات.",
        "Practical: تطبيق 4: نفّذ مهمة عملية متعلقة بـ الشبكات.",
        "Practical: تطبيق 5: نفّذ مهمة عملية متعلقة بـ الشبكات.",
        "Practical: تطبيق 6: نفّذ مهمة عملية متعلقة بـ الشبكات.",
        "Practical: تطبيق 7: نفّذ مهمة عملية متعلقة بـ الشبكات.",
        "Practical: تطبيق 8: نفّذ مهمة عملية متعلقة بـ الشبكات.",
        "Practical: تطبيق 9: نفّذ مهمة عملية متعلقة بـ الشبكات.",
        "Practical: تطبيق 10: نفّذ مهمة عملية متعلقة بـ الشبكات."
      ],
      "description_en": "Practice-based skill. Improve through projects and feedback."
    },
    {
      "id": "2-15",
      "type": "hard",
      "name_ar": "أنظمة التشغيل",
      "name_en": "Skill",
      "description_ar": "أنظمة التشغيل مهارة قابلة للتعلم عبر الممارسة. ابدأ بالأساسيات ثم طبّق مشاريع صغيرة.",
      "applications_ar": [
        "تطبيق 1: نفّذ مهمة عملية متعلقة بـ أنظمة التشغيل.",
        "تطبيق 2: نفّذ مهمة عملية متعلقة بـ أنظمة التشغيل.",
        "تطبيق 3: نفّذ مهمة عملية متعلقة بـ أنظمة التشغيل.",
        "تطبيق 4: نفّذ مهمة عملية متعلقة بـ أنظمة التشغيل.",
        "تطبيق 5: نفّذ مهمة عملية متعلقة بـ أنظمة التشغيل.",
        "تطبيق 6: نفّذ مهمة عملية متعلقة بـ أنظمة التشغيل.",
        "تطبيق 7: نفّذ مهمة عملية متعلقة بـ أنظمة التشغيل.",
        "تطبيق 8: نفّذ مهمة عملية متعلقة بـ أنظمة التشغيل.",
        "تطبيق 9: نفّذ مهمة عملية متعلقة بـ أنظمة التشغيل.",
        "تطبيق 10: نفّذ مهمة عملية متعلقة بـ أنظمة التشغيل."
      ],
      "icon": "🛠️",
      "applications_en": [
        "Practical: تطبيق 1: نفّذ مهمة عملية متعلقة بـ أنظمة التشغيل.",
        "Practical: تطبيق 2: نفّذ مهمة عملية متعلقة بـ أنظمة التشغيل.",
        "Practical: تطبيق 3: نفّذ مهمة عملية متعلقة بـ أنظمة التشغيل.",
        "Practical: تطبيق 4: نفّذ مهمة عملية متعلقة بـ أنظمة التشغيل.",
        "Practical: تطبيق 5: نفّذ مهمة عملية متعلقة بـ أنظمة التشغيل.",
        "Practical: تطبيق 6: نفّذ مهمة عملية متعلقة بـ أنظمة التشغيل.",
        "Practical: تطبيق 7: نفّذ مهمة عملية متعلقة بـ أنظمة التشغيل.",
        "Practical: تطبيق 8: نفّذ مهمة عملية متعلقة بـ أنظمة التشغيل.",
        "Practical: تطبيق 9: نفّذ مهمة عملية متعلقة بـ أنظمة التشغيل.",
        "Practical: تطبيق 10: نفّذ مهمة عملية متعلقة بـ أنظمة التشغيل."
      ],
      "description_en": "Practice-based skill. Improve through projects and feedback."
    },
    {
      "id": "2-16",
      "type": "hard",
      "name_ar": "التشفير",
      "name_en": "Skill",
      "description_ar": "التشفير مهارة قابلة للتعلم عبر الممارسة. ابدأ بالأساسيات ثم طبّق مشاريع صغيرة.",
      "applications_ar": [
        "تطبيق 1: نفّذ مهمة عملية متعلقة بـ التشفير.",
        "تطبيق 2: نفّذ مهمة عملية متعلقة بـ التشفير.",
        "تطبيق 3: نفّذ مهمة عملية متعلقة بـ التشفير.",
        "تطبيق 4: نفّذ مهمة عملية متعلقة بـ التشفير.",
        "تطبيق 5: نفّذ مهمة عملية متعلقة بـ التشفير.",
        "تطبيق 6: نفّذ مهمة عملية متعلقة بـ التشفير.",
        "تطبيق 7: نفّذ مهمة عملية متعلقة بـ التشفير.",
        "تطبيق 8: نفّذ مهمة عملية متعلقة بـ التشفير.",
        "تطبيق 9: نفّذ مهمة عملية متعلقة بـ التشفير.",
        "تطبيق 10: نفّذ مهمة عملية متعلقة بـ التشفير."
      ],
      "icon": "🛠️",
      "applications_en": [
        "Practical: تطبيق 1: نفّذ مهمة عملية متعلقة بـ التشفير.",
        "Practical: تطبيق 2: نفّذ مهمة عملية متعلقة بـ التشفير.",
        "Practical: تطبيق 3: نفّذ مهمة عملية متعلقة بـ التشفير.",
        "Practical: تطبيق 4: نفّذ مهمة عملية متعلقة بـ التشفير.",
        "Practical: تطبيق 5: نفّذ مهمة عملية متعلقة بـ التشفير.",
        "Practical: تطبيق 6: نفّذ مهمة عملية متعلقة بـ التشفير.",
        "Practical: تطبيق 7: نفّذ مهمة عملية متعلقة بـ التشفير.",
        "Practical: تطبيق 8: نفّذ مهمة عملية متعلقة بـ التشفير.",
        "Practical: تطبيق 9: نفّذ مهمة عملية متعلقة بـ التشفير.",
        "Practical: تطبيق 10: نفّذ مهمة عملية متعلقة بـ التشفير."
      ],
      "description_en": "Practice-based skill. Improve through projects and feedback."
    },
    {
      "id": "2-17",
      "type": "hard",
      "name_ar": "Docker",
      "name_en": "Docker",
      "description_ar": "Docker مهارة قابلة للتعلم عبر الممارسة. ابدأ بالأساسيات ثم طبّق مشاريع صغيرة.",
      "applications_ar": [
        "تطبيق 1: نفّذ مهمة عملية متعلقة بـ Docker.",
        "تطبيق 2: نفّذ مهمة عملية متعلقة بـ Docker.",
        "تطبيق 3: نفّذ مهمة عملية متعلقة بـ Docker.",
        "تطبيق 4: نفّذ مهمة عملية متعلقة بـ Docker.",
        "تطبيق 5: نفّذ مهمة عملية متعلقة بـ Docker.",
        "تطبيق 6: نفّذ مهمة عملية متعلقة بـ Docker.",
        "تطبيق 7: نفّذ مهمة عملية متعلقة بـ Docker.",
        "تطبيق 8: نفّذ مهمة عملية متعلقة بـ Docker.",
        "تطبيق 9: نفّذ مهمة عملية متعلقة بـ Docker.",
        "تطبيق 10: نفّذ مهمة عملية متعلقة بـ Docker."
      ],
      "icon": "🛠️",
      "applications_en": [
        "Practical: تطبيق 1: نفّذ مهمة عملية متعلقة بـ Docker.",
        "Practical: تطبيق 2: نفّذ مهمة عملية متعلقة بـ Docker.",
        "Practical: تطبيق 3: نفّذ مهمة عملية متعلقة بـ Docker.",
        "Practical: تطبيق 4: نفّذ مهمة عملية متعلقة بـ Docker.",
        "Practical: تطبيق 5: نفّذ مهمة عملية متعلقة بـ Docker.",
        "Practical: تطبيق 6: نفّذ مهمة عملية متعلقة بـ Docker.",
        "Practical: تطبيق 7: نفّذ مهمة عملية متعلقة بـ Docker.",
        "Practical: تطبيق 8: نفّذ مهمة عملية متعلقة بـ Docker.",
        "Practical: تطبيق 9: نفّذ مهمة عملية متعلقة بـ Docker.",
        "Practical: تطبيق 10: نفّذ مهمة عملية متعلقة بـ Docker."
      ],
      "description_en": "Practice-based skill. Improve through projects and feedback."
    },
    {
      "id": "2-18",
      "type": "hard",
      "name_ar": "CI/CD",
      "name_en": "CI/CD",
      "description_ar": "CI/CD مهارة قابلة للتعلم عبر الممارسة. ابدأ بالأساسيات ثم طبّق مشاريع صغيرة.",
      "applications_ar": [
        "تطبيق 1: نفّذ مهمة عملية متعلقة بـ CI/CD.",
        "تطبيق 2: نفّذ مهمة عملية متعلقة بـ CI/CD.",
        "تطبيق 3: نفّذ مهمة عملية متعلقة بـ CI/CD.",
        "تطبيق 4: نفّذ مهمة عملية متعلقة بـ CI/CD.",
        "تطبيق 5: نفّذ مهمة عملية متعلقة بـ CI/CD.",
        "تطبيق 6: نفّذ مهمة عملية متعلقة بـ CI/CD.",
        "تطبيق 7: نفّذ مهمة عملية متعلقة بـ CI/CD.",
        "تطبيق 8: نفّذ مهمة عملية متعلقة بـ CI/CD.",
        "تطبيق 9: نفّذ مهمة عملية متعلقة بـ CI/CD.",
        "تطبيق 10: نفّذ مهمة عملية متعلقة بـ CI/CD."
      ],
      "icon": "🛠️",
      "applications_en": [
        "Practical: تطبيق 1: نفّذ مهمة عملية متعلقة بـ CI/CD.",
        "Practical: تطبيق 2: نفّذ مهمة عملية متعلقة بـ CI/CD.",
        "Practical: تطبيق 3: نفّذ مهمة عملية متعلقة بـ CI/CD.",
        "Practical: تطبيق 4: نفّذ مهمة عملية متعلقة بـ CI/CD.",
        "Practical: تطبيق 5: نفّذ مهمة عملية متعلقة بـ CI/CD.",
        "Practical: تطبيق 6: نفّذ مهمة عملية متعلقة بـ CI/CD.",
        "Practical: تطبيق 7: نفّذ مهمة عملية متعلقة بـ CI/CD.",
        "Practical: تطبيق 8: نفّذ مهمة عملية متعلقة بـ CI/CD.",
        "Practical: تطبيق 9: نفّذ مهمة عملية متعلقة بـ CI/CD.",
        "Practical: تطبيق 10: نفّذ مهمة عملية متعلقة بـ CI/CD."
      ],
      "description_en": "Practice-based skill. Improve through projects and feedback."
    },
    {
      "id": "2-19",
      "type": "hard",
      "name_ar": "مراقبة الأنظمة",
      "name_en": "Skill",
      "description_ar": "مراقبة الأنظمة مهارة قابلة للتعلم عبر الممارسة. ابدأ بالأساسيات ثم طبّق مشاريع صغيرة.",
      "applications_ar": [
        "تطبيق 1: نفّذ مهمة عملية متعلقة بـ مراقبة الأنظمة.",
        "تطبيق 2: نفّذ مهمة عملية متعلقة بـ مراقبة الأنظمة.",
        "تطبيق 3: نفّذ مهمة عملية متعلقة بـ مراقبة الأنظمة.",
        "تطبيق 4: نفّذ مهمة عملية متعلقة بـ مراقبة الأنظمة.",
        "تطبيق 5: نفّذ مهمة عملية متعلقة بـ مراقبة الأنظمة.",
        "تطبيق 6: نفّذ مهمة عملية متعلقة بـ مراقبة الأنظمة.",
        "تطبيق 7: نفّذ مهمة عملية متعلقة بـ مراقبة الأنظمة.",
        "تطبيق 8: نفّذ مهمة عملية متعلقة بـ مراقبة الأنظمة.",
        "تطبيق 9: نفّذ مهمة عملية متعلقة بـ مراقبة الأنظمة.",
        "تطبيق 10: نفّذ مهمة عملية متعلقة بـ مراقبة الأنظمة."
      ],
      "icon": "🛠️",
      "applications_en": [
        "Practical: تطبيق 1: نفّذ مهمة عملية متعلقة بـ مراقبة الأنظمة.",
        "Practical: تطبيق 2: نفّذ مهمة عملية متعلقة بـ مراقبة الأنظمة.",
        "Practical: تطبيق 3: نفّذ مهمة عملية متعلقة بـ مراقبة الأنظمة.",
        "Practical: تطبيق 4: نفّذ مهمة عملية متعلقة بـ مراقبة الأنظمة.",
        "Practical: تطبيق 5: نفّذ مهمة عملية متعلقة بـ مراقبة الأنظمة.",
        "Practical: تطبيق 6: نفّذ مهمة عملية متعلقة بـ مراقبة الأنظمة.",
        "Practical: تطبيق 7: نفّذ مهمة عملية متعلقة بـ مراقبة الأنظمة.",
        "Practical: تطبيق 8: نفّذ مهمة عملية متعلقة بـ مراقبة الأنظمة.",
        "Practical: تطبيق 9: نفّذ مهمة عملية متعلقة بـ مراقبة الأنظمة.",
        "Practical: تطبيق 10: نفّذ مهمة عملية متعلقة بـ مراقبة الأنظمة."
      ],
      "description_en": "Practice-based skill. Improve through projects and feedback."
    },
    {
      "id": "2-20",
      "type": "hard",
      "name_ar": "تحليل الأداء",
      "name_en": "Skill",
      "description_ar": "تحليل الأداء مهارة قابلة للتعلم عبر الممارسة. ابدأ بالأساسيات ثم طبّق مشاريع صغيرة.",
      "applications_ar": [
        "تطبيق 1: نفّذ مهمة عملية متعلقة بـ تحليل الأداء.",
        "تطبيق 2: نفّذ مهمة عملية متعلقة بـ تحليل الأداء.",
        "تطبيق 3: نفّذ مهمة عملية متعلقة بـ تحليل الأداء.",
        "تطبيق 4: نفّذ مهمة عملية متعلقة بـ تحليل الأداء.",
        "تطبيق 5: نفّذ مهمة عملية متعلقة بـ تحليل الأداء.",
        "تطبيق 6: نفّذ مهمة عملية متعلقة بـ تحليل الأداء.",
        "تطبيق 7: نفّذ مهمة عملية متعلقة بـ تحليل الأداء.",
        "تطبيق 8: نفّذ مهمة عملية متعلقة بـ تحليل الأداء.",
        "تطبيق 9: نفّذ مهمة عملية متعلقة بـ تحليل الأداء.",
        "تطبيق 10: نفّذ مهمة عملية متعلقة بـ تحليل الأداء."
      ],
      "icon": "🛠️",
      "applications_en": [
        "Practical: تطبيق 1: نفّذ مهمة عملية متعلقة بـ تحليل الأداء.",
        "Practical: تطبيق 2: نفّذ مهمة عملية متعلقة بـ تحليل الأداء.",
        "Practical: تطبيق 3: نفّذ مهمة عملية متعلقة بـ تحليل الأداء.",
        "Practical: تطبيق 4: نفّذ مهمة عملية متعلقة بـ تحليل الأداء.",
        "Practical: تطبيق 5: نفّذ مهمة عملية متعلقة بـ تحليل الأداء.",
        "Practical: تطبيق 6: نفّذ مهمة عملية متعلقة بـ تحليل الأداء.",
        "Practical: تطبيق 7: نفّذ مهمة عملية متعلقة بـ تحليل الأداء.",
        "Practical: تطبيق 8: نفّذ مهمة عملية متعلقة بـ تحليل الأداء.",
        "Practical: تطبيق 9: نفّذ مهمة عملية متعلقة بـ تحليل الأداء.",
        "Practical: تطبيق 10: نفّذ مهمة عملية متعلقة بـ تحليل الأداء."
      ],
      "description_en": "Practice-based skill. Improve through projects and feedback."
    }
  ]
}