{
  "skills": [
    {
      "id": "9-01",
      "type": "soft",
      "name_ar": "التغذية الأساسية",
      "name_en": "Nutrition Basics",
      "description_ar": "التغذية الأساسية مهارة قابلة للتعلم عبر الممارسة. ابدأ بالأساسيات ثم طبّق مشاريع صغيرة.",
      "applications_ar": [
        "تطبيق 1: نفّذ مهمة عملية متعلقة بـ التغذية الأساسية.",
        "تطبيق 2: نفّذ مهمة عملية متعلقة بـ التغذية الأساسية.",
        "تطبيق 3: نفّذ مهمة عملية متعلقة بـ التغذية الأساسية.",
        "تطبيق 4: نفّذ مهمة عملية متعلقة بـ التغذية الأساسية.",
        "تطبيق 5: نفّذ مهمة عملية متعلقة بـ التغذية الأساسية.",
        "تطبيق 6: نفّذ مهمة عملية متعلقة بـ التغذية الأساسية.",
        "تطبيق 7: نفّذ مهمة عملية متعلقة بـ التغذية الأساسية.",
        "تطبيق 8: نفّذ مهمة عملية متعلقة بـ التغذية الأساسية.",
        "تطبيق 9: نفّذ مهمة عملية متعلقة بـ التغذية الأساسية.",
        "تطبيق 10: نفّذ مهمة عملية متعلقة بـ التغذية الأساسية."
      ],
      "icon": "🤝",
      "applications_en": [
        "Practical: تطبيق 1: نفّذ مهمة عملية متعلقة بـ التغذية الأساسية.",
        "Practical: تطبيق 2: نفّذ مهمة عملية متعلقة بـ التغذية الأساسية.",
        "Practical: تطبيق 3: نفّذ مهمة عملية متعلقة بـ التغذية الأساسية.",
        "Practical: تطبيق 4: نفّذ مهمة عملية متعلقة بـ التغذية الأساسية.",
        "Practical: تطبيق 5: نفّذ مهمة عملية متعلقة بـ التغذية الأساسية.",
        "Practical: تطبيق 6: نفّذ مهمة عملية متعلقة بـ التغذية الأساسية.",
        "Practical: تطبيق 7: نفّذ مهمة عملية متعلقة بـ التغذية الأساسية.",
        "Practical: تطبيق 8: نفّذ مهمة عملية متعلقة بـ التغذية الأساسية.",
        "Practical: تطبيق 9: نفّذ مهمة عملية متعلقة بـ التغذية الأساسية.",
        "Practical: تطبيق 10: نفّذ مهمة عملية متعلقة بـ التغذية الأساسية."
      ],
      "description_en": "Practice-based skill. Improve through projects and feedback."
    },
    {
      "id": "9-02",
      "type": "soft",
      "name_ar": "اللياقة البدنية",
      "name_en": "Fitness",
      "description_ar": "اللياقة البدنية مهارة قابلة للتعلم عبر الممارسة. ابدأ بالأساسيات ثم طبّق مشاريع صغيرة.",
      "applications_ar": [
        "تطبيق 1: نفّذ مهمة عملية متعلقة بـ اللياقة البدنية.",
        "تطبيق 2: نفّذ مهمة عملية متعلقة بـ اللياقة البدنية.",
        "تطبيق 3: نفّذ مهمة عملية متعلقة بـ اللياقة البدنية.",
        "تطبيق 4: نفّذ مهمة عملية متعلقة بـ اللياقة البدنية.",
        "تطبيق 5: نفّذ مهمة عملية متعلقة بـ اللياقة البدنية.",
        "تطبيق 6: نفّذ مهمة عملية متعلقة بـ اللياقة البدنية.",
        "تطبيق 7: نفّذ مهمة عملية متعلقة بـ اللياقة البدنية.",
        "تطبيق 8: نفّذ مهمة عملية متعلقة بـ اللياقة البدنية.",
        "تطبيق 9: نفّذ مهمة عملية متعلقة بـ اللياقة البدنية.",
        "تطبيق 10: نفّذ مهمة عملية متعلقة بـ اللياقة البدنية."
      ],
      "icon": "🤝",
      "applications_en": [
        "Practical: تطبيق 1: نفّذ مهمة عملية متعلقة بـ اللياقة البدنية.",
        "Practical: تطبيق 2: نفّذ مهمة عملية متعلقة بـ اللياقة البدنية.",
        "Practical: تطبيق 3: نفّذ مهمة عملية متعلقة بـ اللياقة البدنية.",
        "Practical: تطبيق 4: نفّذ مهمة عملية متعلقة بـ اللياقة البدنية.",
        "Practical: تطبيق 5: نفّذ مهمة عملية متعلقة بـ اللياقة البدنية.",
        "Practical: تطبيق 6: نفّذ مهمة عملية متعلقة بـ اللياقة البدنية.",
        "Practical: تطبيق 7: نفّذ مهمة عملية متعلقة بـ اللياقة البدنية.",
        "Practical: تطبيق 8: نفّذ مهمة عملية متعلقة بـ اللياقة البدنية.",
        "Practical: تطبيق 9: نفّذ مهمة عملية متعلقة بـ اللياقة البدنية.",
        "Practical: تطبيق 10: نفّذ مهمة عملية متعلقة بـ اللياقة البدنية."
      ],
      "description_en": "Practice-based skill. Improve through projects and feedback."
    },
    {
      "id": "9-03",
      "type": "soft",
      "name_ar": "الصحة النفسية",
      "name_en": "Mental Health",
      "description_ar": "الصحة النفسية مهارة قابلة للتعلم عبر الممارسة. ابدأ بالأساسيات ثم طبّق مشاريع صغيرة.",
      "applications_ar": [
        "تطبيق 1: نفّذ مهمة عملية متعلقة بـ الصحة النفسية.",
        "تطبيق 2: نفّذ مهمة عملية متعلقة بـ الصحة النفسية.",
        "تطبيق 3: نفّذ مهمة عملية متعلقة بـ الصحة النفسية.",
        "تطبيق 4: نفّذ مهمة عملية متعلقة بـ الصحة النفسية.",
        "تطبيق 5: نفّذ مهمة عملية متعلقة بـ الصحة النفسية.",
        "تطبيق 6: نفّذ مهمة عملية متعلقة بـ الصحة النفسية.",
        "تطبيق 7: نفّذ مهمة عملية متعلقة بـ الصحة النفسية.",
        "تطبيق 8: نفّذ مهمة عملية متعلقة بـ الصحة النفسية.",
        "تطبيق 9: نفّذ مهمة عملية متعلقة بـ الصحة النفسية.",
        "تطبيق 10: نفّذ مهمة عملية متعلقة بـ الصحة النفسية."
      ],
      "icon": "🤝",
      "applications_en": [
        "Practical: تطبيق 1: نفّذ مهمة عملية متعلقة بـ الصحة النفسية.",
        "Practical: تطبيق 2: نفّذ مهمة عملية متعلقة بـ الصحة النفسية.",
        "Practical: تطبيق 3: نفّذ مهمة عملية متعلقة بـ الصحة النفسية.",
        "Practical: تطبيق 4: نفّذ مهمة عملية متعلقة بـ الصحة النفسية.",
        "Practical: تطبيق 5: نفّذ مهمة عملية متعلقة بـ الصحة النفسية.",
        "Practical: تطبيق 6: نفّذ مهمة عملية متعلقة بـ الصحة النفسية.",
        "Practical: تطبيق 7: نفّذ مهمة عملية متعلقة بـ الصحة النفسية.",
        "Practical: تطبيق 8: نفّذ مهمة عملية متعلقة بـ الصحة النفسية.",
        "Practical: تطبيق 9: نفّذ مهمة عملية متعلقة بـ الصحة النفسية.",
        "Practical: تطبيق 10: نفّذ مهمة عملية متعلقة بـ الصحة النفسية."
      ],
      "description_en": "Practice-based skill. Improve through projects and feedback."
    },
    {
      "id": "9-04",
      "type": "soft",
      "name_ar": "الإسعافات الأولية",
      "name_en": "Skill",
      "description_ar": "الإسعافات الأولية مهارة قابلة للتعلم عبر الممارسة. ابدأ بالأساسيات ثم طبّق مشاريع صغيرة.",
      "applications_ar": [
        "تطبيق 1: نفّذ مهمة عملية متعلقة بـ الإسعافات الأولية.",
        "تطبيق 2: نفّذ مهمة عملية متعلقة بـ الإسعافات الأولية.",
        "تطبيق 3: نفّذ مهمة عملية متعلقة بـ الإسعافات الأولية.",
        "تطبيق 4: نفّذ مهمة عملية متعلقة بـ الإسعافات الأولية.",
        "تطبيق 5: نفّذ مهمة عملية متعلقة بـ الإسعافات الأولية.",
        "تطبيق 6: نفّذ مهمة عملية متعلقة بـ الإسعافات الأولية.",
        "تطبيق 7: نفّذ مهمة عملية متعلقة بـ الإسعافات الأولية.",
        "تطبيق 8: نفّذ مهمة عملية متعلقة بـ الإسعافات الأولية.",
        "تطبيق 9: نفّذ مهمة عملية متعلقة بـ الإسعافات الأولية.",
        "تطبيق 10: نفّذ مهمة عملية متعلقة بـ الإسعافات الأولية."
      ],
      "icon": "🤝",
      "applications_en": [
        "Practical: تطبيق 1: نفّذ مهمة عملية متعلقة بـ الإسعافات الأولية.",
        "Practical: تطبيق 2: نفّذ مهمة عملية متعلقة بـ الإسعافات الأولية.",
        "Practical: تطبيق 3: نفّذ مهمة عملية متعلقة بـ الإسعافات الأولية.",
        "Practical: تطبيق 4: نفّذ مهمة عملية متعلقة بـ الإسعافات الأولية.",
        "Practical: تطبيق 5: نفّذ مهمة عملية متعلقة بـ الإسعافات الأولية.",
        "Practical: تطبيق 6: نفّذ مهمة عملية متعلقة بـ الإسعافات الأولية.",
        "Practical: تطبيق 7: نفّذ مهمة عملية متعلقة بـ الإسعافات الأولية.",
        "Practical: تطبيق 8: نفّذ مهمة عملية متعلقة بـ الإسعافات الأولية.",
        "Practical: تطبيق 9: نفّذ مهمة عملية متعلقة بـ الإسعافات الأولية.",
        "Practical: تطبيق 10: نفّذ مهمة عملية متعلقة بـ الإسعافات الأولية."
      ],
      "description_en": "Practice-based skill. Improve through projects and feedback."
    },
    {
      "id": "9-05",
      "type": "soft",
      "name_ar": "التخطيط الغذائي",
      "name_en": "Skill",
      "description_ar": "التخطيط الغذائي مهارة قابلة للتعلم عبر الممارسة. ابدأ بالأساسيات ثم طبّق مشاريع صغيرة.",
      "applications_ar": [
        "تطبيق 1: نفّذ مهمة عملية متعلقة بـ التخطيط الغذائي.",
        "تطبيق 2: نفّذ مهمة عملية متعلقة بـ التخطيط الغذائي.",
        "تطبيق 3: نفّذ مهمة عملية متعلقة بـ التخطيط الغذائي.",
        "تطبيق 4: نفّذ مهمة عملية متعلقة بـ التخطيط الغذائي.",
        "تطبيق 5: نفّذ مهمة عملية متعلقة بـ التخطيط الغذائي.",
        "تطبيق 6: نفّذ مهمة عملية متعلقة بـ التخطيط الغذائي.",
        "تطبيق 7: نفّذ مهمة عملية متعلقة بـ التخطيط الغذائي.",
        "تطبيق 8: نفّذ مهمة عملية متعلقة بـ التخطيط الغذائي.",
        "تطبيق 9: نفّذ مهمة عملية متعلقة بـ التخطيط الغذائي.",
        "تطبيق 10: نفّذ مهمة عملية متعلقة بـ التخطيط الغذائي."
      ],
      "icon": "🤝",
      "applications_en": [
        "Practical: تطبيق 1: نفّذ مهمة عملية متعلقة بـ التخطيط الغذائي.",
        "Practical: تطبيق 2: نفّذ مهمة عملية متعلقة بـ التخطيط الغذائي.",
        "Practical: تطبيق 3: نفّذ مهمة عملية متعلقة بـ التخطيط الغذائي.",
        "Practical: تطبيق 4: نفّذ مهمة عملية متعلقة بـ التخطيط الغذائي.",
        "Practical: تطبيق 5: نفّذ مهمة عملية متعلقة بـ التخطيط الغذائي.",
        "Practical: تطبيق 6: نفّذ مهمة عملية متعلقة بـ التخطيط الغذائي.",
        "Practical: تطبيق 7: نفّذ مهمة عملية متعلقة بـ التخطيط الغذائي.",
        "Practical: تطبيق 8: نفّذ مهمة عملية متعلقة بـ التخطيط الغذائي.",
        "Practical: تطبيق 9: نفّذ مهمة عملية متعلقة بـ التخطيط الغذائي.",
        "Practical: تطبيق 10: نفّذ مهمة عملية متعلقة بـ التخطيط الغذائي."
      ],
      "description_en": "Practice-based skill. Improve through projects and feedback."
    },
    {
      "id": "9-06",
      "type": "soft",
      "name_ar": "صحة النوم",
      "name_en": "Skill",
      "description_ar": "صحة النوم مهارة قابلة للتعلم عبر الممارسة. ابدأ بالأساسيات ثم طبّق مشاريع صغيرة.",
      "applications_ar": [
        "تطبيق 1: نفّذ مهمة عملية متعلقة بـ صحة النوم.",
        "تطبيق 2: نفّذ مهمة عملية متعلقة بـ صحة النوم.",
        "تطبيق 3: نفّذ مهمة عملية متعلقة بـ صحة النوم.",
        "تطبيق 4: نفّذ مهمة عملية متعلقة بـ صحة النوم.",
        "تطبيق 5: نفّذ مهمة عملية متعلقة بـ صحة النوم.",
        "تطبيق 6: نفّذ مهمة عملية متعلقة بـ صحة النوم.",
        "تطبيق 7: نفّذ مهمة عملية متعلقة بـ صحة النوم.",
        "تطبيق 8: نفّذ مهمة عملية متعلقة بـ صحة النوم.",
        "تطبيق 9: نفّذ مهمة عملية متعلقة بـ صحة النوم.",
        "تطبيق 10: نفّذ مهمة عملية متعلقة بـ صحة النوم."
      ],
      "icon": "🤝",
      "applications_en": [
        "Practical: تطبيق 1: نفّذ مهمة عملية متعلقة بـ صحة النوم.",
        "Practical: تطبيق 2: نفّذ مهمة عملية متعلقة بـ صحة النوم.",
        "Practical: تطبيق 3: نفّذ مهمة عملية متعلقة بـ صحة النوم.",
        "Practical: تطبيق 4: نفّذ مهمة عملية متعلقة بـ صحة النوم.",
        "Practical: تطبيق 5: نفّذ مهمة عملية متعلقة بـ صحة النوم.",
        "Practical: تطبيق 6: نفّذ مهمة عملية متعلقة بـ صحة النوم.",
        "Practical: تطبيق 7: نفّذ مهمة عملية متعلقة بـ صحة النوم.",
        "Practical: تطبيق 8: نفّذ مهمة عملية متعلقة بـ صحة النوم.",
        "Practical: تطبيق 9: نفّذ مهمة عملية متعلقة بـ صحة النوم.",
        "Practical: تطبيق 10: نفّذ مهمة عملية متعلقة بـ صحة النوم."
      ],
      "description_en": "Practice-based skill. Improve through projects and feedback."
    },
    {
      "id": "9-07",
      "type": "soft",
      "name_ar": "العادات الصحية",
      "name_en": "Skill",
      "description_ar": "العادات الصحية مهارة قابلة للتعلم عبر الممارسة. ابدأ بالأساسيات ثم طبّق مشاريع صغيرة.",
      "applications_ar": [
        "تطبيق 1: نفّذ مهمة عملية متعلقة بـ العادات الصحية.",
        "تطبيق 2: نفّذ مهمة عملية متعلقة بـ العادات الصحية.",
        "تطبيق 3: نفّذ مهمة عملية متعلقة بـ العادات الصحية.",
        "تطبيق 4: نفّذ مهمة عملية متعلقة بـ العادات الصحية.",
        "تطبيق 5: نفّذ مهمة عملية متعلقة بـ العادات الصحية.",
        "تطبيق 6: نفّذ مهمة عملية متعلقة بـ العادات الصحية.",
        "تطبيق 7: نفّذ مهمة عملية متعلقة بـ العادات الصحية.",
        "تطبيق 8: نفّذ مهمة عملية متعلقة بـ العادات الصحية.",
        "تطبيق 9: نفّذ مهمة عملية متعلقة بـ العادات الصحية.",
        "تطبيق 10: نفّذ مهمة عملية متعلقة بـ العادات الصحية."
      ],
      "icon": "🤝",
      "applications_en": [
        "Practical: تطبيق 1: نفّذ مهمة عملية متعلقة بـ العادات الصحية.",
        "Practical: تطبيق 2: نفّذ مهمة عملية متعلقة بـ العادات الصحية.",
        "Practical: تطبيق 3: نفّذ مهمة عملية متعلقة بـ العادات الصحية.",
        "Practical: تطبيق 4: نفّذ مهمة عملية متعلقة بـ العادات الصحية.",
        "Practical: تطبيق 5: نفّذ مهمة عملية متعلقة بـ العادات الصحية.",
        "Practical: تطبيق 6: نفّذ مهمة عملية متعلقة بـ العادات الصحية.",
        "Practical: تطبيق 7: نفّذ مهمة عملية متعلقة بـ العادات الصحية.",
        "Practical: تطبيق 8: نفّذ مهمة عملية متعلقة بـ العادات الصحية.",
        "Practical: تطبيق 9: نفّذ مهمة عملية متعلقة بـ العادات الصحية.",
        "Practical: تطبيق 10: نفّذ مهمة عملية متعلقة بـ العادات الصحية."
      ],
      "description_en": "Practice-based skill. Improve through projects and feedback."
    },
    {
      "id": "9-08",
      "type": "soft",
      "name_ar": "إدارة التوتر",
      "name_en": "Skill",
      "description_ar": "إدارة التوتر مهارة قابلة للتعلم عبر الممارسة. ابدأ بالأساسيات ثم طبّق مشاريع صغيرة.",
      "applications_ar": [
        "تطبيق 1: نفّذ مهمة عملية متعلقة بـ إدارة التوتر.",
        "تطبيق 2: نفّذ مهمة عملية متعلقة بـ إدارة التوتر.",
        "تطبيق 3: نفّذ مهمة عملية متعلقة بـ إدارة التوتر.",
        "تطبيق 4: نفّذ مهمة عملية متعلقة بـ إدارة التوتر.",
        "تطبيق 5: نفّذ مهمة عملية متعلقة بـ إدارة التوتر.",
        "تطبيق 6: نفّذ مهمة عملية متعلقة بـ إدارة التوتر.",
        "تطبيق 7: نفّذ مهمة عملية متعلقة بـ إدارة التوتر.",
        "تطبيق 8: نفّذ مهمة عملية متعلقة بـ إدارة التوتر.",
        "تطبيق 9: نفّذ مهمة عملية متعلقة بـ إدارة التوتر.",
        "تطبيق 10: نفّذ مهمة عملية متعلقة بـ إدارة التوتر."
      ],
      "icon": "🤝",
      "applications_en": [
        "Practical: تطبيق 1: نفّذ مهمة عملية متعلقة بـ إدارة التوتر.",
        "Practical: تطبيق 2: نفّذ مهمة عملية متعلقة بـ إدارة التوتر.",
        "Practical: تطبيق 3: نفّذ مهمة عملية متعلقة بـ إدارة التوتر.",
        "Practical: تطبيق 4: نفّذ مهمة عملية متعلقة بـ إدارة التوتر.",
        "Practical: تطبيق 5: نفّذ مهمة عملية متعلقة بـ إدارة التوتر.",
        "Practical: تطبيق 6: نفّذ مهمة عملية متعلقة بـ إدارة التوتر.",
        "Practical: تطبيق 7: نفّذ مهمة عملية متعلقة بـ إدارة التوتر.",
        "Practical: تطبيق 8: نفّذ مهمة عملية متعلقة بـ إدارة التوتر.",
        "Practical: تطبيق 9: نفّذ مهمة عملية متعلقة بـ إدارة التوتر.",
        "Practical: تطبيق 10: نفّذ مهمة عملية متعلقة بـ إدارة التوتر."
      ],
      "description_en": "Practice-based skill. Improve through projects and feedback."
    },
    {
      "id": "9-09",
      "type": "soft",
      "name_ar": "الوقاية من الأمراض",
      "name_en": "Skill",
      "description_ar": "الوقاية من الأمراض مهارة قابلة للتعلم عبر الممارسة. ابدأ بالأساسيات ثم طبّق مشاريع صغيرة.",
      "applications_ar": [
        "تطبيق 1: نفّذ مهمة عملية متعلقة بـ الوقاية من الأمراض.",
        "تطبيق 2: نفّذ مهمة عملية متعلقة بـ الوقاية من الأمراض.",
        "تطبيق 3: نفّذ مهمة عملية متعلقة بـ الوقاية من الأمراض.",
        "تطبيق 4: نفّذ مهمة عملية متعلقة بـ الوقاية من الأمراض.",
        "تطبيق 5: نفّذ مهمة عملية متعلقة بـ الوقاية من الأمراض.",
        "تطبيق 6: نفّذ مهمة عملية متعلقة بـ الوقاية من الأمراض.",
        "تطبيق 7: نفّذ مهمة عملية متعلقة بـ الوقاية من الأمراض.",
        "تطبيق 8: نفّذ مهمة عملية متعلقة بـ الوقاية من الأمراض.",
        "تطبيق 9: نفّذ مهمة عملية متعلقة بـ الوقاية من الأمراض.",
        "تطبيق 10: نفّذ مهمة عملية متعلقة بـ الوقاية من الأمراض."
      ],
      "icon": "🤝",
      "applications_en": [
        "Practical: تطبيق 1: نفّذ مهمة عملية متعلقة بـ الوقاية من الأمراض.",
        "Practical: تطبيق 2: نفّذ مهمة عملية متعلقة بـ الوقاية من الأمراض.",
        "Practical: تطبيق 3: نفّذ مهمة عملية متعلقة بـ الوقاية من الأمراض.",
        "Practical: تطبيق 4: نفّذ مهمة عملية متعلقة بـ الوقاية من الأمراض.",
        "Practical: تطبيق 5: نفّذ مهمة عملية متعلقة بـ الوقاية من الأمراض.",
        "Practical: تطبيق 6: نفّذ مهمة عملية متعلقة بـ الوقاية من الأمراض.",
        "Practical: تطبيق 7: نفّذ مهمة عملية متعلقة بـ الوقاية من الأمراض.",
        "Practical: تطبيق 8: نفّذ مهمة عملية متعلقة بـ الوقاية من الأمراض.",
        "Practical: تطبيق 9: نفّذ مهمة عملية متعلقة بـ الوقاية من الأمراض.",
        "Practical: تطبيق 10: نفّذ مهمة عملية متعلقة بـ الوقاية من الأمراض."
      ],
      "description_en": "Practice-based skill. Improve through projects and feedback."
    },
    {
      "id": "9-10",
      "type": "soft",
      "name_ar": "الصحة العامة",
      "name_en": "Skill",
      "description_ar": "الصحة العامة مهارة قابلة للتعلم عبر الممارسة. ابدأ بالأساسيات ثم طبّق مشاريع صغيرة.",
      "applications_ar": [
        "تطبيق 1: نفّذ مهمة عملية متعلقة بـ الصحة العامة.",
        "تطبيق 2: نفّذ مهمة عملية متعلقة بـ الصحة العامة.",
        "تطبيق 3: نفّذ مهمة عملية متعلقة بـ الصحة العامة.",
        "تطبيق 4: نفّذ مهمة عملية متعلقة بـ الصحة العامة.",
        "تطبيق 5: نفّذ مهمة عملية متعلقة بـ الصحة العامة.",
        "تطبيق 6: نفّذ مهمة عملية متعلقة بـ الصحة العامة.",
        "تطبيق 7: نفّذ مهمة عملية متعلقة بـ الصحة العامة.",
        "تطبيق 8: نفّذ مهمة عملية متعلقة بـ الصحة العامة.",
        "تطبيق 9: نفّذ مهمة عملية متعلقة بـ الصحة العامة.",
        "تطبيق 10: نفّذ مهمة عملية متعلقة بـ الصحة العامة."
      ],
      "icon": "🤝",
      "applications_en": [
        "Practical: تطبيق 1: نفّذ مهمة عملية متعلقة بـ الصحة العامة.",
        "Practical: تطبيق 2: نفّذ مهمة عملية متعلقة بـ الصحة العامة.",
        "Practical: تطبيق 3: نفّذ مهمة عملية متعلقة بـ الصحة العامة.",
        "Practical: تطبيق 4: نفّذ مهمة عملية متعلقة بـ الصحة العامة.",
        "Practical: تطبيق 5: نفّذ مهمة عملية متعلقة بـ الصحة العامة.",
        "Practical: تطبيق 6: نفّذ مهمة عملية متعلقة بـ الصحة العامة.",
        "Practical: تطبيق 7: نفّذ مهمة عملية متعلقة بـ الصحة العامة.",
        "Practical: تطبيق 8: نفّذ مهمة عملية متعلقة بـ الصحة العامة.",
        "Practical: تطبيق 9: نفّذ مهمة عملية متعلقة بـ الصحة العامة.",
        "Practical: تطبيق 10: نفّذ مهمة عملية متعلقة بـ الصحة العامة."
      ],
      "description_en": "Practice-based skill. Improve through projects and feedback."
    },
    {
      "id": "9-11",
      "type": "soft",
      "name_ar": "التدريب الشخصي",
      "name_en": "Skill",
      "description_ar": "التدريب الشخصي مهارة قابلة للتعلم عبر الممارسة. ابدأ بالأساسيات ثم طبّق مشاريع صغيرة.",
      "applications_ar": [
        "تطبيق 1: نفّذ مهمة عملية متعلقة بـ التدريب الشخصي.",
        "تطبيق 2: نفّذ مهمة عملية متعلقة بـ التدريب الشخصي.",
        "تطبيق 3: نفّذ مهمة عملية متعلقة بـ التدريب الشخصي.",
        "تطبيق 4: نفّذ مهمة عملية متعلقة بـ التدريب الشخصي.",
        "تطبيق 5: نفّذ مهمة عملية متعلقة بـ التدريب الشخصي.",
        "تطبيق 6: نفّذ مهمة عملية متعلقة بـ التدريب الشخصي.",
        "تطبيق 7: نفّذ مهمة عملية متعلقة بـ التدريب الشخصي.",
        "تطبيق 8: نفّذ مهمة عملية متعلقة بـ التدريب الشخصي.",
        "تطبيق 9: نفّذ مهمة عملية متعلقة بـ التدريب الشخصي.",
        "تطبيق 10: نفّذ مهمة عملية متعلقة بـ التدريب الشخصي."
      ],
      "icon": "🤝",
      "applications_en": [
        "Practical: تطبيق 1: نفّذ مهمة عملية متعلقة بـ التدريب الشخصي.",
        "Practical: تطبيق 2: نفّذ مهمة عملية متعلقة بـ التدريب الشخصي.",
        "Practical: تطبيق 3: نفّذ مهمة عملية متعلقة بـ التدريب الشخصي.",
        "Practical: تطبيق 4: نفّذ مهمة عملية متعلقة بـ التدريب الشخصي.",
        "Practical: تطبيق 5: نفّذ مهمة عملية متعلقة بـ التدريب الشخصي.",
        "Practical: تطبيق 6: نفّذ مهمة عملية متعلقة بـ التدريب الشخصي.",
        "Practical: تطبيق 7: نفّذ مهمة عملية متعلقة بـ التدريب الشخصي.",
        "Practical: تطبيق 8: نفّذ مهمة عملية متعلقة بـ التدريب الشخصي.",
        "Practical: تطبيق 9: نفّذ مهمة عملية متعلقة بـ التدريب الشخصي.",
        "Practical: تطبيق 10: نفّذ مهمة عملية متعلقة بـ التدريب الشخصي."
      ],
      "description_en": "Practice-based skill. Improve through projects and feedback."
    },
    {
      "id": "9-12",
      "type": "soft",
      "name_ar": "العافية",
      "name_en": "Skill",
      "description_ar": "العافية مهارة قابلة للتعلم عبر الممارسة. ابدأ بالأساسيات ثم طبّق مشاريع صغيرة.",
      "applications_ar": [
        "تطبيق 1: نفّذ مهمة عملية متعلقة بـ العافية.",
        "تطبيق 2: نفّذ مهمة عملية متعلقة بـ العافية.",
        "تطبيق 3: نفّذ مهمة عملية متعلقة بـ العافية.",
        "تطبيق 4: نفّذ مهمة عملية متعلقة بـ العافية.",
        "تطبيق 5: نفّذ مهمة عملية متعلقة بـ العافية.",
        "تطبيق 6: نفّذ مهمة عملية متعلقة بـ العافية.",
        "تطبيق 7: نفّذ مهمة عملية متعلقة بـ العافية.",
        "تطبيق 8: نفّذ مهمة عملية متعلقة بـ العافية.",
        "تطبيق 9: نفّذ مهمة عملية متعلقة بـ العافية.",
        "تطبيق 10: نفّذ مهمة عملية متعلقة بـ العافية."
      ],
      "icon": "🤝",
      "applications_en": [
        "Practical: تطبيق 1: نفّذ مهمة عملية متعلقة بـ العافية.",
        "Practical: تطبيق 2: نفّذ مهمة عملية متعلقة بـ العافية.",
        "Practical: تطبيق 3: نفّذ مهمة عملية متعلقة بـ العافية.",
        "Practical: تطبيق 4: نفّذ مهمة عملية متعلقة بـ العافية.",
        "Practical: تطبيق 5: نفّذ مهمة عملية متعلقة بـ العافية.",
        "Practical: تطبيق 6: نفّذ مهمة عملية متعلقة بـ العافية.",
        "Practical: تطبيق 7: نفّذ مهمة عملية متعلقة بـ العافية.",
        "Practical: تطبيق 8: نفّذ مهمة عملية متعلقة بـ العافية.",
        "Practical: تطبيق 9: نفّذ مهمة عملية متعلقة بـ العافية.",
        "Practical: تطبيق 10: نفّذ مهمة عملية متعلقة بـ العافية."
      ],
      "description_en": "Practice-based skill. Improve through projects and feedback."
    },
    {
      "id": "9-13",
      "type": "soft",
      "name_ar": "التغذية الرياضية",
      "name_en": "Skill",
      "description_ar": "التغذية الرياضية مهارة قابلة للتعلم عبر الممارسة. ابدأ بالأساسيات ثم طبّق مشاريع صغيرة.",
      "applications_ar": [
        "تطبيق 1: نفّذ مهمة عملية متعلقة بـ التغذية الرياضية.",
        "تطبيق 2: نفّذ مهمة عملية متعلقة بـ التغذية الرياضية.",
        "تطبيق 3: نفّذ مهمة عملية متعلقة بـ التغذية الرياضية.",
        "تطبيق 4: نفّذ مهمة عملية متعلقة بـ التغذية الرياضية.",
        "تطبيق 5: نفّذ مهمة عملية متعلقة بـ التغذية الرياضية.",
        "تطبيق 6: نفّذ مهمة عملية متعلقة بـ التغذية الرياضية.",
        "تطبيق 7: نفّذ مهمة عملية متعلقة بـ التغذية الرياضية.",
        "تطبيق 8: نفّذ مهمة عملية متعلقة بـ التغذية الرياضية.",
        "تطبيق 9: نفّذ مهمة عملية متعلقة بـ التغذية الرياضية.",
        "تطبيق 10: نفّذ مهمة عملية متعلقة بـ التغذية الرياضية."
      ],
      "icon": "🤝",
      "applications_en": [
        "Practical: تطبيق 1: نفّذ مهمة عملية متعلقة بـ التغذية الرياضية.",
        "Practical: تطبيق 2: نفّذ مهمة عملية متعلقة بـ التغذية الرياضية.",
        "Practical: تطبيق 3: نفّذ مهمة عملية متعلقة بـ التغذية الرياضية.",
        "Practical: تطبيق 4: نفّذ مهمة عملية متعلقة بـ التغذية الرياضية.",
        "Practical: تطبيق 5: نفّذ مهمة عملية متعلقة بـ التغذية الرياضية.",
        "Practical: تطبيق 6: نفّذ مهمة عملية متعلقة بـ التغذية الرياضية.",
        "Practical: تطبيق 7: نفّذ مهمة عملية متعلقة بـ التغذية الرياضية.",
        "Practical: تطبيق 8: نفّذ مهمة عملية متعلقة بـ التغذية الرياضية.",
        "Practical: تطبيق 9: نفّذ مهمة عملية متعلقة بـ التغذية الرياضية.",
        "Practical: تطبيق 10: نفّذ مهمة عملية متعلقة بـ التغذية الرياضية."
      ],
      "description_en": "Practice-based skill. Improve through projects and feedback."
    },
    {
      "id": "9-14",
      "type": "soft",
      "name_ar": "الإرشاد الصحي",
      "name_en": "Skill",
      "description_ar": "الإرشاد الصحي مهارة قابلة للتعلم عبر الممارسة. ابدأ بالأساسيات ثم طبّق مشاريع صغيرة.",
      "applications_ar": [
        "تطبيق 1: نفّذ مهمة عملية متعلقة بـ الإرشاد الصحي.",
        "تطبيق 2: نفّذ مهمة عملية متعلقة بـ الإرشاد الصحي.",
        "تطبيق 3: نفّذ مهمة عملية متعلقة بـ الإرشاد الصحي.",
        "تطبيق 4: نفّذ مهمة عملية متعلقة بـ الإرشاد الصحي.",
        "تطبيق 5: نفّذ مهمة عملية متعلقة بـ الإرشاد الصحي.",
        "تطبيق 6: نفّذ مهمة عملية متعلقة بـ الإرشاد الصحي.",
        "تطبيق 7: نفّذ مهمة عملية متعلقة بـ الإرشاد الصحي.",
        "تطبيق 8: نفّذ مهمة عملية متعلقة بـ الإرشاد الصحي.",
        "تطبيق 9: نفّذ مهمة عملية متعلقة بـ الإرشاد الصحي.",
        "تطبيق 10: نفّذ مهمة عملية متعلقة بـ الإرشاد الصحي."
      ],
      "icon": "🤝",
      "applications_en": [
        "Practical: تطبيق 1: نفّذ مهمة عملية متعلقة بـ الإرشاد الصحي.",
        "Practical: تطبيق 2: نفّذ مهمة عملية متعلقة بـ الإرشاد الصحي.",
        "Practical: تطبيق 3: نفّذ مهمة عملية متعلقة بـ الإرشاد الصحي.",
        "Practical: تطبيق 4: نفّذ مهمة عملية متعلقة بـ الإرشاد الصحي.",
        "Practical: تطبيق 5: نفّذ مهمة عملية متعلقة بـ الإرشاد الصحي.",
        "Practical: تطبيق 6: نفّذ مهمة عملية متعلقة بـ الإرشاد الصحي.",
        "Practical: تطبيق 7: نفّذ مهمة عملية متعلقة بـ الإرشاد الصحي.",
        "Practical: تطبيق 8: نفّذ مهمة عملية متعلقة بـ الإرشاد الصحي.",
        "Practical: تطبيق 9: نفّذ مهمة عملية متعلقة بـ الإرشاد الصحي.",
        "Practical: تطبيق 10: نفّذ مهمة عملية متعلقة بـ الإرشاد الصحي."
      ],
      "description_en": "Practice-based skill. Improve through projects and feedback."
    },
    {
      "id": "9-15",
      "type": "soft",
      "name_ar": "حساسية الطعام",
      "name_en": "Skill",
      "description_ar": "حساسية الطعام مهارة قابلة للتعلم عبر الممارسة. ابدأ بالأساسيات ثم طبّق مشاريع صغيرة.",
      "applications_ar": [
        "تطبيق 1: نفّذ مهمة عملية متعلقة بـ حساسية الطعام.",
        "تطبيق 2: نفّذ مهمة عملية متعلقة بـ حساسية الطعام.",
        "تطبيق 3: نفّذ مهمة عملية متعلقة بـ حساسية الطعام.",
        "تطبيق 4: نفّذ مهمة عملية متعلقة بـ حساسية الطعام.",
        "تطبيق 5: نفّذ مهمة عملية متعلقة بـ حساسية الطعام.",
        "تطبيق 6: نفّذ مهمة عملية متعلقة بـ حساسية الطعام.",
        "تطبيق 7: نفّذ مهمة عملية متعلقة بـ حساسية الطعام.",
        "تطبيق 8: نفّذ مهمة عملية متعلقة بـ حساسية الطعام.",
        "تطبيق 9: نفّذ مهمة عملية متعلقة بـ حساسية الطعام.",
        "تطبيق 10: نفّذ مهمة عملية متعلقة بـ حساسية الطعام."
      ],
      "icon": "🤝",
      "applications_en": [
        "Practical: تطبيق 1: نفّذ مهمة عملية متعلقة بـ حساسية الطعام.",
        "Practical: تطبيق 2: نفّذ مهمة عملية متعلقة بـ حساسية الطعام.",
        "Practical: تطبيق 3: نفّذ مهمة عملية متعلقة بـ حساسية الطعام.",
        "Practical: تطبيق 4: نفّذ مهمة عملية متعلقة بـ حساسية الطعام.",
        "Practical: تطبيق 5: نفّذ مهمة عملية متعلقة بـ حساسية الطعام.",
        "Practical: تطبيق 6: نفّذ مهمة عملية متعلقة بـ حساسية الطعام.",
        "Practical: تطبيق 7: نفّذ مهمة عملية متعلقة بـ حساسية الطعام.",
        "Practical: تطبيق 8: نفّذ مهمة عملية متعلقة بـ حساسية الطعام.",
        "Practical: تطبيق 9: نفّذ مهمة عملية متعلقة بـ حساسية الطعام.",
        "Practical: تطبيق 10: نفّذ مهمة عملية متعلقة بـ حساسية الطعام."
      ],
      "description_en": "Practice-based skill. Improve through projects and feedback."
    },
    {
      "id": "9-16",
      "type": "soft",
      "name_ar": "السلامة الغذائية",
      "name_en": "Skill",
      "description_ar": "السلامة الغذائية مهارة قابلة للتعلم عبر الممارسة. ابدأ بالأساسيات ثم طبّق مشاريع صغيرة.",
      "applications_ar": [
        "تطبيق 1: نفّذ مهمة عملية متعلقة بـ السلامة الغذائية.",
        "تطبيق 2: نفّذ مهمة عملية متعلقة بـ السلامة الغذائية.",
        "تطبيق 3: نفّذ مهمة عملية متعلقة بـ السلامة الغذائية.",
        "تطبيق 4: نفّذ مهمة عملية متعلقة بـ السلامة الغذائية.",
        "تطبيق 5: نفّذ مهمة عملية متعلقة بـ السلامة الغذائية.",
        "تطبيق 6: نفّذ مهمة عملية متعلقة بـ السلامة الغذائية.",
        "تطبيق 7: نفّذ مهمة عملية متعلقة بـ السلامة الغذائية.",
        "تطبيق 8: نفّذ مهمة عملية متعلقة بـ السلامة الغذائية.",
        "تطبيق 9: نفّذ مهمة عملية متعلقة بـ السلامة الغذائية.",
        "تطبيق 10: نفّذ مهمة عملية متعلقة بـ السلامة الغذائية."
      ],
      "icon": "🤝",
      "applications_en": [
        "Practical: تطبيق 1: نفّذ مهمة عملية متعلقة بـ السلامة الغذائية.",
        "Practical: تطبيق 2: نفّذ مهمة عملية متعلقة بـ السلامة الغذائية.",
        "Practical: تطبيق 3: نفّذ مهمة عملية متعلقة بـ السلامة الغذائية.",
        "Practical: تطبيق 4: نفّذ مهمة عملية متعلقة بـ السلامة الغذائية.",
        "Practical: تطبيق 5: نفّذ مهمة عملية متعلقة بـ السلامة الغذائية.",
        "Practical: تطبيق 6: نفّذ مهمة عملية متعلقة بـ السلامة الغذائية.",
        "Practical: تطبيق 7: نفّذ مهمة عملية متعلقة بـ السلامة الغذائية.",
        "Practical: تطبيق 8: نفّذ مهمة عملية متعلقة بـ السلامة الغذائية.",
        "Practical: تطبيق 9: نفّذ مهمة عملية متعلقة بـ السلامة الغذائية.",
        "Practical: تطبيق 10: نفّذ مهمة عملية متعلقة بـ السلامة الغذائية."
      ],
      "description_en": "Practice-based skill. Improve through projects and feedback."
    },
    {
      "id": "9-17",
      "type": "soft",
      "name_ar": "الوقاية",
      "name_en": "Skill",
      "description_ar": "الوقاية مهارة قابلة للتعلم عبر الممارسة. ابدأ بالأساسيات ثم طبّق مشاريع صغيرة.",
      "applications_ar": [
        "تطبيق 1: نفّذ مهمة عملية متعلقة بـ الوقاية.",
        "تطبيق 2: نفّذ مهمة عملية متعلقة بـ الوقاية.",
        "تطبيق 3: نفّذ مهمة عملية متعلقة بـ الوقاية.",
        "تطبيق 4: نفّذ مهمة عملية متعلقة بـ الوقاية.",
        "تطبيق 5: نفّذ مهمة عملية متعلقة بـ الوقاية.",
        "تطبيق 6: نفّذ مهمة عملية متعلقة بـ الوقاية.",
        "تطبيق 7: نفّذ مهمة عملية متعلقة بـ الوقاية.",
        "تطبيق 8: نفّذ مهمة عملية متعلقة بـ الوقاية.",
        "تطبيق 9: نفّذ مهمة عملية متعلقة بـ الوقاية.",
        "تطبيق 10: نفّذ مهمة عملية متعلقة بـ الوقاية."
      ],
      "icon": "🤝",
      "applications_en": [
        "Practical: تطبيق 1: نفّذ مهمة عملية متعلقة بـ الوقاية.",
        "Practical: تطبيق 2: نفّذ مهمة عملية متعلقة بـ الوقاية.",
        "Practical: تطبيق 3: نفّذ مهمة عملية متعلقة بـ الوقاية.",
        "Practical: تطبيق 4: نفّذ مهمة عملية متعلقة بـ الوقاية.",
        "Practical: تطبيق 5: نفّذ مهمة عملية متعلقة بـ الوقاية.",
        "Practical: تطبيق 6: نفّذ مهمة عملية متعلقة بـ الوقاية.",
        "Practical: تطبيق 7: نفّذ مهمة عملية متعلقة بـ الوقاية.",
        "Practical: تطبيق 8: نفّذ مهمة عملية متعلقة بـ الوقاية.",
        "Practical: تطبيق 9: نفّذ مهمة عملية متعلقة بـ الوقاية.",
        "Practical: تطبيق 10: نفّذ مهمة عملية متعلقة بـ الوقاية."
      ],
      "description_en": "Practice-based skill. Improve through projects and feedback."
    },
    {
      "id": "9-18",
      "type": "soft",
      "name_ar": "الرعاية الأولية",
      "name_en": "Skill",
      "description_ar": "الرعاية الأولية مهارة قابلة للتعلم عبر الممارسة. ابدأ بالأساسيات ثم طبّق مشاريع صغيرة.",
      "applications_ar": [
        "تطبيق 1: نفّذ مهمة عملية متعلقة بـ الرعاية الأولية.",
        "تطبيق 2: نفّذ مهمة عملية متعلقة بـ الرعاية الأولية.",
        "تطبيق 3: نفّذ مهمة عملية متعلقة بـ الرعاية الأولية.",
        "تطبيق 4: نفّذ مهمة عملية متعلقة بـ الرعاية الأولية.",
        "تطبيق 5: نفّذ مهمة عملية متعلقة بـ الرعاية الأولية.",
        "تطبيق 6: نفّذ مهمة عملية متعلقة بـ الرعاية الأولية.",
        "تطبيق 7: نفّذ مهمة عملية متعلقة بـ الرعاية الأولية.",
        "تطبيق 8: نفّذ مهمة عملية متعلقة بـ الرعاية الأولية.",
        "تطبيق 9: نفّذ مهمة عملية متعلقة بـ الرعاية الأولية.",
        "تطبيق 10: نفّذ مهمة عملية متعلقة بـ الرعاية الأولية."
      ],
      "icon": "🤝",
      "applications_en": [
        "Practical: تطبيق 1: نفّذ مهمة عملية متعلقة بـ الرعاية الأولية.",
        "Practical: تطبيق 2: نفّذ مهمة عملية متعلقة بـ الرعاية الأولية.",
        "Practical: تطبيق 3: نفّذ مهمة عملية متعلقة بـ الرعاية الأولية.",
        "Practical: تطبيق 4: نفّذ مهمة عملية متعلقة بـ الرعاية الأولية.",
        "Practical: تطبيق 5: نفّذ مهمة عملية متعلقة بـ الرعاية الأولية.",
        "Practical: تطبيق 6: نفّذ مهمة عملية متعلقة بـ الرعاية الأولية.",
        "Practical: تطبيق 7: نفّذ مهمة عملية متعلقة بـ الرعاية الأولية.",
        "Practical: تطبيق 8: نفّذ مهمة عملية متعلقة بـ الرعاية الأولية.",
        "Practical: تطبيق 9: نفّذ مهمة عملية متعلقة بـ الرعاية الأولية.",
        "Practical: تطبيق 10: نفّذ مهمة عملية متعلقة بـ الرعاية الأولية."
      ],
      "description_en": "Practice-based skill. Improve through projects and feedback."
    },
    {
      "id": "9-19",
      "type": "soft",
      "name_ar": "الصحة المدرسية",
      "name_en": "Skill",
      "description_ar": "الصحة المدرسية مهارة قابلة للتعلم عبر الممارسة. ابدأ بالأساسيات ثم طبّق مشاريع صغيرة.",
      "applications_ar": [
        "تطبيق 1: نفّذ مهمة عملية متعلقة بـ الصحة المدرسية.",
        "تطبيق 2: نفّذ مهمة عملية متعلقة بـ الصحة المدرسية.",
        "تطبيق 3: نفّذ مهمة عملية متعلقة بـ الصحة المدرسية.",
        "تطبيق 4: نفّذ مهمة عملية متعلقة بـ الصحة المدرسية.",
        "تطبيق 5: نفّذ مهمة عملية متعلقة بـ الصحة المدرسية.",
        "تطبيق 6: نفّذ مهمة عملية متعلقة بـ الصحة المدرسية.",
        "تطبيق 7: نفّذ مهمة عملية متعلقة بـ الصحة المدرسية.",
        "تطبيق 8: نفّذ مهمة عملية متعلقة بـ الصحة المدرسية.",
        "تطبيق 9: نفّذ مهمة عملية متعلقة بـ الصحة المدرسية.",
        "تطبيق 10: نفّذ مهمة عملية متعلقة بـ الصحة المدرسية."
      ],
      "icon": "🤝",
      "applications_en": [
        "Practical: تطبيق 1: نفّذ مهمة عملية متعلقة بـ الصحة المدرسية.",
        "Practical: تطبيق 2: نفّذ مهمة عملية متعلقة بـ الصحة المدرسية.",
        "Practical: تطبيق 3: نفّذ مهمة عملية متعلقة بـ الصحة المدرسية.",
        "Practical: تطبيق 4: نفّذ مهمة عملية متعلقة بـ الصحة المدرسية.",
        "Practical: تطبيق 5: نفّذ مهمة عملية متعلقة بـ الصحة المدرسية.",
        "Practical: تطبيق 6: نفّذ مهمة عملية متعلقة بـ الصحة المدرسية.",
        "Practical: تطبيق 7: نفّذ مهمة عملية متعلقة بـ الصحة المدرسية.",
        "Practical: تطبيق 8: نفّذ مهمة عملية متعلقة بـ الصحة المدرسية.",
        "Practical: تطبيق 9: نفّذ مهمة عملية متعلقة بـ الصحة المدرسية.",
        "Practical: تطبيق 10: نفّذ مهمة عملية متعلقة بـ الصحة المدرسية."
      ],
      "description_en": "Practice-based skill. Improve through projects and feedback."
    },
    {
      "id": "9-20",
      "type": "soft",
      "name_ar": "التوعية الصحية",
      "name_en": "Skill",
      "description_ar": "التوعية الصحية مهارة قابلة للتعلم عبر الممارسة. ابدأ بالأساسيات ثم طبّق مشاريع صغيرة.",
      "applications_ar": [
        "تطبيق 1: نفّذ مهمة عملية متعلقة بـ التوعية الصحية.",
        "تطبيق 2: نفّذ مهمة عملية متعلقة بـ التوعية الصحية.",
        "تطبيق 3: نفّذ مهمة عملية متعلقة بـ التوعية الصحية.",
        "تطبيق 4: نفّذ مهمة عملية متعلقة بـ التوعية الصحية.",
        "تطبيق 5: نفّذ مهمة عملية متعلقة بـ التوعية الصحية.",
        "تطبيق 6: نفّذ مهمة عملية متعلقة بـ التوعية الصحية.",
        "تطبيق 7: نفّذ مهمة عملية متعلقة بـ التوعية الصحية.",
        "تطبيق 8: نفّذ مهمة عملية متعلقة بـ التوعية الصحية.",
        "تطبيق 9: نفّذ مهمة عملية متعلقة بـ التوعية الصحية.",
        "تطبيق 10: نفّذ مهمة عملية متعلقة بـ التوعية الصحية."
      ],
      "icon": "🤝",
      "applications_en": [
        "Practical: تطبيق 1: نفّذ مهمة عملية متعلقة بـ التوعية الصحية.",
        "Practical: تطبيق 2: نفّذ مهمة عملية متعلقة بـ التوعية الصحية.",
        "Practical: تطبيق 3: نفّذ مهمة عملية متعلقة بـ التوعية الصحية.",
        "Practical: تطبيق 4: نفّذ مهمة عملية متعلقة بـ التوعية الصحية.",
        "Practical: تطبيق 5: نفّذ مهمة عملية متعلقة بـ التوعية الصحية.",
        "Practical: تطبيق 6: نفّذ مهمة عملية متعلقة بـ التوعية الصحية.",
        "Practical: تطبيق 7: نفّذ مهمة عملية متعلقة بـ التوعية الصحية.",
        "Practical: تطبيق 8: نفّذ مهمة عملية متعلقة بـ التوعية الصحية.",
        "Practical: تطبيق 9: نفّذ مهمة عملية متعلقة بـ التوعية الصحية.",
        "Practical: تطبيق 10: نفّذ مهمة عملية متعلقة بـ التوعية الصحية."
      ],
      "description_en": "Practice-based skill. Improve through projects and feedback."
    }
  ]
}