{
  "skills": [
    {
      "id": "1-01",
      "type": "soft",
      "name_ar": "التفكير النقدي",
      "name_en": "Critical Thinking",
      "description_ar": "التفكير النقدي مهارة قابلة للتعلم عبر الممارسة. ابدأ بالأساسيات ثم طبّق مشاريع صغيرة.",
      "applications_ar": [
        "تطبيق 1: نفّذ مهمة عملية متعلقة بـ التفكير النقدي.",
        "تطبيق 2: نفّذ مهمة عملية متعلقة بـ التفكير النقدي.",
        "تطبيق 3: نفّذ مهمة عملية متعلقة بـ التفكير النقدي.",
        "تطبيق 4: نفّذ مهمة عملية متعلقة بـ التفكير النقدي.",
        "تطبيق 5: نفّذ مهمة عملية متعلقة بـ التفكير النقدي.",
        "تطبيق 6: نفّذ مهمة عملية متعلقة بـ التفكير النقدي.",
        "تطبيق 7: نفّذ مهمة عملية متعلقة بـ التفكير النقدي.",
        "تطبيق 8: نفّذ مهمة عملية متعلقة بـ التفكير النقدي.",
        "تطبيق 9: نفّذ مهمة عملية متعلقة بـ التفكير النقدي.",
        "تطبيق 10: نفّذ مهمة عملية متعلقة بـ التفكير النقدي."
      ],
      "icon": "🤝",
      "applications_en": [
        "Practical: تطبيق 1: نفّذ مهمة عملية متعلقة بـ التفكير النقدي.",
        "Practical: تطبيق 2: نفّذ مهمة عملية متعلقة بـ التفكير النقدي.",
        "Practical: تطبيق 3: نفّذ مهمة عملية متعلقة بـ التفكير النقدي.",
        "Practical: تطبيق 4: نفّذ مهمة عملية متعلقة بـ التفكير النقدي.",
        "Practical: تطبيق 5: نفّذ مهمة عملية متعلقة بـ التفكير النقدي.",
        "Practical: تطبيق 6: نفّذ مهمة عملية متعلقة بـ التفكير النقدي.",
        "Practical: تطبيق 7: نفّذ مهمة عملية متعلقة بـ التفكير النقدي.",
        "Practical: تطبيق 8: نفّذ مهمة عملية متعلقة بـ التفكير النقدي.",
        "Practical: تطبيق 9: نفّذ مهمة عملية متعلقة بـ التفكير النقدي.",
        "Practical: تطبيق 10: نفّذ مهمة عملية متعلقة بـ التفكير النقدي."
      ],
      "description_en": "Practice-based skill. Improve through projects and feedback."
    },
    {
      "id": "1-02",
      "type": "soft",
      "name_ar": "حل المشكلات",
      "name_en": "Problem Solving",
      "description_ar": "حل المشكلات مهارة قابلة للتعلم عبر الممارسة. ابدأ بالأساسيات ثم طبّق مشاريع صغيرة.",
      "applications_ar": [
        "تطبيق 1: نفّذ مهمة عملية متعلقة بـ حل المشكلات.",
        "تطبيق 2: نفّذ مهمة عملية متعلقة بـ حل المشكلات.",
        "تطبيق 3: نفّذ مهمة عملية متعلقة بـ حل المشكلات.",
        "تطبيق 4: نفّذ مهمة عملية متعلقة بـ حل المشكلات.",
        "تطبيق 5: نفّذ مهمة عملية متعلقة بـ حل المشكلات.",
        "تطبيق 6: نفّذ مهمة عملية متعلقة بـ حل المشكلات.",
        "تطبيق 7: نفّذ مهمة عملية متعلقة بـ حل المشكلات.",
        "تطبيق 8: نفّذ مهمة عملية متعلقة بـ حل المشكلات.",
        "تطبيق 9: نفّذ مهمة عملية متعلقة بـ حل المشكلات.",
        "تطبيق 10: نفّذ مهمة عملية متعلقة بـ حل المشكلات."
      ],
      "icon": "🤝",
      "applications_en": [
        "Practical: تطبيق 1: نفّذ مهمة عملية متعلقة بـ حل المشكلات.",
        "Practical: تطبيق 2: نفّذ مهمة عملية متعلقة بـ حل المشكلات.",
        "Practical: تطبيق 3: نفّذ مهمة عملية متعلقة بـ حل المشكلات.",
        "Practical: تطبيق 4: نفّذ مهمة عملية متعلقة بـ حل المشكلات.",
        "Practical: تطبيق 5: نفّذ مهمة عملية متعلقة بـ حل المشكلات.",
        "Practical: تطبيق 6: نفّذ مهمة عملية متعلقة بـ حل المشكلات.",
        "Practical: تطبيق 7: نفّذ مهمة عملية متعلقة بـ حل المشكلات.",
        "Practical: تطبيق 8: نفّذ مهمة عملية متعلقة بـ حل المشكلات.",
        "Practical: تطبيق 9: نفّذ مهمة عملية متعلقة بـ حل المشكلات.",
        "Practical: تطبيق 10: نفّذ مهمة عملية متعلقة بـ حل المشكلات."
      ],
      "description_en": "Practice-based skill. Improve through projects and feedback."
    },
    {
      "id": "1-03",
      "type": "soft",
      "name_ar": "اتخاذ القرار",
      "name_en": "Decision Making",
      "description_ar": "اتخاذ القرار مهارة قابلة للتعلم عبر الممارسة. ابدأ بالأساسيات ثم طبّق مشاريع صغيرة.",
      "applications_ar": [
        "تطبيق 1: نفّذ مهمة عملية متعلقة بـ اتخاذ القرار.",
        "تطبيق 2: نفّذ مهمة عملية متعلقة بـ اتخاذ القرار.",
        "تطبيق 3: نفّذ مهمة عملية متعلقة بـ اتخاذ القرار.",
        "تطبيق 4: نفّذ مهمة عملية متعلقة بـ اتخاذ القرار.",
        "تطبيق 5: نفّذ مهمة عملية متعلقة بـ اتخاذ القرار.",
        "تطبيق 6: نفّذ مهمة عملية متعلقة بـ اتخاذ القرار.",
        "تطبيق 7: نفّذ مهمة عملية متعلقة بـ اتخاذ القرار.",
        "تطبيق 8: نفّذ مهمة عملية متعلقة بـ اتخاذ القرار.",
        "تطبيق 9: نفّذ مهمة عملية متعلقة بـ اتخاذ القرار.",
        "تطبيق 10: نفّذ مهمة عملية متعلقة بـ اتخاذ القرار."
      ],
      "icon": "🤝",
      "applications_en": [
        "Practical: تطبيق 1: نفّذ مهمة عملية متعلقة بـ اتخاذ القرار.",
        "Practical: تطبيق 2: نفّذ مهمة عملية متعلقة بـ اتخاذ القرار.",
        "Practical: تطبيق 3: نفّذ مهمة عملية متعلقة بـ اتخاذ القرار.",
        "Practical: تطبيق 4: نفّذ مهمة عملية متعلقة بـ اتخاذ القرار.",
        "Practical: تطبيق 5: نفّذ مهمة عملية متعلقة بـ اتخاذ القرار.",
        "Practical: تطبيق 6: نفّذ مهمة عملية متعلقة بـ اتخاذ القرار.",
        "Practical: تطبيق 7: نفّذ مهمة عملية متعلقة بـ اتخاذ القرار.",
        "Practical: تطبيق 8: نفّذ مهمة عملية متعلقة بـ اتخاذ القرار.",
        "Practical: تطبيق 9: نفّذ مهمة عملية متعلقة بـ اتخاذ القرار.",
        "Practical: تطبيق 10: نفّذ مهمة عملية متعلقة بـ اتخاذ القرار."
      ],
      "description_en": "Practice-based skill. Improve through projects and feedback."
    },
    {
      "id": "1-04",
      "type": "soft",
      "name_ar": "المنهجية العلمية",
      "name_en": "Scientific Method",
      "description_ar": "المنهجية العلمية مهارة قابلة للتعلم عبر الممارسة. ابدأ بالأساسيات ثم طبّق مشاريع صغيرة.",
      "applications_ar": [
        "تطبيق 1: نفّذ مهمة عملية متعلقة بـ المنهجية العلمية.",
        "تطبيق 2: نفّذ مهمة عملية متعلقة بـ المنهجية العلمية.",
        "تطبيق 3: نفّذ مهمة عملية متعلقة بـ المنهجية العلمية.",
        "تطبيق 4: نفّذ مهمة عملية متعلقة بـ المنهجية العلمية.",
        "تطبيق 5: نفّذ مهمة عملية متعلقة بـ المنهجية العلمية.",
        "تطبيق 6: نفّذ مهمة عملية متعلقة بـ المنهجية العلمية.",
        "تطبيق 7: نفّذ مهمة عملية متعلقة بـ المنهجية العلمية.",
        "تطبيق 8: نفّذ مهمة عملية متعلقة بـ المنهجية العلمية.",
        "تطبيق 9: نفّذ مهمة عملية متعلقة بـ المنهجية العلمية.",
        "تطبيق 10: نفّذ مهمة عملية متعلقة بـ المنهجية العلمية."
      ],
      "icon": "🤝",
      "applications_en": [
        "Practical: تطبيق 1: نفّذ مهمة عملية متعلقة بـ المنهجية العلمية.",
        "Practical: تطبيق 2: نفّذ مهمة عملية متعلقة بـ المنهجية العلمية.",
        "Practical: تطبيق 3: نفّذ مهمة عملية متعلقة بـ المنهجية العلمية.",
        "Practical: تطبيق 4: نفّذ مهمة عملية متعلقة بـ المنهجية العلمية.",
        "Practical: تطبيق 5: نفّذ مهمة عملية متعلقة بـ المنهجية العلمية.",
        "Practical: تطبيق 6: نفّذ مهمة عملية متعلقة بـ المنهجية العلمية.",
        "Practical: تطبيق 7: نفّذ مهمة عملية متعلقة بـ المنهجية العلمية.",
        "Practical: تطبيق 8: نفّذ مهمة عملية متعلقة بـ المنهجية العلمية.",
        "Practical: تطبيق 9: نفّذ مهمة عملية متعلقة بـ المنهجية العلمية.",
        "Practical: تطبيق 10: نفّذ مهمة عملية متعلقة بـ المنهجية العلمية."
      ],
      "description_en": "Practice-based skill. Improve through projects and feedback."
    },
    {
      "id": "1-05",
      "type": "soft",
      "name_ar": "التحليل المنطقي",
      "name_en": "Logical Analysis",
      "description_ar": "التحليل المنطقي مهارة قابلة للتعلم عبر الممارسة. ابدأ بالأساسيات ثم طبّق مشاريع صغيرة.",
      "applications_ar": [
        "تطبيق 1: نفّذ مهمة عملية متعلقة بـ التحليل المنطقي.",
        "تطبيق 2: نفّذ مهمة عملية متعلقة بـ التحليل المنطقي.",
        "تطبيق 3: نفّذ مهمة عملية متعلقة بـ التحليل المنطقي.",
        "تطبيق 4: نفّذ مهمة عملية متعلقة بـ التحليل المنطقي.",
        "تطبيق 5: نفّذ مهمة عملية متعلقة بـ التحليل المنطقي.",
        "تطبيق 6: نفّذ مهمة عملية متعلقة بـ التحليل المنطقي.",
        "تطبيق 7: نفّذ مهمة عملية متعلقة بـ التحليل المنطقي.",
        "تطبيق 8: نفّذ مهمة عملية متعلقة بـ التحليل المنطقي.",
        "تطبيق 9: نفّذ مهمة عملية متعلقة بـ التحليل المنطقي.",
        "تطبيق 10: نفّذ مهمة عملية متعلقة بـ التحليل المنطقي."
      ],
      "icon": "🤝",
      "applications_en": [
        "Practical: تطبيق 1: نفّذ مهمة عملية متعلقة بـ التحليل المنطقي.",
        "Practical: تطبيق 2: نفّذ مهمة عملية متعلقة بـ التحليل المنطقي.",
        "Practical: تطبيق 3: نفّذ مهمة عملية متعلقة بـ التحليل المنطقي.",
        "Practical: تطبيق 4: نفّذ مهمة عملية متعلقة بـ التحليل المنطقي.",
        "Practical: تطبيق 5: نفّذ مهمة عملية متعلقة بـ التحليل المنطقي.",
        "Practical: تطبيق 6: نفّذ مهمة عملية متعلقة بـ التحليل المنطقي.",
        "Practical: تطبيق 7: نفّذ مهمة عملية متعلقة بـ التحليل المنطقي.",
        "Practical: تطبيق 8: نفّذ مهمة عملية متعلقة بـ التحليل المنطقي.",
        "Practical: تطبيق 9: نفّذ مهمة عملية متعلقة بـ التحليل المنطقي.",
        "Practical: تطبيق 10: نفّذ مهمة عملية متعلقة بـ التحليل المنطقي."
      ],
      "description_en": "Practice-based skill. Improve through projects and feedback."
    },
    {
      "id": "1-06",
      "type": "soft",
      "name_ar": "تصميم التجارب",
      "name_en": "Experiment Design",
      "description_ar": "تصميم التجارب مهارة قابلة للتعلم عبر الممارسة. ابدأ بالأساسيات ثم طبّق مشاريع صغيرة.",
      "applications_ar": [
        "تطبيق 1: نفّذ مهمة عملية متعلقة بـ تصميم التجارب.",
        "تطبيق 2: نفّذ مهمة عملية متعلقة بـ تصميم التجارب.",
        "تطبيق 3: نفّذ مهمة عملية متعلقة بـ تصميم التجارب.",
        "تطبيق 4: نفّذ مهمة عملية متعلقة بـ تصميم التجارب.",
        "تطبيق 5: نفّذ مهمة عملية متعلقة بـ تصميم التجارب.",
        "تطبيق 6: نفّذ مهمة عملية متعلقة بـ تصميم التجارب.",
        "تطبيق 7: نفّذ مهمة عملية متعلقة بـ تصميم التجارب.",
        "تطبيق 8: نفّذ مهمة عملية متعلقة بـ تصميم التجارب.",
        "تطبيق 9: نفّذ مهمة عملية متعلقة بـ تصميم التجارب.",
        "تطبيق 10: نفّذ مهمة عملية متعلقة بـ تصميم التجارب."
      ],
      "icon": "🤝",
      "applications_en": [
        "Practical: تطبيق 1: نفّذ مهمة عملية متعلقة بـ تصميم التجارب.",
        "Practical: تطبيق 2: نفّذ مهمة عملية متعلقة بـ تصميم التجارب.",
        "Practical: تطبيق 3: نفّذ مهمة عملية متعلقة بـ تصميم التجارب.",
        "Practical: تطبيق 4: نفّذ مهمة عملية متعلقة بـ تصميم التجارب.",
        "Practical: تطبيق 5: نفّذ مهمة عملية متعلقة بـ تصميم التجارب.",
        "Practical: تطبيق 6: نفّذ مهمة عملية متعلقة بـ تصميم التجارب.",
        "Practical: تطبيق 7: نفّذ مهمة عملية متعلقة بـ تصميم التجارب.",
        "Practical: تطبيق 8: نفّذ مهمة عملية متعلقة بـ تصميم التجارب.",
        "Practical: تطبيق 9: نفّذ مهمة عملية متعلقة بـ تصميم التجارب.",
        "Practical: تطبيق 10: نفّذ مهمة عملية متعلقة بـ تصميم التجارب."
      ],
      "description_en": "Practice-based skill. Improve through projects and feedback."
    },
    {
      "id": "1-07",
      "type": "soft",
      "name_ar": "تفسير البيانات",
      "name_en": "Data Interpretation",
      "description_ar": "تفسير البيانات مهارة قابلة للتعلم عبر الممارسة. ابدأ بالأساسيات ثم طبّق مشاريع صغيرة.",
      "applications_ar": [
        "تطبيق 1: نفّذ مهمة عملية متعلقة بـ تفسير البيانات.",
        "تطبيق 2: نفّذ مهمة عملية متعلقة بـ تفسير البيانات.",
        "تطبيق 3: نفّذ مهمة عملية متعلقة بـ تفسير البيانات.",
        "تطبيق 4: نفّذ مهمة عملية متعلقة بـ تفسير البيانات.",
        "تطبيق 5: نفّذ مهمة عملية متعلقة بـ تفسير البيانات.",
        "تطبيق 6: نفّذ مهمة عملية متعلقة بـ تفسير البيانات.",
        "تطبيق 7: نفّذ مهمة عملية متعلقة بـ تفسير البيانات.",
        "تطبيق 8: نفّذ مهمة عملية متعلقة بـ تفسير البيانات.",
        "تطبيق 9: نفّذ مهمة عملية متعلقة بـ تفسير البيانات.",
        "تطبيق 10: نفّذ مهمة عملية متعلقة بـ تفسير البيانات."
      ],
      "icon": "🤝",
      "applications_en": [
        "Practical: تطبيق 1: نفّذ مهمة عملية متعلقة بـ تفسير البيانات.",
        "Practical: تطبيق 2: نفّذ مهمة عملية متعلقة بـ تفسير البيانات.",
        "Practical: تطبيق 3: نفّذ مهمة عملية متعلقة بـ تفسير البيانات.",
        "Practical: تطبيق 4: نفّذ مهمة عملية متعلقة بـ تفسير البيانات.",
        "Practical: تطبيق 5: نفّذ مهمة عملية متعلقة بـ تفسير البيانات.",
        "Practical: تطبيق 6: نفّذ مهمة عملية متعلقة بـ تفسير البيانات.",
        "Practical: تطبيق 7: نفّذ مهمة عملية متعلقة بـ تفسير البيانات.",
        "Practical: تطبيق 8: نفّذ مهمة عملية متعلقة بـ تفسير البيانات.",
        "Practical: تطبيق 9: نفّذ مهمة عملية متعلقة بـ تفسير البيانات.",
        "Practical: تطبيق 10: نفّذ مهمة عملية متعلقة بـ تفسير البيانات."
      ],
      "description_en": "Practice-based skill. Improve through projects and feedback."
    },
    {
      "id": "1-08",
      "type": "soft",
      "name_ar": "التفكير الاستراتيجي",
      "name_en": "Strategic Thinking",
      "description_ar": "التفكير الاستراتيجي مهارة قابلة للتعلم عبر الممارسة. ابدأ بالأساسيات ثم طبّق مشاريع صغيرة.",
      "applications_ar": [
        "تطبيق 1: نفّذ مهمة عملية متعلقة بـ التفكير الاستراتيجي.",
        "تطبيق 2: نفّذ مهمة عملية متعلقة بـ التفكير الاستراتيجي.",
        "تطبيق 3: نفّذ مهمة عملية متعلقة بـ التفكير الاستراتيجي.",
        "تطبيق 4: نفّذ مهمة عملية متعلقة بـ التفكير الاستراتيجي.",
        "تطبيق 5: نفّذ مهمة عملية متعلقة بـ التفكير الاستراتيجي.",
        "تطبيق 6: نفّذ مهمة عملية متعلقة بـ التفكير الاستراتيجي.",
        "تطبيق 7: نفّذ مهمة عملية متعلقة بـ التفكير الاستراتيجي.",
        "تطبيق 8: نفّذ مهمة عملية متعلقة بـ التفكير الاستراتيجي.",
        "تطبيق 9: نفّذ مهمة عملية متعلقة بـ التفكير الاستراتيجي.",
        "تطبيق 10: نفّذ مهمة عملية متعلقة بـ التفكير الاستراتيجي."
      ],
      "icon": "🤝",
      "applications_en": [
        "Practical: تطبيق 1: نفّذ مهمة عملية متعلقة بـ التفكير الاستراتيجي.",
        "Practical: تطبيق 2: نفّذ مهمة عملية متعلقة بـ التفكير الاستراتيجي.",
        "Practical: تطبيق 3: نفّذ مهمة عملية متعلقة بـ التفكير الاستراتيجي.",
        "Practical: تطبيق 4: نفّذ مهمة عملية متعلقة بـ التفكير الاستراتيجي.",
        "Practical: تطبيق 5: نفّذ مهمة عملية متعلقة بـ التفكير الاستراتيجي.",
        "Practical: تطبيق 6: نفّذ مهمة عملية متعلقة بـ التفكير الاستراتيجي.",
        "Practical: تطبيق 7: نفّذ مهمة عملية متعلقة بـ التفكير الاستراتيجي.",
        "Practical: تطبيق 8: نفّذ مهمة عملية متعلقة بـ التفكير الاستراتيجي.",
        "Practical: تطبيق 9: نفّذ مهمة عملية متعلقة بـ التفكير الاستراتيجي.",
        "Practical: تطبيق 10: نفّذ مهمة عملية متعلقة بـ التفكير الاستراتيجي."
      ],
      "description_en": "Practice-based skill. Improve through projects and feedback."
    },
    {
      "id": "1-09",
      "type": "soft",
      "name_ar": "نمذجة المشكلات",
      "name_en": "Problem Modeling",
      "description_ar": "نمذجة المشكلات مهارة قابلة للتعلم عبر الممارسة. ابدأ بالأساسيات ثم طبّق مشاريع صغيرة.",
      "applications_ar": [
        "تطبيق 1: نفّذ مهمة عملية متعلقة بـ نمذجة المشكلات.",
        "تطبيق 2: نفّذ مهمة عملية متعلقة بـ نمذجة المشكلات.",
        "تطبيق 3: نفّذ مهمة عملية متعلقة بـ نمذجة المشكلات.",
        "تطبيق 4: نفّذ مهمة عملية متعلقة بـ نمذجة المشكلات.",
        "تطبيق 5: نفّذ مهمة عملية متعلقة بـ نمذجة المشكلات.",
        "تطبيق 6: نفّذ مهمة عملية متعلقة بـ نمذجة المشكلات.",
        "تطبيق 7: نفّذ مهمة عملية متعلقة بـ نمذجة المشكلات.",
        "تطبيق 8: نفّذ مهمة عملية متعلقة بـ نمذجة المشكلات.",
        "تطبيق 9: نفّذ مهمة عملية متعلقة بـ نمذجة المشكلات.",
        "تطبيق 10: نفّذ مهمة عملية متعلقة بـ نمذجة المشكلات."
      ],
      "icon": "🤝",
      "applications_en": [
        "Practical: تطبيق 1: نفّذ مهمة عملية متعلقة بـ نمذجة المشكلات.",
        "Practical: تطبيق 2: نفّذ مهمة عملية متعلقة بـ نمذجة المشكلات.",
        "Practical: تطبيق 3: نفّذ مهمة عملية متعلقة بـ نمذجة المشكلات.",
        "Practical: تطبيق 4: نفّذ مهمة عملية متعلقة بـ نمذجة المشكلات.",
        "Practical: تطبيق 5: نفّذ مهمة عملية متعلقة بـ نمذجة المشكلات.",
        "Practical: تطبيق 6: نفّذ مهمة عملية متعلقة بـ نمذجة المشكلات.",
        "Practical: تطبيق 7: نفّذ مهمة عملية متعلقة بـ نمذجة المشكلات.",
        "Practical: تطبيق 8: نفّذ مهمة عملية متعلقة بـ نمذجة المشكلات.",
        "Practical: تطبيق 9: نفّذ مهمة عملية متعلقة بـ نمذجة المشكلات.",
        "Practical: تطبيق 10: نفّذ مهمة عملية متعلقة بـ نمذجة المشكلات."
      ],
      "description_en": "Practice-based skill. Improve through projects and feedback."
    },
    {
      "id": "1-10",
      "type": "soft",
      "name_ar": "قياس الأداء",
      "name_en": "Performance Measurement",
      "description_ar": "قياس الأداء مهارة قابلة للتعلم عبر الممارسة. ابدأ بالأساسيات ثم طبّق مشاريع صغيرة.",
      "applications_ar": [
        "تطبيق 1: نفّذ مهمة عملية متعلقة بـ قياس الأداء.",
        "تطبيق 2: نفّذ مهمة عملية متعلقة بـ قياس الأداء.",
        "تطبيق 3: نفّذ مهمة عملية متعلقة بـ قياس الأداء.",
        "تطبيق 4: نفّذ مهمة عملية متعلقة بـ قياس الأداء.",
        "تطبيق 5: نفّذ مهمة عملية متعلقة بـ قياس الأداء.",
        "تطبيق 6: نفّذ مهمة عملية متعلقة بـ قياس الأداء.",
        "تطبيق 7: نفّذ مهمة عملية متعلقة بـ قياس الأداء.",
        "تطبيق 8: نفّذ مهمة عملية متعلقة بـ قياس الأداء.",
        "تطبيق 9: نفّذ مهمة عملية متعلقة بـ قياس الأداء.",
        "تطبيق 10: نفّذ مهمة عملية متعلقة بـ قياس الأداء."
      ],
      "icon": "🤝",
      "applications_en": [
        "Practical: تطبيق 1: نفّذ مهمة عملية متعلقة بـ قياس الأداء.",
        "Practical: تطبيق 2: نفّذ مهمة عملية متعلقة بـ قياس الأداء.",
        "Practical: تطبيق 3: نفّذ مهمة عملية متعلقة بـ قياس الأداء.",
        "Practical: تطبيق 4: نفّذ مهمة عملية متعلقة بـ قياس الأداء.",
        "Practical: تطبيق 5: نفّذ مهمة عملية متعلقة بـ قياس الأداء.",
        "Practical: تطبيق 6: نفّذ مهمة عملية متعلقة بـ قياس الأداء.",
        "Practical: تطبيق 7: نفّذ مهمة عملية متعلقة بـ قياس الأداء.",
        "Practical: تطبيق 8: نفّذ مهمة عملية متعلقة بـ قياس الأداء.",
        "Practical: تطبيق 9: نفّذ مهمة عملية متعلقة بـ قياس الأداء.",
        "Practical: تطبيق 10: نفّذ مهمة عملية متعلقة بـ قياس الأداء."
      ],
      "description_en": "Practice-based skill. Improve through projects and feedback."
    },
    {
      "id": "1-11",
      "type": "soft",
      "name_ar": "تحليل المخاطر",
      "name_en": "Skill",
      "description_ar": "تحليل المخاطر مهارة قابلة للتعلم عبر الممارسة. ابدأ بالأساسيات ثم طبّق مشاريع صغيرة.",
      "applications_ar": [
        "تطبيق 1: نفّذ مهمة عملية متعلقة بـ تحليل المخاطر.",
        "تطبيق 2: نفّذ مهمة عملية متعلقة بـ تحليل المخاطر.",
        "تطبيق 3: نفّذ مهمة عملية متعلقة بـ تحليل المخاطر.",
        "تطبيق 4: نفّذ مهمة عملية متعلقة بـ تحليل المخاطر.",
        "تطبيق 5: نفّذ مهمة عملية متعلقة بـ تحليل المخاطر.",
        "تطبيق 6: نفّذ مهمة عملية متعلقة بـ تحليل المخاطر.",
        "تطبيق 7: نفّذ مهمة عملية متعلقة بـ تحليل المخاطر.",
        "تطبيق 8: نفّذ مهمة عملية متعلقة بـ تحليل المخاطر.",
        "تطبيق 9: نفّذ مهمة عملية متعلقة بـ تحليل المخاطر.",
        "تطبيق 10: نفّذ مهمة عملية متعلقة بـ تحليل المخاطر."
      ],
      "icon": "🤝",
      "applications_en": [
        "Practical: تطبيق 1: نفّذ مهمة عملية متعلقة بـ تحليل المخاطر.",
        "Practical: تطبيق 2: نفّذ مهمة عملية متعلقة بـ تحليل المخاطر.",
        "Practical: تطبيق 3: نفّذ مهمة عملية متعلقة بـ تحليل المخاطر.",
        "Practical: تطبيق 4: نفّذ مهمة عملية متعلقة بـ تحليل المخاطر.",
        "Practical: تطبيق 5: نفّذ مهمة عملية متعلقة بـ تحليل المخاطر.",
        "Practical: تطبيق 6: نفّذ مهمة عملية متعلقة بـ تحليل المخاطر.",
        "Practical: تطبيق 7: نفّذ مهمة عملية متعلقة بـ تحليل المخاطر.",
        "Practical: تطبيق 8: نفّذ مهمة عملية متعلقة بـ تحليل المخاطر.",
        "Practical: تطبيق 9: نفّذ مهمة عملية متعلقة بـ تحليل المخاطر.",
        "Practical: تطبيق 10: نفّذ مهمة عملية متعلقة بـ تحليل المخاطر."
      ],
      "description_en": "Practice-based skill. Improve through projects and feedback."
    },
    {
      "id": "1-12",
      "type": "soft",
      "name_ar": "الاستدلال الإحصائي",
      "name_en": "Skill",
      "description_ar": "الاستدلال الإحصائي مهارة قابلة للتعلم عبر الممارسة. ابدأ بالأساسيات ثم طبّق مشاريع صغيرة.",
      "applications_ar": [
        "تطبيق 1: نفّذ مهمة عملية متعلقة بـ الاستدلال الإحصائي.",
        "تطبيق 2: نفّذ مهمة عملية متعلقة بـ الاستدلال الإحصائي.",
        "تطبيق 3: نفّذ مهمة عملية متعلقة بـ الاستدلال الإحصائي.",
        "تطبيق 4: نفّذ مهمة عملية متعلقة بـ الاستدلال الإحصائي.",
        "تطبيق 5: نفّذ مهمة عملية متعلقة بـ الاستدلال الإحصائي.",
        "تطبيق 6: نفّذ مهمة عملية متعلقة بـ الاستدلال الإحصائي.",
        "تطبيق 7: نفّذ مهمة عملية متعلقة بـ الاستدلال الإحصائي.",
        "تطبيق 8: نفّذ مهمة عملية متعلقة بـ الاستدلال الإحصائي.",
        "تطبيق 9: نفّذ مهمة عملية متعلقة بـ الاستدلال الإحصائي.",
        "تطبيق 10: نفّذ مهمة عملية متعلقة بـ الاستدلال الإحصائي."
      ],
      "icon": "🤝",
      "applications_en": [
        "Practical: تطبيق 1: نفّذ مهمة عملية متعلقة بـ الاستدلال الإحصائي.",
        "Practical: تطبيق 2: نفّذ مهمة عملية متعلقة بـ الاستدلال الإحصائي.",
        "Practical: تطبيق 3: نفّذ مهمة عملية متعلقة بـ الاستدلال الإحصائي.",
        "Practical: تطبيق 4: نفّذ مهمة عملية متعلقة بـ الاستدلال الإحصائي.",
        "Practical: تطبيق 5: نفّذ مهمة عملية متعلقة بـ الاستدلال الإحصائي.",
        "Practical: تطبيق 6: نفّذ مهمة عملية متعلقة بـ الاستدلال الإحصائي.",
        "Practical: تطبيق 7: نفّذ مهمة عملية متعلقة بـ الاستدلال الإحصائي.",
        "Practical: تطبيق 8: نفّذ مهمة عملية متعلقة بـ الاستدلال الإحصائي.",
        "Practical: تطبيق 9: نفّذ مهمة عملية متعلقة بـ الاستدلال الإحصائي.",
        "Practical: تطبيق 10: نفّذ مهمة عملية متعلقة بـ الاستدلال الإحصائي."
      ],
      "description_en": "Practice-based skill. Improve through projects and feedback."
    },
    {
      "id": "1-13",
      "type": "soft",
      "name_ar": "تحليل السوق",
      "name_en": "Market Analysis",
      "description_ar": "تحليل السوق مهارة قابلة للتعلم عبر الممارسة. ابدأ بالأساسيات ثم طبّق مشاريع صغيرة.",
      "applications_ar": [
        "تطبيق 1: نفّذ مهمة عملية متعلقة بـ تحليل السوق.",
        "تطبيق 2: نفّذ مهمة عملية متعلقة بـ تحليل السوق.",
        "تطبيق 3: نفّذ مهمة عملية متعلقة بـ تحليل السوق.",
        "تطبيق 4: نفّذ مهمة عملية متعلقة بـ تحليل السوق.",
        "تطبيق 5: نفّذ مهمة عملية متعلقة بـ تحليل السوق.",
        "تطبيق 6: نفّذ مهمة عملية متعلقة بـ تحليل السوق.",
        "تطبيق 7: نفّذ مهمة عملية متعلقة بـ تحليل السوق.",
        "تطبيق 8: نفّذ مهمة عملية متعلقة بـ تحليل السوق.",
        "تطبيق 9: نفّذ مهمة عملية متعلقة بـ تحليل السوق.",
        "تطبيق 10: نفّذ مهمة عملية متعلقة بـ تحليل السوق."
      ],
      "icon": "🤝",
      "applications_en": [
        "Practical: تطبيق 1: نفّذ مهمة عملية متعلقة بـ تحليل السوق.",
        "Practical: تطبيق 2: نفّذ مهمة عملية متعلقة بـ تحليل السوق.",
        "Practical: تطبيق 3: نفّذ مهمة عملية متعلقة بـ تحليل السوق.",
        "Practical: تطبيق 4: نفّذ مهمة عملية متعلقة بـ تحليل السوق.",
        "Practical: تطبيق 5: نفّذ مهمة عملية متعلقة بـ تحليل السوق.",
        "Practical: تطبيق 6: نفّذ مهمة عملية متعلقة بـ تحليل السوق.",
        "Practical: تطبيق 7: نفّذ مهمة عملية متعلقة بـ تحليل السوق.",
        "Practical: تطبيق 8: نفّذ مهمة عملية متعلقة بـ تحليل السوق.",
        "Practical: تطبيق 9: نفّذ مهمة عملية متعلقة بـ تحليل السوق.",
        "Practical: تطبيق 10: نفّذ مهمة عملية متعلقة بـ تحليل السوق."
      ],
      "description_en": "Practice-based skill. Improve through projects and feedback."
    },
    {
      "id": "1-14",
      "type": "soft",
      "name_ar": "صياغة الفرضيات",
      "name_en": "Skill",
      "description_ar": "صياغة الفرضيات مهارة قابلة للتعلم عبر الممارسة. ابدأ بالأساسيات ثم طبّق مشاريع صغيرة.",
      "applications_ar": [
        "تطبيق 1: نفّذ مهمة عملية متعلقة بـ صياغة الفرضيات.",
        "تطبيق 2: نفّذ مهمة عملية متعلقة بـ صياغة الفرضيات.",
        "تطبيق 3: نفّذ مهمة عملية متعلقة بـ صياغة الفرضيات.",
        "تطبيق 4: نفّذ مهمة عملية متعلقة بـ صياغة الفرضيات.",
        "تطبيق 5: نفّذ مهمة عملية متعلقة بـ صياغة الفرضيات.",
        "تطبيق 6: نفّذ مهمة عملية متعلقة بـ صياغة الفرضيات.",
        "تطبيق 7: نفّذ مهمة عملية متعلقة بـ صياغة الفرضيات.",
        "تطبيق 8: نفّذ مهمة عملية متعلقة بـ صياغة الفرضيات.",
        "تطبيق 9: نفّذ مهمة عملية متعلقة بـ صياغة الفرضيات.",
        "تطبيق 10: نفّذ مهمة عملية متعلقة بـ صياغة الفرضيات."
      ],
      "icon": "🤝",
      "applications_en": [
        "Practical: تطبيق 1: نفّذ مهمة عملية متعلقة بـ صياغة الفرضيات.",
        "Practical: تطبيق 2: نفّذ مهمة عملية متعلقة بـ صياغة الفرضيات.",
        "Practical: تطبيق 3: نفّذ مهمة عملية متعلقة بـ صياغة الفرضيات.",
        "Practical: تطبيق 4: نفّذ مهمة عملية متعلقة بـ صياغة الفرضيات.",
        "Practical: تطبيق 5: نفّذ مهمة عملية متعلقة بـ صياغة الفرضيات.",
        "Practical: تطبيق 6: نفّذ مهمة عملية متعلقة بـ صياغة الفرضيات.",
        "Practical: تطبيق 7: نفّذ مهمة عملية متعلقة بـ صياغة الفرضيات.",
        "Practical: تطبيق 8: نفّذ مهمة عملية متعلقة بـ صياغة الفرضيات.",
        "Practical: تطبيق 9: نفّذ مهمة عملية متعلقة بـ صياغة الفرضيات.",
        "Practical: تطبيق 10: نفّذ مهمة عملية متعلقة بـ صياغة الفرضيات."
      ],
      "description_en": "Practice-based skill. Improve through projects and feedback."
    },
    {
      "id": "1-15",
      "type": "soft",
      "name_ar": "التخطيط السيناريوي",
      "name_en": "Skill",
      "description_ar": "التخطيط السيناريوي مهارة قابلة للتعلم عبر الممارسة. ابدأ بالأساسيات ثم طبّق مشاريع صغيرة.",
      "applications_ar": [
        "تطبيق 1: نفّذ مهمة عملية متعلقة بـ التخطيط السيناريوي.",
        "تطبيق 2: نفّذ مهمة عملية متعلقة بـ التخطيط السيناريوي.",
        "تطبيق 3: نفّذ مهمة عملية متعلقة بـ التخطيط السيناريوي.",
        "تطبيق 4: نفّذ مهمة عملية متعلقة بـ التخطيط السيناريوي.",
        "تطبيق 5: نفّذ مهمة عملية متعلقة بـ التخطيط السيناريوي.",
        "تطبيق 6: نفّذ مهمة عملية متعلقة بـ التخطيط السيناريوي.",
        "تطبيق 7: نفّذ مهمة عملية متعلقة بـ التخطيط السيناريوي.",
        "تطبيق 8: نفّذ مهمة عملية متعلقة بـ التخطيط السيناريوي.",
        "تطبيق 9: نفّذ مهمة عملية متعلقة بـ التخطيط السيناريوي.",
        "تطبيق 10: نفّذ مهمة عملية متعلقة بـ التخطيط السيناريوي."
      ],
      "icon": "🤝",
      "applications_en": [
        "Practical: تطبيق 1: نفّذ مهمة عملية متعلقة بـ التخطيط السيناريوي.",
        "Practical: تطبيق 2: نفّذ مهمة عملية متعلقة بـ التخطيط السيناريوي.",
        "Practical: تطبيق 3: نفّذ مهمة عملية متعلقة بـ التخطيط السيناريوي.",
        "Practical: تطبيق 4: نفّذ مهمة عملية متعلقة بـ التخطيط السيناريوي.",
        "Practical: تطبيق 5: نفّذ مهمة عملية متعلقة بـ التخطيط السيناريوي.",
        "Practical: تطبيق 6: نفّذ مهمة عملية متعلقة بـ التخطيط السيناريوي.",
        "Practical: تطبيق 7: نفّذ مهمة عملية متعلقة بـ التخطيط السيناريوي.",
        "Practical: تطبيق 8: نفّذ مهمة عملية متعلقة بـ التخطيط السيناريوي.",
        "Practical: تطبيق 9: نفّذ مهمة عملية متعلقة بـ التخطيط السيناريوي.",
        "Practical: تطبيق 10: نفّذ مهمة عملية متعلقة بـ التخطيط السيناريوي."
      ],
      "description_en": "Practice-based skill. Improve through projects and feedback."
    },
    {
      "id": "1-16",
      "type": "soft",
      "name_ar": "التجريد",
      "name_en": "Skill",
      "description_ar": "التجريد مهارة قابلة للتعلم عبر الممارسة. ابدأ بالأساسيات ثم طبّق مشاريع صغيرة.",
      "applications_ar": [
        "تطبيق 1: نفّذ مهمة عملية متعلقة بـ التجريد.",
        "تطبيق 2: نفّذ مهمة عملية متعلقة بـ التجريد.",
        "تطبيق 3: نفّذ مهمة عملية متعلقة بـ التجريد.",
        "تطبيق 4: نفّذ مهمة عملية متعلقة بـ التجريد.",
        "تطبيق 5: نفّذ مهمة عملية متعلقة بـ التجريد.",
        "تطبيق 6: نفّذ مهمة عملية متعلقة بـ التجريد.",
        "تطبيق 7: نفّذ مهمة عملية متعلقة بـ التجريد.",
        "تطبيق 8: نفّذ مهمة عملية متعلقة بـ التجريد.",
        "تطبيق 9: نفّذ مهمة عملية متعلقة بـ التجريد.",
        "تطبيق 10: نفّذ مهمة عملية متعلقة بـ التجريد."
      ],
      "icon": "🤝",
      "applications_en": [
        "Practical: تطبيق 1: نفّذ مهمة عملية متعلقة بـ التجريد.",
        "Practical: تطبيق 2: نفّذ مهمة عملية متعلقة بـ التجريد.",
        "Practical: تطبيق 3: نفّذ مهمة عملية متعلقة بـ التجريد.",
        "Practical: تطبيق 4: نفّذ مهمة عملية متعلقة بـ التجريد.",
        "Practical: تطبيق 5: نفّذ مهمة عملية متعلقة بـ التجريد.",
        "Practical: تطبيق 6: نفّذ مهمة عملية متعلقة بـ التجريد.",
        "Practical: تطبيق 7: نفّذ مهمة عملية متعلقة بـ التجريد.",
        "Practical: تطبيق 8: نفّذ مهمة عملية متعلقة بـ التجريد.",
        "Practical: تطبيق 9: نفّذ مهمة عملية متعلقة بـ التجريد.",
        "Practical: تطبيق 10: نفّذ مهمة عملية متعلقة بـ التجريد."
      ],
      "description_en": "Practice-based skill. Improve through projects and feedback."
    },
    {
      "id": "1-17",
      "type": "soft",
      "name_ar": "المقارنة",
      "name_en": "Skill",
      "description_ar": "المقارنة مهارة قابلة للتعلم عبر الممارسة. ابدأ بالأساسيات ثم طبّق مشاريع صغيرة.",
      "applications_ar": [
        "تطبيق 1: نفّذ مهمة عملية متعلقة بـ المقارنة.",
        "تطبيق 2: نفّذ مهمة عملية متعلقة بـ المقارنة.",
        "تطبيق 3: نفّذ مهمة عملية متعلقة بـ المقارنة.",
        "تطبيق 4: نفّذ مهمة عملية متعلقة بـ المقارنة.",
        "تطبيق 5: نفّذ مهمة عملية متعلقة بـ المقارنة.",
        "تطبيق 6: نفّذ مهمة عملية متعلقة بـ المقارنة.",
        "تطبيق 7: نفّذ مهمة عملية متعلقة بـ المقارنة.",
        "تطبيق 8: نفّذ مهمة عملية متعلقة بـ المقارنة.",
        "تطبيق 9: نفّذ مهمة عملية متعلقة بـ المقارنة.",
        "تطبيق 10: نفّذ مهمة عملية متعلقة بـ المقارنة."
      ],
      "icon": "🤝",
      "applications_en": [
        "Practical: تطبيق 1: نفّذ مهمة عملية متعلقة بـ المقارنة.",
        "Practical: تطبيق 2: نفّذ مهمة عملية متعلقة بـ المقارنة.",
        "Practical: تطبيق 3: نفّذ مهمة عملية متعلقة بـ المقارنة.",
        "Practical: تطبيق 4: نفّذ مهمة عملية متعلقة بـ المقارنة.",
        "Practical: تطبيق 5: نفّذ مهمة عملية متعلقة بـ المقارنة.",
        "Practical: تطبيق 6: نفّذ مهمة عملية متعلقة بـ المقارنة.",
        "Practical: تطبيق 7: نفّذ مهمة عملية متعلقة بـ المقارنة.",
        "Practical: تطبيق 8: نفّذ مهمة عملية متعلقة بـ المقارنة.",
        "Practical: تطبيق 9: نفّذ مهمة عملية متعلقة بـ المقارنة.",
        "Practical: تطبيق 10: نفّذ مهمة عملية متعلقة بـ المقارنة."
      ],
      "description_en": "Practice-based skill. Improve through projects and feedback."
    },
    {
      "id": "1-18",
      "type": "soft",
      "name_ar": "التصنيف",
      "name_en": "Skill",
      "description_ar": "التصنيف مهارة قابلة للتعلم عبر الممارسة. ابدأ بالأساسيات ثم طبّق مشاريع صغيرة.",
      "applications_ar": [
        "تطبيق 1: نفّذ مهمة عملية متعلقة بـ التصنيف.",
        "تطبيق 2: نفّذ مهمة عملية متعلقة بـ التصنيف.",
        "تطبيق 3: نفّذ مهمة عملية متعلقة بـ التصنيف.",
        "تطبيق 4: نفّذ مهمة عملية متعلقة بـ التصنيف.",
        "تطبيق 5: نفّذ مهمة عملية متعلقة بـ التصنيف.",
        "تطبيق 6: نفّذ مهمة عملية متعلقة بـ التصنيف.",
        "تطبيق 7: نفّذ مهمة عملية متعلقة بـ التصنيف.",
        "تطبيق 8: نفّذ مهمة عملية متعلقة بـ التصنيف.",
        "تطبيق 9: نفّذ مهمة عملية متعلقة بـ التصنيف.",
        "تطبيق 10: نفّذ مهمة عملية متعلقة بـ التصنيف."
      ],
      "icon": "🤝",
      "applications_en": [
        "Practical: تطبيق 1: نفّذ مهمة عملية متعلقة بـ التصنيف.",
        "Practical: تطبيق 2: نفّذ مهمة عملية متعلقة بـ التصنيف.",
        "Practical: تطبيق 3: نفّذ مهمة عملية متعلقة بـ التصنيف.",
        "Practical: تطبيق 4: نفّذ مهمة عملية متعلقة بـ التصنيف.",
        "Practical: تطبيق 5: نفّذ مهمة عملية متعلقة بـ التصنيف.",
        "Practical: تطبيق 6: نفّذ مهمة عملية متعلقة بـ التصنيف.",
        "Practical: تطبيق 7: نفّذ مهمة عملية متعلقة بـ التصنيف.",
        "Practical: تطبيق 8: نفّذ مهمة عملية متعلقة بـ التصنيف.",
        "Practical: تطبيق 9: نفّذ مهمة عملية متعلقة بـ التصنيف.",
        "Practical: تطبيق 10: نفّذ مهمة عملية متعلقة بـ التصنيف."
      ],
      "description_en": "Practice-based skill. Improve through projects and feedback."
    },
    {
      "id": "1-19",
      "type": "soft",
      "name_ar": "التدقيق",
      "name_en": "Skill",
      "description_ar": "التدقيق مهارة قابلة للتعلم عبر الممارسة. ابدأ بالأساسيات ثم طبّق مشاريع صغيرة.",
      "applications_ar": [
        "تطبيق 1: نفّذ مهمة عملية متعلقة بـ التدقيق.",
        "تطبيق 2: نفّذ مهمة عملية متعلقة بـ التدقيق.",
        "تطبيق 3: نفّذ مهمة عملية متعلقة بـ التدقيق.",
        "تطبيق 4: نفّذ مهمة عملية متعلقة بـ التدقيق.",
        "تطبيق 5: نفّذ مهمة عملية متعلقة بـ التدقيق.",
        "تطبيق 6: نفّذ مهمة عملية متعلقة بـ التدقيق.",
        "تطبيق 7: نفّذ مهمة عملية متعلقة بـ التدقيق.",
        "تطبيق 8: نفّذ مهمة عملية متعلقة بـ التدقيق.",
        "تطبيق 9: نفّذ مهمة عملية متعلقة بـ التدقيق.",
        "تطبيق 10: نفّذ مهمة عملية متعلقة بـ التدقيق."
      ],
      "icon": "🤝",
      "applications_en": [
        "Practical: تطبيق 1: نفّذ مهمة عملية متعلقة بـ التدقيق.",
        "Practical: تطبيق 2: نفّذ مهمة عملية متعلقة بـ التدقيق.",
        "Practical: تطبيق 3: نفّذ مهمة عملية متعلقة بـ التدقيق.",
        "Practical: تطبيق 4: نفّذ مهمة عملية متعلقة بـ التدقيق.",
        "Practical: تطبيق 5: نفّذ مهمة عملية متعلقة بـ التدقيق.",
        "Practical: تطبيق 6: نفّذ مهمة عملية متعلقة بـ التدقيق.",
        "Practical: تطبيق 7: نفّذ مهمة عملية متعلقة بـ التدقيق.",
        "Practical: تطبيق 8: نفّذ مهمة عملية متعلقة بـ التدقيق.",
        "Practical: تطبيق 9: نفّذ مهمة عملية متعلقة بـ التدقيق.",
        "Practical: تطبيق 10: نفّذ مهمة عملية متعلقة بـ التدقيق."
      ],
      "description_en": "Practice-based skill. Improve through projects and feedback."
    },
    {
      "id": "1-20",
      "type": "soft",
      "name_ar": "التنبؤ",
      "name_en": "Skill",
      "description_ar": "التنبؤ مهارة قابلة للتعلم عبر الممارسة. ابدأ بالأساسيات ثم طبّق مشاريع صغيرة.",
      "applications_ar": [
        "تطبيق 1: نفّذ مهمة عملية متعلقة بـ التنبؤ.",
        "تطبيق 2: نفّذ مهمة عملية متعلقة بـ التنبؤ.",
        "تطبيق 3: نفّذ مهمة عملية متعلقة بـ التنبؤ.",
        "تطبيق 4: نفّذ مهمة عملية متعلقة بـ التنبؤ.",
        "تطبيق 5: نفّذ مهمة عملية متعلقة بـ التنبؤ.",
        "تطبيق 6: نفّذ مهمة عملية متعلقة بـ التنبؤ.",
        "تطبيق 7: نفّذ مهمة عملية متعلقة بـ التنبؤ.",
        "تطبيق 8: نفّذ مهمة عملية متعلقة بـ التنبؤ.",
        "تطبيق 9: نفّذ مهمة عملية متعلقة بـ التنبؤ.",
        "تطبيق 10: نفّذ مهمة عملية متعلقة بـ التنبؤ."
      ],
      "icon": "🤝",
      "applications_en": [
        "Practical: تطبيق 1: نفّذ مهمة عملية متعلقة بـ التنبؤ.",
        "Practical: تطبيق 2: نفّذ مهمة عملية متعلقة بـ التنبؤ.",
        "Practical: تطبيق 3: نفّذ مهمة عملية متعلقة بـ التنبؤ.",
        "Practical: تطبيق 4: نفّذ مهمة عملية متعلقة بـ التنبؤ.",
        "Practical: تطبيق 5: نفّذ مهمة عملية متعلقة بـ التنبؤ.",
        "Practical: تطبيق 6: نفّذ مهمة عملية متعلقة بـ التنبؤ.",
        "Practical: تطبيق 7: نفّذ مهمة عملية متعلقة بـ التنبؤ.",
        "Practical: تطبيق 8: نفّذ مهمة عملية متعلقة بـ التنبؤ.",
        "Practical: تطبيق 9: نفّذ مهمة عملية متعلقة بـ التنبؤ.",
        "Practical: تطبيق 10: نفّذ مهمة عملية متعلقة بـ التنبؤ."
      ],
      "description_en": "Practice-based skill. Improve through projects and feedback."
    }
  ]
}