{
  "skills": [
    {
      "id": "3-01",
      "type": "soft",
      "name_ar": "التواصل الفعّال",
      "name_en": "Effective Communication",
      "description_ar": "التواصل الفعّال مهارة قابلة للتعلم عبر الممارسة. ابدأ بالأساسيات ثم طبّق مشاريع صغيرة.",
      "applications_ar": [
        "تطبيق 1: نفّذ مهمة عملية متعلقة بـ التواصل الفعّال.",
        "تطبيق 2: نفّذ مهمة عملية متعلقة بـ التواصل الفعّال.",
        "تطبيق 3: نفّذ مهمة عملية متعلقة بـ التواصل الفعّال.",
        "تطبيق 4: نفّذ مهمة عملية متعلقة بـ التواصل الفعّال.",
        "تطبيق 5: نفّذ مهمة عملية متعلقة بـ التواصل الفعّال.",
        "تطبيق 6: نفّذ مهمة عملية متعلقة بـ التواصل الفعّال.",
        "تطبيق 7: نفّذ مهمة عملية متعلقة بـ التواصل الفعّال.",
        "تطبيق 8: نفّذ مهمة عملية متعلقة بـ التواصل الفعّال.",
        "تطبيق 9: نفّذ مهمة عملية متعلقة بـ التواصل الفعّال.",
        "تطبيق 10: نفّذ مهمة عملية متعلقة بـ التواصل الفعّال."
      ],
      "icon": "🤝",
      "applications_en": [
        "Practical: تطبيق 1: نفّذ مهمة عملية متعلقة بـ التواصل الفعّال.",
        "Practical: تطبيق 2: نفّذ مهمة عملية متعلقة بـ التواصل الفعّال.",
        "Practical: تطبيق 3: نفّذ مهمة عملية متعلقة بـ التواصل الفعّال.",
        "Practical: تطبيق 4: نفّذ مهمة عملية متعلقة بـ التواصل الفعّال.",
        "Practical: تطبيق 5: نفّذ مهمة عملية متعلقة بـ التواصل الفعّال.",
        "Practical: تطبيق 6: نفّذ مهمة عملية متعلقة بـ التواصل الفعّال.",
        "Practical: تطبيق 7: نفّذ مهمة عملية متعلقة بـ التواصل الفعّال.",
        "Practical: تطبيق 8: نفّذ مهمة عملية متعلقة بـ التواصل الفعّال.",
        "Practical: تطبيق 9: نفّذ مهمة عملية متعلقة بـ التواصل الفعّال.",
        "Practical: تطبيق 10: نفّذ مهمة عملية متعلقة بـ التواصل الفعّال."
      ],
      "description_en": "Practice-based skill. Improve through projects and feedback."
    },
    {
      "id": "3-02",
      "type": "soft",
      "name_ar": "الاستماع النشط",
      "name_en": "Active Listening",
      "description_ar": "الاستماع النشط مهارة قابلة للتعلم عبر الممارسة. ابدأ بالأساسيات ثم طبّق مشاريع صغيرة.",
      "applications_ar": [
        "تطبيق 1: نفّذ مهمة عملية متعلقة بـ الاستماع النشط.",
        "تطبيق 2: نفّذ مهمة عملية متعلقة بـ الاستماع النشط.",
        "تطبيق 3: نفّذ مهمة عملية متعلقة بـ الاستماع النشط.",
        "تطبيق 4: نفّذ مهمة عملية متعلقة بـ الاستماع النشط.",
        "تطبيق 5: نفّذ مهمة عملية متعلقة بـ الاستماع النشط.",
        "تطبيق 6: نفّذ مهمة عملية متعلقة بـ الاستماع النشط.",
        "تطبيق 7: نفّذ مهمة عملية متعلقة بـ الاستماع النشط.",
        "تطبيق 8: نفّذ مهمة عملية متعلقة بـ الاستماع النشط.",
        "تطبيق 9: نفّذ مهمة عملية متعلقة بـ الاستماع النشط.",
        "تطبيق 10: نفّذ مهمة عملية متعلقة بـ الاستماع النشط."
      ],
      "icon": "🤝",
      "applications_en": [
        "Practical: تطبيق 1: نفّذ مهمة عملية متعلقة بـ الاستماع النشط.",
        "Practical: تطبيق 2: نفّذ مهمة عملية متعلقة بـ الاستماع النشط.",
        "Practical: تطبيق 3: نفّذ مهمة عملية متعلقة بـ الاستماع النشط.",
        "Practical: تطبيق 4: نفّذ مهمة عملية متعلقة بـ الاستماع النشط.",
        "Practical: تطبيق 5: نفّذ مهمة عملية متعلقة بـ الاستماع النشط.",
        "Practical: تطبيق 6: نفّذ مهمة عملية متعلقة بـ الاستماع النشط.",
        "Practical: تطبيق 7: نفّذ مهمة عملية متعلقة بـ الاستماع النشط.",
        "Practical: تطبيق 8: نفّذ مهمة عملية متعلقة بـ الاستماع النشط.",
        "Practical: تطبيق 9: نفّذ مهمة عملية متعلقة بـ الاستماع النشط.",
        "Practical: تطبيق 10: نفّذ مهمة عملية متعلقة بـ الاستماع النشط."
      ],
      "description_en": "Practice-based skill. Improve through projects and feedback."
    },
    {
      "id": "3-03",
      "type": "soft",
      "name_ar": "التفاوض",
      "name_en": "Negotiation",
      "description_ar": "التفاوض مهارة قابلة للتعلم عبر الممارسة. ابدأ بالأساسيات ثم طبّق مشاريع صغيرة.",
      "applications_ar": [
        "تطبيق 1: نفّذ مهمة عملية متعلقة بـ التفاوض.",
        "تطبيق 2: نفّذ مهمة عملية متعلقة بـ التفاوض.",
        "تطبيق 3: نفّذ مهمة عملية متعلقة بـ التفاوض.",
        "تطبيق 4: نفّذ مهمة عملية متعلقة بـ التفاوض.",
        "تطبيق 5: نفّذ مهمة عملية متعلقة بـ التفاوض.",
        "تطبيق 6: نفّذ مهمة عملية متعلقة بـ التفاوض.",
        "تطبيق 7: نفّذ مهمة عملية متعلقة بـ التفاوض.",
        "تطبيق 8: نفّذ مهمة عملية متعلقة بـ التفاوض.",
        "تطبيق 9: نفّذ مهمة عملية متعلقة بـ التفاوض.",
        "تطبيق 10: نفّذ مهمة عملية متعلقة بـ التفاوض."
      ],
      "icon": "🤝",
      "applications_en": [
        "Practical: تطبيق 1: نفّذ مهمة عملية متعلقة بـ التفاوض.",
        "Practical: تطبيق 2: نفّذ مهمة عملية متعلقة بـ التفاوض.",
        "Practical: تطبيق 3: نفّذ مهمة عملية متعلقة بـ التفاوض.",
        "Practical: تطبيق 4: نفّذ مهمة عملية متعلقة بـ التفاوض.",
        "Practical: تطبيق 5: نفّذ مهمة عملية متعلقة بـ التفاوض.",
        "Practical: تطبيق 6: نفّذ مهمة عملية متعلقة بـ التفاوض.",
        "Practical: تطبيق 7: نفّذ مهمة عملية متعلقة بـ التفاوض.",
        "Practical: تطبيق 8: نفّذ مهمة عملية متعلقة بـ التفاوض.",
        "Practical: تطبيق 9: نفّذ مهمة عملية متعلقة بـ التفاوض.",
        "Practical: تطبيق 10: نفّذ مهمة عملية متعلقة بـ التفاوض."
      ],
      "description_en": "Practice-based skill. Improve through projects and feedback."
    },
    {
      "id": "3-04",
      "type": "soft",
      "name_ar": "القيادة",
      "name_en": "Leadership",
      "description_ar": "القيادة مهارة قابلة للتعلم عبر الممارسة. ابدأ بالأساسيات ثم طبّق مشاريع صغيرة.",
      "applications_ar": [
        "تطبيق 1: نفّذ مهمة عملية متعلقة بـ القيادة.",
        "تطبيق 2: نفّذ مهمة عملية متعلقة بـ القيادة.",
        "تطبيق 3: نفّذ مهمة عملية متعلقة بـ القيادة.",
        "تطبيق 4: نفّذ مهمة عملية متعلقة بـ القيادة.",
        "تطبيق 5: نفّذ مهمة عملية متعلقة بـ القيادة.",
        "تطبيق 6: نفّذ مهمة عملية متعلقة بـ القيادة.",
        "تطبيق 7: نفّذ مهمة عملية متعلقة بـ القيادة.",
        "تطبيق 8: نفّذ مهمة عملية متعلقة بـ القيادة.",
        "تطبيق 9: نفّذ مهمة عملية متعلقة بـ القيادة.",
        "تطبيق 10: نفّذ مهمة عملية متعلقة بـ القيادة."
      ],
      "icon": "🤝",
      "applications_en": [
        "Practical: تطبيق 1: نفّذ مهمة عملية متعلقة بـ القيادة.",
        "Practical: تطبيق 2: نفّذ مهمة عملية متعلقة بـ القيادة.",
        "Practical: تطبيق 3: نفّذ مهمة عملية متعلقة بـ القيادة.",
        "Practical: تطبيق 4: نفّذ مهمة عملية متعلقة بـ القيادة.",
        "Practical: تطبيق 5: نفّذ مهمة عملية متعلقة بـ القيادة.",
        "Practical: تطبيق 6: نفّذ مهمة عملية متعلقة بـ القيادة.",
        "Practical: تطبيق 7: نفّذ مهمة عملية متعلقة بـ القيادة.",
        "Practical: تطبيق 8: نفّذ مهمة عملية متعلقة بـ القيادة.",
        "Practical: تطبيق 9: نفّذ مهمة عملية متعلقة بـ القيادة.",
        "Practical: تطبيق 10: نفّذ مهمة عملية متعلقة بـ القيادة."
      ],
      "description_en": "Practice-based skill. Improve through projects and feedback."
    },
    {
      "id": "3-05",
      "type": "soft",
      "name_ar": "التحدث أمام الجمهور",
      "name_en": "Public Speaking",
      "description_ar": "التحدث أمام الجمهور مهارة قابلة للتعلم عبر الممارسة. ابدأ بالأساسيات ثم طبّق مشاريع صغيرة.",
      "applications_ar": [
        "تطبيق 1: نفّذ مهمة عملية متعلقة بـ التحدث أمام الجمهور.",
        "تطبيق 2: نفّذ مهمة عملية متعلقة بـ التحدث أمام الجمهور.",
        "تطبيق 3: نفّذ مهمة عملية متعلقة بـ التحدث أمام الجمهور.",
        "تطبيق 4: نفّذ مهمة عملية متعلقة بـ التحدث أمام الجمهور.",
        "تطبيق 5: نفّذ مهمة عملية متعلقة بـ التحدث أمام الجمهور.",
        "تطبيق 6: نفّذ مهمة عملية متعلقة بـ التحدث أمام الجمهور.",
        "تطبيق 7: نفّذ مهمة عملية متعلقة بـ التحدث أمام الجمهور.",
        "تطبيق 8: نفّذ مهمة عملية متعلقة بـ التحدث أمام الجمهور.",
        "تطبيق 9: نفّذ مهمة عملية متعلقة بـ التحدث أمام الجمهور.",
        "تطبيق 10: نفّذ مهمة عملية متعلقة بـ التحدث أمام الجمهور."
      ],
      "icon": "🤝",
      "applications_en": [
        "Practical: تطبيق 1: نفّذ مهمة عملية متعلقة بـ التحدث أمام الجمهور.",
        "Practical: تطبيق 2: نفّذ مهمة عملية متعلقة بـ التحدث أمام الجمهور.",
        "Practical: تطبيق 3: نفّذ مهمة عملية متعلقة بـ التحدث أمام الجمهور.",
        "Practical: تطبيق 4: نفّذ مهمة عملية متعلقة بـ التحدث أمام الجمهور.",
        "Practical: تطبيق 5: نفّذ مهمة عملية متعلقة بـ التحدث أمام الجمهور.",
        "Practical: تطبيق 6: نفّذ مهمة عملية متعلقة بـ التحدث أمام الجمهور.",
        "Practical: تطبيق 7: نفّذ مهمة عملية متعلقة بـ التحدث أمام الجمهور.",
        "Practical: تطبيق 8: نفّذ مهمة عملية متعلقة بـ التحدث أمام الجمهور.",
        "Practical: تطبيق 9: نفّذ مهمة عملية متعلقة بـ التحدث أمام الجمهور.",
        "Practical: تطبيق 10: نفّذ مهمة عملية متعلقة بـ التحدث أمام الجمهور."
      ],
      "description_en": "Practice-based skill. Improve through projects and feedback."
    },
    {
      "id": "3-06",
      "type": "soft",
      "name_ar": "بناء الفرق",
      "name_en": "Skill",
      "description_ar": "بناء الفرق مهارة قابلة للتعلم عبر الممارسة. ابدأ بالأساسيات ثم طبّق مشاريع صغيرة.",
      "applications_ar": [
        "تطبيق 1: نفّذ مهمة عملية متعلقة بـ بناء الفرق.",
        "تطبيق 2: نفّذ مهمة عملية متعلقة بـ بناء الفرق.",
        "تطبيق 3: نفّذ مهمة عملية متعلقة بـ بناء الفرق.",
        "تطبيق 4: نفّذ مهمة عملية متعلقة بـ بناء الفرق.",
        "تطبيق 5: نفّذ مهمة عملية متعلقة بـ بناء الفرق.",
        "تطبيق 6: نفّذ مهمة عملية متعلقة بـ بناء الفرق.",
        "تطبيق 7: نفّذ مهمة عملية متعلقة بـ بناء الفرق.",
        "تطبيق 8: نفّذ مهمة عملية متعلقة بـ بناء الفرق.",
        "تطبيق 9: نفّذ مهمة عملية متعلقة بـ بناء الفرق.",
        "تطبيق 10: نفّذ مهمة عملية متعلقة بـ بناء الفرق."
      ],
      "icon": "🤝",
      "applications_en": [
        "Practical: تطبيق 1: نفّذ مهمة عملية متعلقة بـ بناء الفرق.",
        "Practical: تطبيق 2: نفّذ مهمة عملية متعلقة بـ بناء الفرق.",
        "Practical: تطبيق 3: نفّذ مهمة عملية متعلقة بـ بناء الفرق.",
        "Practical: تطبيق 4: نفّذ مهمة عملية متعلقة بـ بناء الفرق.",
        "Practical: تطبيق 5: نفّذ مهمة عملية متعلقة بـ بناء الفرق.",
        "Practical: تطبيق 6: نفّذ مهمة عملية متعلقة بـ بناء الفرق.",
        "Practical: تطبيق 7: نفّذ مهمة عملية متعلقة بـ بناء الفرق.",
        "Practical: تطبيق 8: نفّذ مهمة عملية متعلقة بـ بناء الفرق.",
        "Practical: تطبيق 9: نفّذ مهمة عملية متعلقة بـ بناء الفرق.",
        "Practical: تطبيق 10: نفّذ مهمة عملية متعلقة بـ بناء الفرق."
      ],
      "description_en": "Practice-based skill. Improve through projects and feedback."
    },
    {
      "id": "3-07",
      "type": "soft",
      "name_ar": "التخطيط الاستراتيجي",
      "name_en": "Skill",
      "description_ar": "التخطيط الاستراتيجي مهارة قابلة للتعلم عبر الممارسة. ابدأ بالأساسيات ثم طبّق مشاريع صغيرة.",
      "applications_ar": [
        "تطبيق 1: نفّذ مهمة عملية متعلقة بـ التخطيط الاستراتيجي.",
        "تطبيق 2: نفّذ مهمة عملية متعلقة بـ التخطيط الاستراتيجي.",
        "تطبيق 3: نفّذ مهمة عملية متعلقة بـ التخطيط الاستراتيجي.",
        "تطبيق 4: نفّذ مهمة عملية متعلقة بـ التخطيط الاستراتيجي.",
        "تطبيق 5: نفّذ مهمة عملية متعلقة بـ التخطيط الاستراتيجي.",
        "تطبيق 6: نفّذ مهمة عملية متعلقة بـ التخطيط الاستراتيجي.",
        "تطبيق 7: نفّذ مهمة عملية متعلقة بـ التخطيط الاستراتيجي.",
        "تطبيق 8: نفّذ مهمة عملية متعلقة بـ التخطيط الاستراتيجي.",
        "تطبيق 9: نفّذ مهمة عملية متعلقة بـ التخطيط الاستراتيجي.",
        "تطبيق 10: نفّذ مهمة عملية متعلقة بـ التخطيط الاستراتيجي."
      ],
      "icon": "🤝",
      "applications_en": [
        "Practical: تطبيق 1: نفّذ مهمة عملية متعلقة بـ التخطيط الاستراتيجي.",
        "Practical: تطبيق 2: نفّذ مهمة عملية متعلقة بـ التخطيط الاستراتيجي.",
        "Practical: تطبيق 3: نفّذ مهمة عملية متعلقة بـ التخطيط الاستراتيجي.",
        "Practical: تطبيق 4: نفّذ مهمة عملية متعلقة بـ التخطيط الاستراتيجي.",
        "Practical: تطبيق 5: نفّذ مهمة عملية متعلقة بـ التخطيط الاستراتيجي.",
        "Practical: تطبيق 6: نفّذ مهمة عملية متعلقة بـ التخطيط الاستراتيجي.",
        "Practical: تطبيق 7: نفّذ مهمة عملية متعلقة بـ التخطيط الاستراتيجي.",
        "Practical: تطبيق 8: نفّذ مهمة عملية متعلقة بـ التخطيط الاستراتيجي.",
        "Practical: تطبيق 9: نفّذ مهمة عملية متعلقة بـ التخطيط الاستراتيجي.",
        "Practical: تطبيق 10: نفّذ مهمة عملية متعلقة بـ التخطيط الاستراتيجي."
      ],
      "description_en": "Practice-based skill. Improve through projects and feedback."
    },
    {
      "id": "3-08",
      "type": "soft",
      "name_ar": "التأثير",
      "name_en": "Skill",
      "description_ar": "التأثير مهارة قابلة للتعلم عبر الممارسة. ابدأ بالأساسيات ثم طبّق مشاريع صغيرة.",
      "applications_ar": [
        "تطبيق 1: نفّذ مهمة عملية متعلقة بـ التأثير.",
        "تطبيق 2: نفّذ مهمة عملية متعلقة بـ التأثير.",
        "تطبيق 3: نفّذ مهمة عملية متعلقة بـ التأثير.",
        "تطبيق 4: نفّذ مهمة عملية متعلقة بـ التأثير.",
        "تطبيق 5: نفّذ مهمة عملية متعلقة بـ التأثير.",
        "تطبيق 6: نفّذ مهمة عملية متعلقة بـ التأثير.",
        "تطبيق 7: نفّذ مهمة عملية متعلقة بـ التأثير.",
        "تطبيق 8: نفّذ مهمة عملية متعلقة بـ التأثير.",
        "تطبيق 9: نفّذ مهمة عملية متعلقة بـ التأثير.",
        "تطبيق 10: نفّذ مهمة عملية متعلقة بـ التأثير."
      ],
      "icon": "🤝",
      "applications_en": [
        "Practical: تطبيق 1: نفّذ مهمة عملية متعلقة بـ التأثير.",
        "Practical: تطبيق 2: نفّذ مهمة عملية متعلقة بـ التأثير.",
        "Practical: تطبيق 3: نفّذ مهمة عملية متعلقة بـ التأثير.",
        "Practical: تطبيق 4: نفّذ مهمة عملية متعلقة بـ التأثير.",
        "Practical: تطبيق 5: نفّذ مهمة عملية متعلقة بـ التأثير.",
        "Practical: تطبيق 6: نفّذ مهمة عملية متعلقة بـ التأثير.",
        "Practical: تطبيق 7: نفّذ مهمة عملية متعلقة بـ التأثير.",
        "Practical: تطبيق 8: نفّذ مهمة عملية متعلقة بـ التأثير.",
        "Practical: تطبيق 9: نفّذ مهمة عملية متعلقة بـ التأثير.",
        "Practical: تطبيق 10: نفّذ مهمة عملية متعلقة بـ التأثير."
      ],
      "description_en": "Practice-based skill. Improve through projects and feedback."
    },
    {
      "id": "3-09",
      "type": "soft",
      "name_ar": "التوجيه",
      "name_en": "Skill",
      "description_ar": "التوجيه مهارة قابلة للتعلم عبر الممارسة. ابدأ بالأساسيات ثم طبّق مشاريع صغيرة.",
      "applications_ar": [
        "تطبيق 1: نفّذ مهمة عملية متعلقة بـ التوجيه.",
        "تطبيق 2: نفّذ مهمة عملية متعلقة بـ التوجيه.",
        "تطبيق 3: نفّذ مهمة عملية متعلقة بـ التوجيه.",
        "تطبيق 4: نفّذ مهمة عملية متعلقة بـ التوجيه.",
        "تطبيق 5: نفّذ مهمة عملية متعلقة بـ التوجيه.",
        "تطبيق 6: نفّذ مهمة عملية متعلقة بـ التوجيه.",
        "تطبيق 7: نفّذ مهمة عملية متعلقة بـ التوجيه.",
        "تطبيق 8: نفّذ مهمة عملية متعلقة بـ التوجيه.",
        "تطبيق 9: نفّذ مهمة عملية متعلقة بـ التوجيه.",
        "تطبيق 10: نفّذ مهمة عملية متعلقة بـ التوجيه."
      ],
      "icon": "🤝",
      "applications_en": [
        "Practical: تطبيق 1: نفّذ مهمة عملية متعلقة بـ التوجيه.",
        "Practical: تطبيق 2: نفّذ مهمة عملية متعلقة بـ التوجيه.",
        "Practical: تطبيق 3: نفّذ مهمة عملية متعلقة بـ التوجيه.",
        "Practical: تطبيق 4: نفّذ مهمة عملية متعلقة بـ التوجيه.",
        "Practical: تطبيق 5: نفّذ مهمة عملية متعلقة بـ التوجيه.",
        "Practical: تطبيق 6: نفّذ مهمة عملية متعلقة بـ التوجيه.",
        "Practical: تطبيق 7: نفّذ مهمة عملية متعلقة بـ التوجيه.",
        "Practical: تطبيق 8: نفّذ مهمة عملية متعلقة بـ التوجيه.",
        "Practical: تطبيق 9: نفّذ مهمة عملية متعلقة بـ التوجيه.",
        "Practical: تطبيق 10: نفّذ مهمة عملية متعلقة بـ التوجيه."
      ],
      "description_en": "Practice-based skill. Improve through projects and feedback."
    },
    {
      "id": "3-10",
      "type": "soft",
      "name_ar": "إدارة الصراعات",
      "name_en": "Skill",
      "description_ar": "إدارة الصراعات مهارة قابلة للتعلم عبر الممارسة. ابدأ بالأساسيات ثم طبّق مشاريع صغيرة.",
      "applications_ar": [
        "تطبيق 1: نفّذ مهمة عملية متعلقة بـ إدارة الصراعات.",
        "تطبيق 2: نفّذ مهمة عملية متعلقة بـ إدارة الصراعات.",
        "تطبيق 3: نفّذ مهمة عملية متعلقة بـ إدارة الصراعات.",
        "تطبيق 4: نفّذ مهمة عملية متعلقة بـ إدارة الصراعات.",
        "تطبيق 5: نفّذ مهمة عملية متعلقة بـ إدارة الصراعات.",
        "تطبيق 6: نفّذ مهمة عملية متعلقة بـ إدارة الصراعات.",
        "تطبيق 7: نفّذ مهمة عملية متعلقة بـ إدارة الصراعات.",
        "تطبيق 8: نفّذ مهمة عملية متعلقة بـ إدارة الصراعات.",
        "تطبيق 9: نفّذ مهمة عملية متعلقة بـ إدارة الصراعات.",
        "تطبيق 10: نفّذ مهمة عملية متعلقة بـ إدارة الصراعات."
      ],
      "icon": "🤝",
      "applications_en": [
        "Practical: تطبيق 1: نفّذ مهمة عملية متعلقة بـ إدارة الصراعات.",
        "Practical: تطبيق 2: نفّذ مهمة عملية متعلقة بـ إدارة الصراعات.",
        "Practical: تطبيق 3: نفّذ مهمة عملية متعلقة بـ إدارة الصراعات.",
        "Practical: تطبيق 4: نفّذ مهمة عملية متعلقة بـ إدارة الصراعات.",
        "Practical: تطبيق 5: نفّذ مهمة عملية متعلقة بـ إدارة الصراعات.",
        "Practical: تطبيق 6: نفّذ مهمة عملية متعلقة بـ إدارة الصراعات.",
        "Practical: تطبيق 7: نفّذ مهمة عملية متعلقة بـ إدارة الصراعات.",
        "Practical: تطبيق 8: نفّذ مهمة عملية متعلقة بـ إدارة الصراعات.",
        "Practical: تطبيق 9: نفّذ مهمة عملية متعلقة بـ إدارة الصراعات.",
        "Practical: تطبيق 10: نفّذ مهمة عملية متعلقة بـ إدارة الصراعات."
      ],
      "description_en": "Practice-based skill. Improve through projects and feedback."
    },
    {
      "id": "3-11",
      "type": "soft",
      "name_ar": "كتابة مهنية",
      "name_en": "Skill",
      "description_ar": "كتابة مهنية مهارة قابلة للتعلم عبر الممارسة. ابدأ بالأساسيات ثم طبّق مشاريع صغيرة.",
      "applications_ar": [
        "تطبيق 1: نفّذ مهمة عملية متعلقة بـ كتابة مهنية.",
        "تطبيق 2: نفّذ مهمة عملية متعلقة بـ كتابة مهنية.",
        "تطبيق 3: نفّذ مهمة عملية متعلقة بـ كتابة مهنية.",
        "تطبيق 4: نفّذ مهمة عملية متعلقة بـ كتابة مهنية.",
        "تطبيق 5: نفّذ مهمة عملية متعلقة بـ كتابة مهنية.",
        "تطبيق 6: نفّذ مهمة عملية متعلقة بـ كتابة مهنية.",
        "تطبيق 7: نفّذ مهمة عملية متعلقة بـ كتابة مهنية.",
        "تطبيق 8: نفّذ مهمة عملية متعلقة بـ كتابة مهنية.",
        "تطبيق 9: نفّذ مهمة عملية متعلقة بـ كتابة مهنية.",
        "تطبيق 10: نفّذ مهمة عملية متعلقة بـ كتابة مهنية."
      ],
      "icon": "🤝",
      "applications_en": [
        "Practical: تطبيق 1: نفّذ مهمة عملية متعلقة بـ كتابة مهنية.",
        "Practical: تطبيق 2: نفّذ مهمة عملية متعلقة بـ كتابة مهنية.",
        "Practical: تطبيق 3: نفّذ مهمة عملية متعلقة بـ كتابة مهنية.",
        "Practical: تطبيق 4: نفّذ مهمة عملية متعلقة بـ كتابة مهنية.",
        "Practical: تطبيق 5: نفّذ مهمة عملية متعلقة بـ كتابة مهنية.",
        "Practical: تطبيق 6: نفّذ مهمة عملية متعلقة بـ كتابة مهنية.",
        "Practical: تطبيق 7: نفّذ مهمة عملية متعلقة بـ كتابة مهنية.",
        "Practical: تطبيق 8: نفّذ مهمة عملية متعلقة بـ كتابة مهنية.",
        "Practical: تطبيق 9: نفّذ مهمة عملية متعلقة بـ كتابة مهنية.",
        "Practical: تطبيق 10: نفّذ مهمة عملية متعلقة بـ كتابة مهنية."
      ],
      "description_en": "Practice-based skill. Improve through projects and feedback."
    },
    {
      "id": "3-12",
      "type": "soft",
      "name_ar": "التغذية الراجعة",
      "name_en": "Skill",
      "description_ar": "التغذية الراجعة مهارة قابلة للتعلم عبر الممارسة. ابدأ بالأساسيات ثم طبّق مشاريع صغيرة.",
      "applications_ar": [
        "تطبيق 1: نفّذ مهمة عملية متعلقة بـ التغذية الراجعة.",
        "تطبيق 2: نفّذ مهمة عملية متعلقة بـ التغذية الراجعة.",
        "تطبيق 3: نفّذ مهمة عملية متعلقة بـ التغذية الراجعة.",
        "تطبيق 4: نفّذ مهمة عملية متعلقة بـ التغذية الراجعة.",
        "تطبيق 5: نفّذ مهمة عملية متعلقة بـ التغذية الراجعة.",
        "تطبيق 6: نفّذ مهمة عملية متعلقة بـ التغذية الراجعة.",
        "تطبيق 7: نفّذ مهمة عملية متعلقة بـ التغذية الراجعة.",
        "تطبيق 8: نفّذ مهمة عملية متعلقة بـ التغذية الراجعة.",
        "تطبيق 9: نفّذ مهمة عملية متعلقة بـ التغذية الراجعة.",
        "تطبيق 10: نفّذ مهمة عملية متعلقة بـ التغذية الراجعة."
      ],
      "icon": "🤝",
      "applications_en": [
        "Practical: تطبيق 1: نفّذ مهمة عملية متعلقة بـ التغذية الراجعة.",
        "Practical: تطبيق 2: نفّذ مهمة عملية متعلقة بـ التغذية الراجعة.",
        "Practical: تطبيق 3: نفّذ مهمة عملية متعلقة بـ التغذية الراجعة.",
        "Practical: تطبيق 4: نفّذ مهمة عملية متعلقة بـ التغذية الراجعة.",
        "Practical: تطبيق 5: نفّذ مهمة عملية متعلقة بـ التغذية الراجعة.",
        "Practical: تطبيق 6: نفّذ مهمة عملية متعلقة بـ التغذية الراجعة.",
        "Practical: تطبيق 7: نفّذ مهمة عملية متعلقة بـ التغذية الراجعة.",
        "Practical: تطبيق 8: نفّذ مهمة عملية متعلقة بـ التغذية الراجعة.",
        "Practical: تطبيق 9: نفّذ مهمة عملية متعلقة بـ التغذية الراجعة.",
        "Practical: تطبيق 10: نفّذ مهمة عملية متعلقة بـ التغذية الراجعة."
      ],
      "description_en": "Practice-based skill. Improve through projects and feedback."
    },
    {
      "id": "3-13",
      "type": "soft",
      "name_ar": "إدارة الاجتماعات",
      "name_en": "Skill",
      "description_ar": "إدارة الاجتماعات مهارة قابلة للتعلم عبر الممارسة. ابدأ بالأساسيات ثم طبّق مشاريع صغيرة.",
      "applications_ar": [
        "تطبيق 1: نفّذ مهمة عملية متعلقة بـ إدارة الاجتماعات.",
        "تطبيق 2: نفّذ مهمة عملية متعلقة بـ إدارة الاجتماعات.",
        "تطبيق 3: نفّذ مهمة عملية متعلقة بـ إدارة الاجتماعات.",
        "تطبيق 4: نفّذ مهمة عملية متعلقة بـ إدارة الاجتماعات.",
        "تطبيق 5: نفّذ مهمة عملية متعلقة بـ إدارة الاجتماعات.",
        "تطبيق 6: نفّذ مهمة عملية متعلقة بـ إدارة الاجتماعات.",
        "تطبيق 7: نفّذ مهمة عملية متعلقة بـ إدارة الاجتماعات.",
        "تطبيق 8: نفّذ مهمة عملية متعلقة بـ إدارة الاجتماعات.",
        "تطبيق 9: نفّذ مهمة عملية متعلقة بـ إدارة الاجتماعات.",
        "تطبيق 10: نفّذ مهمة عملية متعلقة بـ إدارة الاجتماعات."
      ],
      "icon": "🤝",
      "applications_en": [
        "Practical: تطبيق 1: نفّذ مهمة عملية متعلقة بـ إدارة الاجتماعات.",
        "Practical: تطبيق 2: نفّذ مهمة عملية متعلقة بـ إدارة الاجتماعات.",
        "Practical: تطبيق 3: نفّذ مهمة عملية متعلقة بـ إدارة الاجتماعات.",
        "Practical: تطبيق 4: نفّذ مهمة عملية متعلقة بـ إدارة الاجتماعات.",
        "Practical: تطبيق 5: نفّذ مهمة عملية متعلقة بـ إدارة الاجتماعات.",
        "Practical: تطبيق 6: نفّذ مهمة عملية متعلقة بـ إدارة الاجتماعات.",
        "Practical: تطبيق 7: نفّذ مهمة عملية متعلقة بـ إدارة الاجتماعات.",
        "Practical: تطبيق 8: نفّذ مهمة عملية متعلقة بـ إدارة الاجتماعات.",
        "Practical: تطبيق 9: نفّذ مهمة عملية متعلقة بـ إدارة الاجتماعات.",
        "Practical: تطبيق 10: نفّذ مهمة عملية متعلقة بـ إدارة الاجتماعات."
      ],
      "description_en": "Practice-based skill. Improve through projects and feedback."
    },
    {
      "id": "3-14",
      "type": "soft",
      "name_ar": "التنسيق",
      "name_en": "Skill",
      "description_ar": "التنسيق مهارة قابلة للتعلم عبر الممارسة. ابدأ بالأساسيات ثم طبّق مشاريع صغيرة.",
      "applications_ar": [
        "تطبيق 1: نفّذ مهمة عملية متعلقة بـ التنسيق.",
        "تطبيق 2: نفّذ مهمة عملية متعلقة بـ التنسيق.",
        "تطبيق 3: نفّذ مهمة عملية متعلقة بـ التنسيق.",
        "تطبيق 4: نفّذ مهمة عملية متعلقة بـ التنسيق.",
        "تطبيق 5: نفّذ مهمة عملية متعلقة بـ التنسيق.",
        "تطبيق 6: نفّذ مهمة عملية متعلقة بـ التنسيق.",
        "تطبيق 7: نفّذ مهمة عملية متعلقة بـ التنسيق.",
        "تطبيق 8: نفّذ مهمة عملية متعلقة بـ التنسيق.",
        "تطبيق 9: نفّذ مهمة عملية متعلقة بـ التنسيق.",
        "تطبيق 10: نفّذ مهمة عملية متعلقة بـ التنسيق."
      ],
      "icon": "🤝",
      "applications_en": [
        "Practical: تطبيق 1: نفّذ مهمة عملية متعلقة بـ التنسيق.",
        "Practical: تطبيق 2: نفّذ مهمة عملية متعلقة بـ التنسيق.",
        "Practical: تطبيق 3: نفّذ مهمة عملية متعلقة بـ التنسيق.",
        "Practical: تطبيق 4: نفّذ مهمة عملية متعلقة بـ التنسيق.",
        "Practical: تطبيق 5: نفّذ مهمة عملية متعلقة بـ التنسيق.",
        "Practical: تطبيق 6: نفّذ مهمة عملية متعلقة بـ التنسيق.",
        "Practical: تطبيق 7: نفّذ مهمة عملية متعلقة بـ التنسيق.",
        "Practical: تطبيق 8: نفّذ مهمة عملية متعلقة بـ التنسيق.",
        "Practical: تطبيق 9: نفّذ مهمة عملية متعلقة بـ التنسيق.",
        "Practical: تطبيق 10: نفّذ مهمة عملية متعلقة بـ التنسيق."
      ],
      "description_en": "Practice-based skill. Improve through projects and feedback."
    },
    {
      "id": "3-15",
      "type": "soft",
      "name_ar": "التحفيز",
      "name_en": "Skill",
      "description_ar": "التحفيز مهارة قابلة للتعلم عبر الممارسة. ابدأ بالأساسيات ثم طبّق مشاريع صغيرة.",
      "applications_ar": [
        "تطبيق 1: نفّذ مهمة عملية متعلقة بـ التحفيز.",
        "تطبيق 2: نفّذ مهمة عملية متعلقة بـ التحفيز.",
        "تطبيق 3: نفّذ مهمة عملية متعلقة بـ التحفيز.",
        "تطبيق 4: نفّذ مهمة عملية متعلقة بـ التحفيز.",
        "تطبيق 5: نفّذ مهمة عملية متعلقة بـ التحفيز.",
        "تطبيق 6: نفّذ مهمة عملية متعلقة بـ التحفيز.",
        "تطبيق 7: نفّذ مهمة عملية متعلقة بـ التحفيز.",
        "تطبيق 8: نفّذ مهمة عملية متعلقة بـ التحفيز.",
        "تطبيق 9: نفّذ مهمة عملية متعلقة بـ التحفيز.",
        "تطبيق 10: نفّذ مهمة عملية متعلقة بـ التحفيز."
      ],
      "icon": "🤝",
      "applications_en": [
        "Practical: تطبيق 1: نفّذ مهمة عملية متعلقة بـ التحفيز.",
        "Practical: تطبيق 2: نفّذ مهمة عملية متعلقة بـ التحفيز.",
        "Practical: تطبيق 3: نفّذ مهمة عملية متعلقة بـ التحفيز.",
        "Practical: تطبيق 4: نفّذ مهمة عملية متعلقة بـ التحفيز.",
        "Practical: تطبيق 5: نفّذ مهمة عملية متعلقة بـ التحفيز.",
        "Practical: تطبيق 6: نفّذ مهمة عملية متعلقة بـ التحفيز.",
        "Practical: تطبيق 7: نفّذ مهمة عملية متعلقة بـ التحفيز.",
        "Practical: تطبيق 8: نفّذ مهمة عملية متعلقة بـ التحفيز.",
        "Practical: تطبيق 9: نفّذ مهمة عملية متعلقة بـ التحفيز.",
        "Practical: تطبيق 10: نفّذ مهمة عملية متعلقة بـ التحفيز."
      ],
      "description_en": "Practice-based skill. Improve through projects and feedback."
    },
    {
      "id": "3-16",
      "type": "soft",
      "name_ar": "التفويض",
      "name_en": "Skill",
      "description_ar": "التفويض مهارة قابلة للتعلم عبر الممارسة. ابدأ بالأساسيات ثم طبّق مشاريع صغيرة.",
      "applications_ar": [
        "تطبيق 1: نفّذ مهمة عملية متعلقة بـ التفويض.",
        "تطبيق 2: نفّذ مهمة عملية متعلقة بـ التفويض.",
        "تطبيق 3: نفّذ مهمة عملية متعلقة بـ التفويض.",
        "تطبيق 4: نفّذ مهمة عملية متعلقة بـ التفويض.",
        "تطبيق 5: نفّذ مهمة عملية متعلقة بـ التفويض.",
        "تطبيق 6: نفّذ مهمة عملية متعلقة بـ التفويض.",
        "تطبيق 7: نفّذ مهمة عملية متعلقة بـ التفويض.",
        "تطبيق 8: نفّذ مهمة عملية متعلقة بـ التفويض.",
        "تطبيق 9: نفّذ مهمة عملية متعلقة بـ التفويض.",
        "تطبيق 10: نفّذ مهمة عملية متعلقة بـ التفويض."
      ],
      "icon": "🤝",
      "applications_en": [
        "Practical: تطبيق 1: نفّذ مهمة عملية متعلقة بـ التفويض.",
        "Practical: تطبيق 2: نفّذ مهمة عملية متعلقة بـ التفويض.",
        "Practical: تطبيق 3: نفّذ مهمة عملية متعلقة بـ التفويض.",
        "Practical: تطبيق 4: نفّذ مهمة عملية متعلقة بـ التفويض.",
        "Practical: تطبيق 5: نفّذ مهمة عملية متعلقة بـ التفويض.",
        "Practical: تطبيق 6: نفّذ مهمة عملية متعلقة بـ التفويض.",
        "Practical: تطبيق 7: نفّذ مهمة عملية متعلقة بـ التفويض.",
        "Practical: تطبيق 8: نفّذ مهمة عملية متعلقة بـ التفويض.",
        "Practical: تطبيق 9: نفّذ مهمة عملية متعلقة بـ التفويض.",
        "Practical: تطبيق 10: نفّذ مهمة عملية متعلقة بـ التفويض."
      ],
      "description_en": "Practice-based skill. Improve through projects and feedback."
    },
    {
      "id": "3-17",
      "type": "soft",
      "name_ar": "بناء العلاقات",
      "name_en": "Skill",
      "description_ar": "بناء العلاقات مهارة قابلة للتعلم عبر الممارسة. ابدأ بالأساسيات ثم طبّق مشاريع صغيرة.",
      "applications_ar": [
        "تطبيق 1: نفّذ مهمة عملية متعلقة بـ بناء العلاقات.",
        "تطبيق 2: نفّذ مهمة عملية متعلقة بـ بناء العلاقات.",
        "تطبيق 3: نفّذ مهمة عملية متعلقة بـ بناء العلاقات.",
        "تطبيق 4: نفّذ مهمة عملية متعلقة بـ بناء العلاقات.",
        "تطبيق 5: نفّذ مهمة عملية متعلقة بـ بناء العلاقات.",
        "تطبيق 6: نفّذ مهمة عملية متعلقة بـ بناء العلاقات.",
        "تطبيق 7: نفّذ مهمة عملية متعلقة بـ بناء العلاقات.",
        "تطبيق 8: نفّذ مهمة عملية متعلقة بـ بناء العلاقات.",
        "تطبيق 9: نفّذ مهمة عملية متعلقة بـ بناء العلاقات.",
        "تطبيق 10: نفّذ مهمة عملية متعلقة بـ بناء العلاقات."
      ],
      "icon": "🤝",
      "applications_en": [
        "Practical: تطبيق 1: نفّذ مهمة عملية متعلقة بـ بناء العلاقات.",
        "Practical: تطبيق 2: نفّذ مهمة عملية متعلقة بـ بناء العلاقات.",
        "Practical: تطبيق 3: نفّذ مهمة عملية متعلقة بـ بناء العلاقات.",
        "Practical: تطبيق 4: نفّذ مهمة عملية متعلقة بـ بناء العلاقات.",
        "Practical: تطبيق 5: نفّذ مهمة عملية متعلقة بـ بناء العلاقات.",
        "Practical: تطبيق 6: نفّذ مهمة عملية متعلقة بـ بناء العلاقات.",
        "Practical: تطبيق 7: نفّذ مهمة عملية متعلقة بـ بناء العلاقات.",
        "Practical: تطبيق 8: نفّذ مهمة عملية متعلقة بـ بناء العلاقات.",
        "Practical: تطبيق 9: نفّذ مهمة عملية متعلقة بـ بناء العلاقات.",
        "Practical: تطبيق 10: نفّذ مهمة عملية متعلقة بـ بناء العلاقات."
      ],
      "description_en": "Practice-based skill. Improve through projects and feedback."
    },
    {
      "id": "3-18",
      "type": "soft",
      "name_ar": "العرض المرئي",
      "name_en": "Skill",
      "description_ar": "العرض المرئي مهارة قابلة للتعلم عبر الممارسة. ابدأ بالأساسيات ثم طبّق مشاريع صغيرة.",
      "applications_ar": [
        "تطبيق 1: نفّذ مهمة عملية متعلقة بـ العرض المرئي.",
        "تطبيق 2: نفّذ مهمة عملية متعلقة بـ العرض المرئي.",
        "تطبيق 3: نفّذ مهمة عملية متعلقة بـ العرض المرئي.",
        "تطبيق 4: نفّذ مهمة عملية متعلقة بـ العرض المرئي.",
        "تطبيق 5: نفّذ مهمة عملية متعلقة بـ العرض المرئي.",
        "تطبيق 6: نفّذ مهمة عملية متعلقة بـ العرض المرئي.",
        "تطبيق 7: نفّذ مهمة عملية متعلقة بـ العرض المرئي.",
        "تطبيق 8: نفّذ مهمة عملية متعلقة بـ العرض المرئي.",
        "تطبيق 9: نفّذ مهمة عملية متعلقة بـ العرض المرئي.",
        "تطبيق 10: نفّذ مهمة عملية متعلقة بـ العرض المرئي."
      ],
      "icon": "🤝",
      "applications_en": [
        "Practical: تطبيق 1: نفّذ مهمة عملية متعلقة بـ العرض المرئي.",
        "Practical: تطبيق 2: نفّذ مهمة عملية متعلقة بـ العرض المرئي.",
        "Practical: تطبيق 3: نفّذ مهمة عملية متعلقة بـ العرض المرئي.",
        "Practical: تطبيق 4: نفّذ مهمة عملية متعلقة بـ العرض المرئي.",
        "Practical: تطبيق 5: نفّذ مهمة عملية متعلقة بـ العرض المرئي.",
        "Practical: تطبيق 6: نفّذ مهمة عملية متعلقة بـ العرض المرئي.",
        "Practical: تطبيق 7: نفّذ مهمة عملية متعلقة بـ العرض المرئي.",
        "Practical: تطبيق 8: نفّذ مهمة عملية متعلقة بـ العرض المرئي.",
        "Practical: تطبيق 9: نفّذ مهمة عملية متعلقة بـ العرض المرئي.",
        "Practical: تطبيق 10: نفّذ مهمة عملية متعلقة بـ العرض المرئي."
      ],
      "description_en": "Practice-based skill. Improve through projects and feedback."
    },
    {
      "id": "3-19",
      "type": "soft",
      "name_ar": "التخطيط المهني",
      "name_en": "Skill",
      "description_ar": "التخطيط المهني مهارة قابلة للتعلم عبر الممارسة. ابدأ بالأساسيات ثم طبّق مشاريع صغيرة.",
      "applications_ar": [
        "تطبيق 1: نفّذ مهمة عملية متعلقة بـ التخطيط المهني.",
        "تطبيق 2: نفّذ مهمة عملية متعلقة بـ التخطيط المهني.",
        "تطبيق 3: نفّذ مهمة عملية متعلقة بـ التخطيط المهني.",
        "تطبيق 4: نفّذ مهمة عملية متعلقة بـ التخطيط المهني.",
        "تطبيق 5: نفّذ مهمة عملية متعلقة بـ التخطيط المهني.",
        "تطبيق 6: نفّذ مهمة عملية متعلقة بـ التخطيط المهني.",
        "تطبيق 7: نفّذ مهمة عملية متعلقة بـ التخطيط المهني.",
        "تطبيق 8: نفّذ مهمة عملية متعلقة بـ التخطيط المهني.",
        "تطبيق 9: نفّذ مهمة عملية متعلقة بـ التخطيط المهني.",
        "تطبيق 10: نفّذ مهمة عملية متعلقة بـ التخطيط المهني."
      ],
      "icon": "🤝",
      "applications_en": [
        "Practical: تطبيق 1: نفّذ مهمة عملية متعلقة بـ التخطيط المهني.",
        "Practical: تطبيق 2: نفّذ مهمة عملية متعلقة بـ التخطيط المهني.",
        "Practical: تطبيق 3: نفّذ مهمة عملية متعلقة بـ التخطيط المهني.",
        "Practical: تطبيق 4: نفّذ مهمة عملية متعلقة بـ التخطيط المهني.",
        "Practical: تطبيق 5: نفّذ مهمة عملية متعلقة بـ التخطيط المهني.",
        "Practical: تطبيق 6: نفّذ مهمة عملية متعلقة بـ التخطيط المهني.",
        "Practical: تطبيق 7: نفّذ مهمة عملية متعلقة بـ التخطيط المهني.",
        "Practical: تطبيق 8: نفّذ مهمة عملية متعلقة بـ التخطيط المهني.",
        "Practical: تطبيق 9: نفّذ مهمة عملية متعلقة بـ التخطيط المهني.",
        "Practical: تطبيق 10: نفّذ مهمة عملية متعلقة بـ التخطيط المهني."
      ],
      "description_en": "Practice-based skill. Improve through projects and feedback."
    },
    {
      "id": "3-20",
      "type": "soft",
      "name_ar": "المقابلات",
      "name_en": "Skill",
      "description_ar": "المقابلات مهارة قابلة للتعلم عبر الممارسة. ابدأ بالأساسيات ثم طبّق مشاريع صغيرة.",
      "applications_ar": [
        "تطبيق 1: نفّذ مهمة عملية متعلقة بـ المقابلات.",
        "تطبيق 2: نفّذ مهمة عملية متعلقة بـ المقابلات.",
        "تطبيق 3: نفّذ مهمة عملية متعلقة بـ المقابلات.",
        "تطبيق 4: نفّذ مهمة عملية متعلقة بـ المقابلات.",
        "تطبيق 5: نفّذ مهمة عملية متعلقة بـ المقابلات.",
        "تطبيق 6: نفّذ مهمة عملية متعلقة بـ المقابلات.",
        "تطبيق 7: نفّذ مهمة عملية متعلقة بـ المقابلات.",
        "تطبيق 8: نفّذ مهمة عملية متعلقة بـ المقابلات.",
        "تطبيق 9: نفّذ مهمة عملية متعلقة بـ المقابلات.",
        "تطبيق 10: نفّذ مهمة عملية متعلقة بـ المقابلات."
      ],
      "icon": "🤝",
      "applications_en": [
        "Practical: تطبيق 1: نفّذ مهمة عملية متعلقة بـ المقابلات.",
        "Practical: تطبيق 2: نفّذ مهمة عملية متعلقة بـ المقابلات.",
        "Practical: تطبيق 3: نفّذ مهمة عملية متعلقة بـ المقابلات.",
        "Practical: تطبيق 4: نفّذ مهمة عملية متعلقة بـ المقابلات.",
        "Practical: تطبيق 5: نفّذ مهمة عملية متعلقة بـ المقابلات.",
        "Practical: تطبيق 6: نفّذ مهمة عملية متعلقة بـ المقابلات.",
        "Practical: تطبيق 7: نفّذ مهمة عملية متعلقة بـ المقابلات.",
        "Practical: تطبيق 8: نفّذ مهمة عملية متعلقة بـ المقابلات.",
        "Practical: تطبيق 9: نفّذ مهمة عملية متعلقة بـ المقابلات.",
        "Practical: تطبيق 10: نفّذ مهمة عملية متعلقة بـ المقابلات."
      ],
      "description_en": "Practice-based skill. Improve through projects and feedback."
    }
  ]
}