{
  "skills": [
    {
      "id": "8-01",
      "type": "soft",
      "name_ar": "المحاسبة الأساسية",
      "name_en": "Basic Accounting",
      "description_ar": "المحاسبة الأساسية مهارة قابلة للتعلم عبر الممارسة. ابدأ بالأساسيات ثم طبّق مشاريع صغيرة.",
      "applications_ar": [
        "تطبيق 1: نفّذ مهمة عملية متعلقة بـ المحاسبة الأساسية.",
        "تطبيق 2: نفّذ مهمة عملية متعلقة بـ المحاسبة الأساسية.",
        "تطبيق 3: نفّذ مهمة عملية متعلقة بـ المحاسبة الأساسية.",
        "تطبيق 4: نفّذ مهمة عملية متعلقة بـ المحاسبة الأساسية.",
        "تطبيق 5: نفّذ مهمة عملية متعلقة بـ المحاسبة الأساسية.",
        "تطبيق 6: نفّذ مهمة عملية متعلقة بـ المحاسبة الأساسية.",
        "تطبيق 7: نفّذ مهمة عملية متعلقة بـ المحاسبة الأساسية.",
        "تطبيق 8: نفّذ مهمة عملية متعلقة بـ المحاسبة الأساسية.",
        "تطبيق 9: نفّذ مهمة عملية متعلقة بـ المحاسبة الأساسية.",
        "تطبيق 10: نفّذ مهمة عملية متعلقة بـ المحاسبة الأساسية."
      ],
      "icon": "🤝",
      "applications_en": [
        "Practical: تطبيق 1: نفّذ مهمة عملية متعلقة بـ المحاسبة الأساسية.",
        "Practical: تطبيق 2: نفّذ مهمة عملية متعلقة بـ المحاسبة الأساسية.",
        "Practical: تطبيق 3: نفّذ مهمة عملية متعلقة بـ المحاسبة الأساسية.",
        "Practical: تطبيق 4: نفّذ مهمة عملية متعلقة بـ المحاسبة الأساسية.",
        "Practical: تطبيق 5: نفّذ مهمة عملية متعلقة بـ المحاسبة الأساسية.",
        "Practical: تطبيق 6: نفّذ مهمة عملية متعلقة بـ المحاسبة الأساسية.",
        "Practical: تطبيق 7: نفّذ مهمة عملية متعلقة بـ المحاسبة الأساسية.",
        "Practical: تطبيق 8: نفّذ مهمة عملية متعلقة بـ المحاسبة الأساسية.",
        "Practical: تطبيق 9: نفّذ مهمة عملية متعلقة بـ المحاسبة الأساسية.",
        "Practical: تطبيق 10: نفّذ مهمة عملية متعلقة بـ المحاسبة الأساسية."
      ],
      "description_en": "Practice-based skill. Improve through projects and feedback."
    },
    {
      "id": "8-02",
      "type": "soft",
      "name_ar": "الالتحليل المالي",
      "name_en": "Skill",
      "description_ar": "الالتحليل المالي مهارة قابلة للتعلم عبر الممارسة. ابدأ بالأساسيات ثم طبّق مشاريع صغيرة.",
      "applications_ar": [
        "تطبيق 1: نفّذ مهمة عملية متعلقة بـ الالتحليل المالي.",
        "تطبيق 2: نفّذ مهمة عملية متعلقة بـ الالتحليل المالي.",
        "تطبيق 3: نفّذ مهمة عملية متعلقة بـ الالتحليل المالي.",
        "تطبيق 4: نفّذ مهمة عملية متعلقة بـ الالتحليل المالي.",
        "تطبيق 5: نفّذ مهمة عملية متعلقة بـ الالتحليل المالي.",
        "تطبيق 6: نفّذ مهمة عملية متعلقة بـ الالتحليل المالي.",
        "تطبيق 7: نفّذ مهمة عملية متعلقة بـ الالتحليل المالي.",
        "تطبيق 8: نفّذ مهمة عملية متعلقة بـ الالتحليل المالي.",
        "تطبيق 9: نفّذ مهمة عملية متعلقة بـ الالتحليل المالي.",
        "تطبيق 10: نفّذ مهمة عملية متعلقة بـ الالتحليل المالي."
      ],
      "icon": "🤝",
      "applications_en": [
        "Practical: تطبيق 1: نفّذ مهمة عملية متعلقة بـ الالتحليل المالي.",
        "Practical: تطبيق 2: نفّذ مهمة عملية متعلقة بـ الالتحليل المالي.",
        "Practical: تطبيق 3: نفّذ مهمة عملية متعلقة بـ الالتحليل المالي.",
        "Practical: تطبيق 4: نفّذ مهمة عملية متعلقة بـ الالتحليل المالي.",
        "Practical: تطبيق 5: نفّذ مهمة عملية متعلقة بـ الالتحليل المالي.",
        "Practical: تطبيق 6: نفّذ مهمة عملية متعلقة بـ الالتحليل المالي.",
        "Practical: تطبيق 7: نفّذ مهمة عملية متعلقة بـ الالتحليل المالي.",
        "Practical: تطبيق 8: نفّذ مهمة عملية متعلقة بـ الالتحليل المالي.",
        "Practical: تطبيق 9: نفّذ مهمة عملية متعلقة بـ الالتحليل المالي.",
        "Practical: تطبيق 10: نفّذ مهمة عملية متعلقة بـ الالتحليل المالي."
      ],
      "description_en": "Practice-based skill. Improve through projects and feedback."
    },
    {
      "id": "8-03",
      "type": "soft",
      "name_ar": "الميزانيات",
      "name_en": "Skill",
      "description_ar": "الميزانيات مهارة قابلة للتعلم عبر الممارسة. ابدأ بالأساسيات ثم طبّق مشاريع صغيرة.",
      "applications_ar": [
        "تطبيق 1: نفّذ مهمة عملية متعلقة بـ الميزانيات.",
        "تطبيق 2: نفّذ مهمة عملية متعلقة بـ الميزانيات.",
        "تطبيق 3: نفّذ مهمة عملية متعلقة بـ الميزانيات.",
        "تطبيق 4: نفّذ مهمة عملية متعلقة بـ الميزانيات.",
        "تطبيق 5: نفّذ مهمة عملية متعلقة بـ الميزانيات.",
        "تطبيق 6: نفّذ مهمة عملية متعلقة بـ الميزانيات.",
        "تطبيق 7: نفّذ مهمة عملية متعلقة بـ الميزانيات.",
        "تطبيق 8: نفّذ مهمة عملية متعلقة بـ الميزانيات.",
        "تطبيق 9: نفّذ مهمة عملية متعلقة بـ الميزانيات.",
        "تطبيق 10: نفّذ مهمة عملية متعلقة بـ الميزانيات."
      ],
      "icon": "🤝",
      "applications_en": [
        "Practical: تطبيق 1: نفّذ مهمة عملية متعلقة بـ الميزانيات.",
        "Practical: تطبيق 2: نفّذ مهمة عملية متعلقة بـ الميزانيات.",
        "Practical: تطبيق 3: نفّذ مهمة عملية متعلقة بـ الميزانيات.",
        "Practical: تطبيق 4: نفّذ مهمة عملية متعلقة بـ الميزانيات.",
        "Practical: تطبيق 5: نفّذ مهمة عملية متعلقة بـ الميزانيات.",
        "Practical: تطبيق 6: نفّذ مهمة عملية متعلقة بـ الميزانيات.",
        "Practical: تطبيق 7: نفّذ مهمة عملية متعلقة بـ الميزانيات.",
        "Practical: تطبيق 8: نفّذ مهمة عملية متعلقة بـ الميزانيات.",
        "Practical: تطبيق 9: نفّذ مهمة عملية متعلقة بـ الميزانيات.",
        "Practical: تطبيق 10: نفّذ مهمة عملية متعلقة بـ الميزانيات."
      ],
      "description_en": "Practice-based skill. Improve through projects and feedback."
    },
    {
      "id": "8-04",
      "type": "soft",
      "name_ar": "الضرائب",
      "name_en": "Skill",
      "description_ar": "الضرائب مهارة قابلة للتعلم عبر الممارسة. ابدأ بالأساسيات ثم طبّق مشاريع صغيرة.",
      "applications_ar": [
        "تطبيق 1: نفّذ مهمة عملية متعلقة بـ الضرائب.",
        "تطبيق 2: نفّذ مهمة عملية متعلقة بـ الضرائب.",
        "تطبيق 3: نفّذ مهمة عملية متعلقة بـ الضرائب.",
        "تطبيق 4: نفّذ مهمة عملية متعلقة بـ الضرائب.",
        "تطبيق 5: نفّذ مهمة عملية متعلقة بـ الضرائب.",
        "تطبيق 6: نفّذ مهمة عملية متعلقة بـ الضرائب.",
        "تطبيق 7: نفّذ مهمة عملية متعلقة بـ الضرائب.",
        "تطبيق 8: نفّذ مهمة عملية متعلقة بـ الضرائب.",
        "تطبيق 9: نفّذ مهمة عملية متعلقة بـ الضرائب.",
        "تطبيق 10: نفّذ مهمة عملية متعلقة بـ الضرائب."
      ],
      "icon": "🤝",
      "applications_en": [
        "Practical: تطبيق 1: نفّذ مهمة عملية متعلقة بـ الضرائب.",
        "Practical: تطبيق 2: نفّذ مهمة عملية متعلقة بـ الضرائب.",
        "Practical: تطبيق 3: نفّذ مهمة عملية متعلقة بـ الضرائب.",
        "Practical: تطبيق 4: نفّذ مهمة عملية متعلقة بـ الضرائب.",
        "Practical: تطبيق 5: نفّذ مهمة عملية متعلقة بـ الضرائب.",
        "Practical: تطبيق 6: نفّذ مهمة عملية متعلقة بـ الضرائب.",
        "Practical: تطبيق 7: نفّذ مهمة عملية متعلقة بـ الضرائب.",
        "Practical: تطبيق 8: نفّذ مهمة عملية متعلقة بـ الضرائب.",
        "Practical: تطبيق 9: نفّذ مهمة عملية متعلقة بـ الضرائب.",
        "Practical: تطبيق 10: نفّذ مهمة عملية متعلقة بـ الضرائب."
      ],
      "description_en": "Practice-based skill. Improve through projects and feedback."
    },
    {
      "id": "8-05",
      "type": "soft",
      "name_ar": "التخطيط المالي",
      "name_en": "Skill",
      "description_ar": "التخطيط المالي مهارة قابلة للتعلم عبر الممارسة. ابدأ بالأساسيات ثم طبّق مشاريع صغيرة.",
      "applications_ar": [
        "تطبيق 1: نفّذ مهمة عملية متعلقة بـ التخطيط المالي.",
        "تطبيق 2: نفّذ مهمة عملية متعلقة بـ التخطيط المالي.",
        "تطبيق 3: نفّذ مهمة عملية متعلقة بـ التخطيط المالي.",
        "تطبيق 4: نفّذ مهمة عملية متعلقة بـ التخطيط المالي.",
        "تطبيق 5: نفّذ مهمة عملية متعلقة بـ التخطيط المالي.",
        "تطبيق 6: نفّذ مهمة عملية متعلقة بـ التخطيط المالي.",
        "تطبيق 7: نفّذ مهمة عملية متعلقة بـ التخطيط المالي.",
        "تطبيق 8: نفّذ مهمة عملية متعلقة بـ التخطيط المالي.",
        "تطبيق 9: نفّذ مهمة عملية متعلقة بـ التخطيط المالي.",
        "تطبيق 10: نفّذ مهمة عملية متعلقة بـ التخطيط المالي."
      ],
      "icon": "🤝",
      "applications_en": [
        "Practical: تطبيق 1: نفّذ مهمة عملية متعلقة بـ التخطيط المالي.",
        "Practical: تطبيق 2: نفّذ مهمة عملية متعلقة بـ التخطيط المالي.",
        "Practical: تطبيق 3: نفّذ مهمة عملية متعلقة بـ التخطيط المالي.",
        "Practical: تطبيق 4: نفّذ مهمة عملية متعلقة بـ التخطيط المالي.",
        "Practical: تطبيق 5: نفّذ مهمة عملية متعلقة بـ التخطيط المالي.",
        "Practical: تطبيق 6: نفّذ مهمة عملية متعلقة بـ التخطيط المالي.",
        "Practical: تطبيق 7: نفّذ مهمة عملية متعلقة بـ التخطيط المالي.",
        "Practical: تطبيق 8: نفّذ مهمة عملية متعلقة بـ التخطيط المالي.",
        "Practical: تطبيق 9: نفّذ مهمة عملية متعلقة بـ التخطيط المالي.",
        "Practical: تطبيق 10: نفّذ مهمة عملية متعلقة بـ التخطيط المالي."
      ],
      "description_en": "Practice-based skill. Improve through projects and feedback."
    },
    {
      "id": "8-06",
      "type": "soft",
      "name_ar": "الاستثمار للمبتدئين",
      "name_en": "Skill",
      "description_ar": "الاستثمار للمبتدئين مهارة قابلة للتعلم عبر الممارسة. ابدأ بالأساسيات ثم طبّق مشاريع صغيرة.",
      "applications_ar": [
        "تطبيق 1: نفّذ مهمة عملية متعلقة بـ الاستثمار للمبتدئين.",
        "تطبيق 2: نفّذ مهمة عملية متعلقة بـ الاستثمار للمبتدئين.",
        "تطبيق 3: نفّذ مهمة عملية متعلقة بـ الاستثمار للمبتدئين.",
        "تطبيق 4: نفّذ مهمة عملية متعلقة بـ الاستثمار للمبتدئين.",
        "تطبيق 5: نفّذ مهمة عملية متعلقة بـ الاستثمار للمبتدئين.",
        "تطبيق 6: نفّذ مهمة عملية متعلقة بـ الاستثمار للمبتدئين.",
        "تطبيق 7: نفّذ مهمة عملية متعلقة بـ الاستثمار للمبتدئين.",
        "تطبيق 8: نفّذ مهمة عملية متعلقة بـ الاستثمار للمبتدئين.",
        "تطبيق 9: نفّذ مهمة عملية متعلقة بـ الاستثمار للمبتدئين.",
        "تطبيق 10: نفّذ مهمة عملية متعلقة بـ الاستثمار للمبتدئين."
      ],
      "icon": "🤝",
      "applications_en": [
        "Practical: تطبيق 1: نفّذ مهمة عملية متعلقة بـ الاستثمار للمبتدئين.",
        "Practical: تطبيق 2: نفّذ مهمة عملية متعلقة بـ الاستثمار للمبتدئين.",
        "Practical: تطبيق 3: نفّذ مهمة عملية متعلقة بـ الاستثمار للمبتدئين.",
        "Practical: تطبيق 4: نفّذ مهمة عملية متعلقة بـ الاستثمار للمبتدئين.",
        "Practical: تطبيق 5: نفّذ مهمة عملية متعلقة بـ الاستثمار للمبتدئين.",
        "Practical: تطبيق 6: نفّذ مهمة عملية متعلقة بـ الاستثمار للمبتدئين.",
        "Practical: تطبيق 7: نفّذ مهمة عملية متعلقة بـ الاستثمار للمبتدئين.",
        "Practical: تطبيق 8: نفّذ مهمة عملية متعلقة بـ الاستثمار للمبتدئين.",
        "Practical: تطبيق 9: نفّذ مهمة عملية متعلقة بـ الاستثمار للمبتدئين.",
        "Practical: تطبيق 10: نفّذ مهمة عملية متعلقة بـ الاستثمار للمبتدئين."
      ],
      "description_en": "Practice-based skill. Improve through projects and feedback."
    },
    {
      "id": "8-07",
      "type": "soft",
      "name_ar": "التمويل الشخصي",
      "name_en": "Skill",
      "description_ar": "التمويل الشخصي مهارة قابلة للتعلم عبر الممارسة. ابدأ بالأساسيات ثم طبّق مشاريع صغيرة.",
      "applications_ar": [
        "تطبيق 1: نفّذ مهمة عملية متعلقة بـ التمويل الشخصي.",
        "تطبيق 2: نفّذ مهمة عملية متعلقة بـ التمويل الشخصي.",
        "تطبيق 3: نفّذ مهمة عملية متعلقة بـ التمويل الشخصي.",
        "تطبيق 4: نفّذ مهمة عملية متعلقة بـ التمويل الشخصي.",
        "تطبيق 5: نفّذ مهمة عملية متعلقة بـ التمويل الشخصي.",
        "تطبيق 6: نفّذ مهمة عملية متعلقة بـ التمويل الشخصي.",
        "تطبيق 7: نفّذ مهمة عملية متعلقة بـ التمويل الشخصي.",
        "تطبيق 8: نفّذ مهمة عملية متعلقة بـ التمويل الشخصي.",
        "تطبيق 9: نفّذ مهمة عملية متعلقة بـ التمويل الشخصي.",
        "تطبيق 10: نفّذ مهمة عملية متعلقة بـ التمويل الشخصي."
      ],
      "icon": "🤝",
      "applications_en": [
        "Practical: تطبيق 1: نفّذ مهمة عملية متعلقة بـ التمويل الشخصي.",
        "Practical: تطبيق 2: نفّذ مهمة عملية متعلقة بـ التمويل الشخصي.",
        "Practical: تطبيق 3: نفّذ مهمة عملية متعلقة بـ التمويل الشخصي.",
        "Practical: تطبيق 4: نفّذ مهمة عملية متعلقة بـ التمويل الشخصي.",
        "Practical: تطبيق 5: نفّذ مهمة عملية متعلقة بـ التمويل الشخصي.",
        "Practical: تطبيق 6: نفّذ مهمة عملية متعلقة بـ التمويل الشخصي.",
        "Practical: تطبيق 7: نفّذ مهمة عملية متعلقة بـ التمويل الشخصي.",
        "Practical: تطبيق 8: نفّذ مهمة عملية متعلقة بـ التمويل الشخصي.",
        "Practical: تطبيق 9: نفّذ مهمة عملية متعلقة بـ التمويل الشخصي.",
        "Practical: تطبيق 10: نفّذ مهمة عملية متعلقة بـ التمويل الشخصي."
      ],
      "description_en": "Practice-based skill. Improve through projects and feedback."
    },
    {
      "id": "8-08",
      "type": "soft",
      "name_ar": "إدارة النقد",
      "name_en": "Skill",
      "description_ar": "إدارة النقد مهارة قابلة للتعلم عبر الممارسة. ابدأ بالأساسيات ثم طبّق مشاريع صغيرة.",
      "applications_ar": [
        "تطبيق 1: نفّذ مهمة عملية متعلقة بـ إدارة النقد.",
        "تطبيق 2: نفّذ مهمة عملية متعلقة بـ إدارة النقد.",
        "تطبيق 3: نفّذ مهمة عملية متعلقة بـ إدارة النقد.",
        "تطبيق 4: نفّذ مهمة عملية متعلقة بـ إدارة النقد.",
        "تطبيق 5: نفّذ مهمة عملية متعلقة بـ إدارة النقد.",
        "تطبيق 6: نفّذ مهمة عملية متعلقة بـ إدارة النقد.",
        "تطبيق 7: نفّذ مهمة عملية متعلقة بـ إدارة النقد.",
        "تطبيق 8: نفّذ مهمة عملية متعلقة بـ إدارة النقد.",
        "تطبيق 9: نفّذ مهمة عملية متعلقة بـ إدارة النقد.",
        "تطبيق 10: نفّذ مهمة عملية متعلقة بـ إدارة النقد."
      ],
      "icon": "🤝",
      "applications_en": [
        "Practical: تطبيق 1: نفّذ مهمة عملية متعلقة بـ إدارة النقد.",
        "Practical: تطبيق 2: نفّذ مهمة عملية متعلقة بـ إدارة النقد.",
        "Practical: تطبيق 3: نفّذ مهمة عملية متعلقة بـ إدارة النقد.",
        "Practical: تطبيق 4: نفّذ مهمة عملية متعلقة بـ إدارة النقد.",
        "Practical: تطبيق 5: نفّذ مهمة عملية متعلقة بـ إدارة النقد.",
        "Practical: تطبيق 6: نفّذ مهمة عملية متعلقة بـ إدارة النقد.",
        "Practical: تطبيق 7: نفّذ مهمة عملية متعلقة بـ إدارة النقد.",
        "Practical: تطبيق 8: نفّذ مهمة عملية متعلقة بـ إدارة النقد.",
        "Practical: تطبيق 9: نفّذ مهمة عملية متعلقة بـ إدارة النقد.",
        "Practical: تطبيق 10: نفّذ مهمة عملية متعلقة بـ إدارة النقد."
      ],
      "description_en": "Practice-based skill. Improve through projects and feedback."
    },
    {
      "id": "8-09",
      "type": "soft",
      "name_ar": "التقارير المالية",
      "name_en": "Skill",
      "description_ar": "التقارير المالية مهارة قابلة للتعلم عبر الممارسة. ابدأ بالأساسيات ثم طبّق مشاريع صغيرة.",
      "applications_ar": [
        "تطبيق 1: نفّذ مهمة عملية متعلقة بـ التقارير المالية.",
        "تطبيق 2: نفّذ مهمة عملية متعلقة بـ التقارير المالية.",
        "تطبيق 3: نفّذ مهمة عملية متعلقة بـ التقارير المالية.",
        "تطبيق 4: نفّذ مهمة عملية متعلقة بـ التقارير المالية.",
        "تطبيق 5: نفّذ مهمة عملية متعلقة بـ التقارير المالية.",
        "تطبيق 6: نفّذ مهمة عملية متعلقة بـ التقارير المالية.",
        "تطبيق 7: نفّذ مهمة عملية متعلقة بـ التقارير المالية.",
        "تطبيق 8: نفّذ مهمة عملية متعلقة بـ التقارير المالية.",
        "تطبيق 9: نفّذ مهمة عملية متعلقة بـ التقارير المالية.",
        "تطبيق 10: نفّذ مهمة عملية متعلقة بـ التقارير المالية."
      ],
      "icon": "🤝",
      "applications_en": [
        "Practical: تطبيق 1: نفّذ مهمة عملية متعلقة بـ التقارير المالية.",
        "Practical: تطبيق 2: نفّذ مهمة عملية متعلقة بـ التقارير المالية.",
        "Practical: تطبيق 3: نفّذ مهمة عملية متعلقة بـ التقارير المالية.",
        "Practical: تطبيق 4: نفّذ مهمة عملية متعلقة بـ التقارير المالية.",
        "Practical: تطبيق 5: نفّذ مهمة عملية متعلقة بـ التقارير المالية.",
        "Practical: تطبيق 6: نفّذ مهمة عملية متعلقة بـ التقارير المالية.",
        "Practical: تطبيق 7: نفّذ مهمة عملية متعلقة بـ التقارير المالية.",
        "Practical: تطبيق 8: نفّذ مهمة عملية متعلقة بـ التقارير المالية.",
        "Practical: تطبيق 9: نفّذ مهمة عملية متعلقة بـ التقارير المالية.",
        "Practical: تطبيق 10: نفّذ مهمة عملية متعلقة بـ التقارير المالية."
      ],
      "description_en": "Practice-based skill. Improve through projects and feedback."
    },
    {
      "id": "8-10",
      "type": "soft",
      "name_ar": "التحليل النسبى",
      "name_en": "Skill",
      "description_ar": "التحليل النسبى مهارة قابلة للتعلم عبر الممارسة. ابدأ بالأساسيات ثم طبّق مشاريع صغيرة.",
      "applications_ar": [
        "تطبيق 1: نفّذ مهمة عملية متعلقة بـ التحليل النسبى.",
        "تطبيق 2: نفّذ مهمة عملية متعلقة بـ التحليل النسبى.",
        "تطبيق 3: نفّذ مهمة عملية متعلقة بـ التحليل النسبى.",
        "تطبيق 4: نفّذ مهمة عملية متعلقة بـ التحليل النسبى.",
        "تطبيق 5: نفّذ مهمة عملية متعلقة بـ التحليل النسبى.",
        "تطبيق 6: نفّذ مهمة عملية متعلقة بـ التحليل النسبى.",
        "تطبيق 7: نفّذ مهمة عملية متعلقة بـ التحليل النسبى.",
        "تطبيق 8: نفّذ مهمة عملية متعلقة بـ التحليل النسبى.",
        "تطبيق 9: نفّذ مهمة عملية متعلقة بـ التحليل النسبى.",
        "تطبيق 10: نفّذ مهمة عملية متعلقة بـ التحليل النسبى."
      ],
      "icon": "🤝",
      "applications_en": [
        "Practical: تطبيق 1: نفّذ مهمة عملية متعلقة بـ التحليل النسبى.",
        "Practical: تطبيق 2: نفّذ مهمة عملية متعلقة بـ التحليل النسبى.",
        "Practical: تطبيق 3: نفّذ مهمة عملية متعلقة بـ التحليل النسبى.",
        "Practical: تطبيق 4: نفّذ مهمة عملية متعلقة بـ التحليل النسبى.",
        "Practical: تطبيق 5: نفّذ مهمة عملية متعلقة بـ التحليل النسبى.",
        "Practical: تطبيق 6: نفّذ مهمة عملية متعلقة بـ التحليل النسبى.",
        "Practical: تطبيق 7: نفّذ مهمة عملية متعلقة بـ التحليل النسبى.",
        "Practical: تطبيق 8: نفّذ مهمة عملية متعلقة بـ التحليل النسبى.",
        "Practical: تطبيق 9: نفّذ مهمة عملية متعلقة بـ التحليل النسبى.",
        "Practical: تطبيق 10: نفّذ مهمة عملية متعلقة بـ التحليل النسبى."
      ],
      "description_en": "Practice-based skill. Improve through projects and feedback."
    },
    {
      "id": "8-11",
      "type": "soft",
      "name_ar": "إدارة المخاطر المالية",
      "name_en": "Skill",
      "description_ar": "إدارة المخاطر المالية مهارة قابلة للتعلم عبر الممارسة. ابدأ بالأساسيات ثم طبّق مشاريع صغيرة.",
      "applications_ar": [
        "تطبيق 1: نفّذ مهمة عملية متعلقة بـ إدارة المخاطر المالية.",
        "تطبيق 2: نفّذ مهمة عملية متعلقة بـ إدارة المخاطر المالية.",
        "تطبيق 3: نفّذ مهمة عملية متعلقة بـ إدارة المخاطر المالية.",
        "تطبيق 4: نفّذ مهمة عملية متعلقة بـ إدارة المخاطر المالية.",
        "تطبيق 5: نفّذ مهمة عملية متعلقة بـ إدارة المخاطر المالية.",
        "تطبيق 6: نفّذ مهمة عملية متعلقة بـ إدارة المخاطر المالية.",
        "تطبيق 7: نفّذ مهمة عملية متعلقة بـ إدارة المخاطر المالية.",
        "تطبيق 8: نفّذ مهمة عملية متعلقة بـ إدارة المخاطر المالية.",
        "تطبيق 9: نفّذ مهمة عملية متعلقة بـ إدارة المخاطر المالية.",
        "تطبيق 10: نفّذ مهمة عملية متعلقة بـ إدارة المخاطر المالية."
      ],
      "icon": "🤝",
      "applications_en": [
        "Practical: تطبيق 1: نفّذ مهمة عملية متعلقة بـ إدارة المخاطر المالية.",
        "Practical: تطبيق 2: نفّذ مهمة عملية متعلقة بـ إدارة المخاطر المالية.",
        "Practical: تطبيق 3: نفّذ مهمة عملية متعلقة بـ إدارة المخاطر المالية.",
        "Practical: تطبيق 4: نفّذ مهمة عملية متعلقة بـ إدارة المخاطر المالية.",
        "Practical: تطبيق 5: نفّذ مهمة عملية متعلقة بـ إدارة المخاطر المالية.",
        "Practical: تطبيق 6: نفّذ مهمة عملية متعلقة بـ إدارة المخاطر المالية.",
        "Practical: تطبيق 7: نفّذ مهمة عملية متعلقة بـ إدارة المخاطر المالية.",
        "Practical: تطبيق 8: نفّذ مهمة عملية متعلقة بـ إدارة المخاطر المالية.",
        "Practical: تطبيق 9: نفّذ مهمة عملية متعلقة بـ إدارة المخاطر المالية.",
        "Practical: تطبيق 10: نفّذ مهمة عملية متعلقة بـ إدارة المخاطر المالية."
      ],
      "description_en": "Practice-based skill. Improve through projects and feedback."
    },
    {
      "id": "8-12",
      "type": "soft",
      "name_ar": "إدارة الأصول",
      "name_en": "Skill",
      "description_ar": "إدارة الأصول مهارة قابلة للتعلم عبر الممارسة. ابدأ بالأساسيات ثم طبّق مشاريع صغيرة.",
      "applications_ar": [
        "تطبيق 1: نفّذ مهمة عملية متعلقة بـ إدارة الأصول.",
        "تطبيق 2: نفّذ مهمة عملية متعلقة بـ إدارة الأصول.",
        "تطبيق 3: نفّذ مهمة عملية متعلقة بـ إدارة الأصول.",
        "تطبيق 4: نفّذ مهمة عملية متعلقة بـ إدارة الأصول.",
        "تطبيق 5: نفّذ مهمة عملية متعلقة بـ إدارة الأصول.",
        "تطبيق 6: نفّذ مهمة عملية متعلقة بـ إدارة الأصول.",
        "تطبيق 7: نفّذ مهمة عملية متعلقة بـ إدارة الأصول.",
        "تطبيق 8: نفّذ مهمة عملية متعلقة بـ إدارة الأصول.",
        "تطبيق 9: نفّذ مهمة عملية متعلقة بـ إدارة الأصول.",
        "تطبيق 10: نفّذ مهمة عملية متعلقة بـ إدارة الأصول."
      ],
      "icon": "🤝",
      "applications_en": [
        "Practical: تطبيق 1: نفّذ مهمة عملية متعلقة بـ إدارة الأصول.",
        "Practical: تطبيق 2: نفّذ مهمة عملية متعلقة بـ إدارة الأصول.",
        "Practical: تطبيق 3: نفّذ مهمة عملية متعلقة بـ إدارة الأصول.",
        "Practical: تطبيق 4: نفّذ مهمة عملية متعلقة بـ إدارة الأصول.",
        "Practical: تطبيق 5: نفّذ مهمة عملية متعلقة بـ إدارة الأصول.",
        "Practical: تطبيق 6: نفّذ مهمة عملية متعلقة بـ إدارة الأصول.",
        "Practical: تطبيق 7: نفّذ مهمة عملية متعلقة بـ إدارة الأصول.",
        "Practical: تطبيق 8: نفّذ مهمة عملية متعلقة بـ إدارة الأصول.",
        "Practical: تطبيق 9: نفّذ مهمة عملية متعلقة بـ إدارة الأصول.",
        "Practical: تطبيق 10: نفّذ مهمة عملية متعلقة بـ إدارة الأصول."
      ],
      "description_en": "Practice-based skill. Improve through projects and feedback."
    },
    {
      "id": "8-13",
      "type": "soft",
      "name_ar": "تحليل الربحية",
      "name_en": "Skill",
      "description_ar": "تحليل الربحية مهارة قابلة للتعلم عبر الممارسة. ابدأ بالأساسيات ثم طبّق مشاريع صغيرة.",
      "applications_ar": [
        "تطبيق 1: نفّذ مهمة عملية متعلقة بـ تحليل الربحية.",
        "تطبيق 2: نفّذ مهمة عملية متعلقة بـ تحليل الربحية.",
        "تطبيق 3: نفّذ مهمة عملية متعلقة بـ تحليل الربحية.",
        "تطبيق 4: نفّذ مهمة عملية متعلقة بـ تحليل الربحية.",
        "تطبيق 5: نفّذ مهمة عملية متعلقة بـ تحليل الربحية.",
        "تطبيق 6: نفّذ مهمة عملية متعلقة بـ تحليل الربحية.",
        "تطبيق 7: نفّذ مهمة عملية متعلقة بـ تحليل الربحية.",
        "تطبيق 8: نفّذ مهمة عملية متعلقة بـ تحليل الربحية.",
        "تطبيق 9: نفّذ مهمة عملية متعلقة بـ تحليل الربحية.",
        "تطبيق 10: نفّذ مهمة عملية متعلقة بـ تحليل الربحية."
      ],
      "icon": "🤝",
      "applications_en": [
        "Practical: تطبيق 1: نفّذ مهمة عملية متعلقة بـ تحليل الربحية.",
        "Practical: تطبيق 2: نفّذ مهمة عملية متعلقة بـ تحليل الربحية.",
        "Practical: تطبيق 3: نفّذ مهمة عملية متعلقة بـ تحليل الربحية.",
        "Practical: تطبيق 4: نفّذ مهمة عملية متعلقة بـ تحليل الربحية.",
        "Practical: تطبيق 5: نفّذ مهمة عملية متعلقة بـ تحليل الربحية.",
        "Practical: تطبيق 6: نفّذ مهمة عملية متعلقة بـ تحليل الربحية.",
        "Practical: تطبيق 7: نفّذ مهمة عملية متعلقة بـ تحليل الربحية.",
        "Practical: تطبيق 8: نفّذ مهمة عملية متعلقة بـ تحليل الربحية.",
        "Practical: تطبيق 9: نفّذ مهمة عملية متعلقة بـ تحليل الربحية.",
        "Practical: تطبيق 10: نفّذ مهمة عملية متعلقة بـ تحليل الربحية."
      ],
      "description_en": "Practice-based skill. Improve through projects and feedback."
    },
    {
      "id": "8-14",
      "type": "soft",
      "name_ar": "التخطيط الاستثماري",
      "name_en": "Skill",
      "description_ar": "التخطيط الاستثماري مهارة قابلة للتعلم عبر الممارسة. ابدأ بالأساسيات ثم طبّق مشاريع صغيرة.",
      "applications_ar": [
        "تطبيق 1: نفّذ مهمة عملية متعلقة بـ التخطيط الاستثماري.",
        "تطبيق 2: نفّذ مهمة عملية متعلقة بـ التخطيط الاستثماري.",
        "تطبيق 3: نفّذ مهمة عملية متعلقة بـ التخطيط الاستثماري.",
        "تطبيق 4: نفّذ مهمة عملية متعلقة بـ التخطيط الاستثماري.",
        "تطبيق 5: نفّذ مهمة عملية متعلقة بـ التخطيط الاستثماري.",
        "تطبيق 6: نفّذ مهمة عملية متعلقة بـ التخطيط الاستثماري.",
        "تطبيق 7: نفّذ مهمة عملية متعلقة بـ التخطيط الاستثماري.",
        "تطبيق 8: نفّذ مهمة عملية متعلقة بـ التخطيط الاستثماري.",
        "تطبيق 9: نفّذ مهمة عملية متعلقة بـ التخطيط الاستثماري.",
        "تطبيق 10: نفّذ مهمة عملية متعلقة بـ التخطيط الاستثماري."
      ],
      "icon": "🤝",
      "applications_en": [
        "Practical: تطبيق 1: نفّذ مهمة عملية متعلقة بـ التخطيط الاستثماري.",
        "Practical: تطبيق 2: نفّذ مهمة عملية متعلقة بـ التخطيط الاستثماري.",
        "Practical: تطبيق 3: نفّذ مهمة عملية متعلقة بـ التخطيط الاستثماري.",
        "Practical: تطبيق 4: نفّذ مهمة عملية متعلقة بـ التخطيط الاستثماري.",
        "Practical: تطبيق 5: نفّذ مهمة عملية متعلقة بـ التخطيط الاستثماري.",
        "Practical: تطبيق 6: نفّذ مهمة عملية متعلقة بـ التخطيط الاستثماري.",
        "Practical: تطبيق 7: نفّذ مهمة عملية متعلقة بـ التخطيط الاستثماري.",
        "Practical: تطبيق 8: نفّذ مهمة عملية متعلقة بـ التخطيط الاستثماري.",
        "Practical: تطبيق 9: نفّذ مهمة عملية متعلقة بـ التخطيط الاستثماري.",
        "Practical: تطبيق 10: نفّذ مهمة عملية متعلقة بـ التخطيط الاستثماري."
      ],
      "description_en": "Practice-based skill. Improve through projects and feedback."
    },
    {
      "id": "8-15",
      "type": "soft",
      "name_ar": "التقارير الشهرية",
      "name_en": "Skill",
      "description_ar": "التقارير الشهرية مهارة قابلة للتعلم عبر الممارسة. ابدأ بالأساسيات ثم طبّق مشاريع صغيرة.",
      "applications_ar": [
        "تطبيق 1: نفّذ مهمة عملية متعلقة بـ التقارير الشهرية.",
        "تطبيق 2: نفّذ مهمة عملية متعلقة بـ التقارير الشهرية.",
        "تطبيق 3: نفّذ مهمة عملية متعلقة بـ التقارير الشهرية.",
        "تطبيق 4: نفّذ مهمة عملية متعلقة بـ التقارير الشهرية.",
        "تطبيق 5: نفّذ مهمة عملية متعلقة بـ التقارير الشهرية.",
        "تطبيق 6: نفّذ مهمة عملية متعلقة بـ التقارير الشهرية.",
        "تطبيق 7: نفّذ مهمة عملية متعلقة بـ التقارير الشهرية.",
        "تطبيق 8: نفّذ مهمة عملية متعلقة بـ التقارير الشهرية.",
        "تطبيق 9: نفّذ مهمة عملية متعلقة بـ التقارير الشهرية.",
        "تطبيق 10: نفّذ مهمة عملية متعلقة بـ التقارير الشهرية."
      ],
      "icon": "🤝",
      "applications_en": [
        "Practical: تطبيق 1: نفّذ مهمة عملية متعلقة بـ التقارير الشهرية.",
        "Practical: تطبيق 2: نفّذ مهمة عملية متعلقة بـ التقارير الشهرية.",
        "Practical: تطبيق 3: نفّذ مهمة عملية متعلقة بـ التقارير الشهرية.",
        "Practical: تطبيق 4: نفّذ مهمة عملية متعلقة بـ التقارير الشهرية.",
        "Practical: تطبيق 5: نفّذ مهمة عملية متعلقة بـ التقارير الشهرية.",
        "Practical: تطبيق 6: نفّذ مهمة عملية متعلقة بـ التقارير الشهرية.",
        "Practical: تطبيق 7: نفّذ مهمة عملية متعلقة بـ التقارير الشهرية.",
        "Practical: تطبيق 8: نفّذ مهمة عملية متعلقة بـ التقارير الشهرية.",
        "Practical: تطبيق 9: نفّذ مهمة عملية متعلقة بـ التقارير الشهرية.",
        "Practical: تطبيق 10: نفّذ مهمة عملية متعلقة بـ التقارير الشهرية."
      ],
      "description_en": "Practice-based skill. Improve through projects and feedback."
    },
    {
      "id": "8-16",
      "type": "soft",
      "name_ar": "المحاسبة الإدارية",
      "name_en": "Skill",
      "description_ar": "المحاسبة الإدارية مهارة قابلة للتعلم عبر الممارسة. ابدأ بالأساسيات ثم طبّق مشاريع صغيرة.",
      "applications_ar": [
        "تطبيق 1: نفّذ مهمة عملية متعلقة بـ المحاسبة الإدارية.",
        "تطبيق 2: نفّذ مهمة عملية متعلقة بـ المحاسبة الإدارية.",
        "تطبيق 3: نفّذ مهمة عملية متعلقة بـ المحاسبة الإدارية.",
        "تطبيق 4: نفّذ مهمة عملية متعلقة بـ المحاسبة الإدارية.",
        "تطبيق 5: نفّذ مهمة عملية متعلقة بـ المحاسبة الإدارية.",
        "تطبيق 6: نفّذ مهمة عملية متعلقة بـ المحاسبة الإدارية.",
        "تطبيق 7: نفّذ مهمة عملية متعلقة بـ المحاسبة الإدارية.",
        "تطبيق 8: نفّذ مهمة عملية متعلقة بـ المحاسبة الإدارية.",
        "تطبيق 9: نفّذ مهمة عملية متعلقة بـ المحاسبة الإدارية.",
        "تطبيق 10: نفّذ مهمة عملية متعلقة بـ المحاسبة الإدارية."
      ],
      "icon": "🤝",
      "applications_en": [
        "Practical: تطبيق 1: نفّذ مهمة عملية متعلقة بـ المحاسبة الإدارية.",
        "Practical: تطبيق 2: نفّذ مهمة عملية متعلقة بـ المحاسبة الإدارية.",
        "Practical: تطبيق 3: نفّذ مهمة عملية متعلقة بـ المحاسبة الإدارية.",
        "Practical: تطبيق 4: نفّذ مهمة عملية متعلقة بـ المحاسبة الإدارية.",
        "Practical: تطبيق 5: نفّذ مهمة عملية متعلقة بـ المحاسبة الإدارية.",
        "Practical: تطبيق 6: نفّذ مهمة عملية متعلقة بـ المحاسبة الإدارية.",
        "Practical: تطبيق 7: نفّذ مهمة عملية متعلقة بـ المحاسبة الإدارية.",
        "Practical: تطبيق 8: نفّذ مهمة عملية متعلقة بـ المحاسبة الإدارية.",
        "Practical: تطبيق 9: نفّذ مهمة عملية متعلقة بـ المحاسبة الإدارية.",
        "Practical: تطبيق 10: نفّذ مهمة عملية متعلقة بـ المحاسبة الإدارية."
      ],
      "description_en": "Practice-based skill. Improve through projects and feedback."
    },
    {
      "id": "8-17",
      "type": "soft",
      "name_ar": "التقارير الضريبية",
      "name_en": "Skill",
      "description_ar": "التقارير الضريبية مهارة قابلة للتعلم عبر الممارسة. ابدأ بالأساسيات ثم طبّق مشاريع صغيرة.",
      "applications_ar": [
        "تطبيق 1: نفّذ مهمة عملية متعلقة بـ التقارير الضريبية.",
        "تطبيق 2: نفّذ مهمة عملية متعلقة بـ التقارير الضريبية.",
        "تطبيق 3: نفّذ مهمة عملية متعلقة بـ التقارير الضريبية.",
        "تطبيق 4: نفّذ مهمة عملية متعلقة بـ التقارير الضريبية.",
        "تطبيق 5: نفّذ مهمة عملية متعلقة بـ التقارير الضريبية.",
        "تطبيق 6: نفّذ مهمة عملية متعلقة بـ التقارير الضريبية.",
        "تطبيق 7: نفّذ مهمة عملية متعلقة بـ التقارير الضريبية.",
        "تطبيق 8: نفّذ مهمة عملية متعلقة بـ التقارير الضريبية.",
        "تطبيق 9: نفّذ مهمة عملية متعلقة بـ التقارير الضريبية.",
        "تطبيق 10: نفّذ مهمة عملية متعلقة بـ التقارير الضريبية."
      ],
      "icon": "🤝",
      "applications_en": [
        "Practical: تطبيق 1: نفّذ مهمة عملية متعلقة بـ التقارير الضريبية.",
        "Practical: تطبيق 2: نفّذ مهمة عملية متعلقة بـ التقارير الضريبية.",
        "Practical: تطبيق 3: نفّذ مهمة عملية متعلقة بـ التقارير الضريبية.",
        "Practical: تطبيق 4: نفّذ مهمة عملية متعلقة بـ التقارير الضريبية.",
        "Practical: تطبيق 5: نفّذ مهمة عملية متعلقة بـ التقارير الضريبية.",
        "Practical: تطبيق 6: نفّذ مهمة عملية متعلقة بـ التقارير الضريبية.",
        "Practical: تطبيق 7: نفّذ مهمة عملية متعلقة بـ التقارير الضريبية.",
        "Practical: تطبيق 8: نفّذ مهمة عملية متعلقة بـ التقارير الضريبية.",
        "Practical: تطبيق 9: نفّذ مهمة عملية متعلقة بـ التقارير الضريبية.",
        "Practical: تطبيق 10: نفّذ مهمة عملية متعلقة بـ التقارير الضريبية."
      ],
      "description_en": "Practice-based skill. Improve through projects and feedback."
    },
    {
      "id": "8-18",
      "type": "soft",
      "name_ar": "التمويل المؤسسي",
      "name_en": "Skill",
      "description_ar": "التمويل المؤسسي مهارة قابلة للتعلم عبر الممارسة. ابدأ بالأساسيات ثم طبّق مشاريع صغيرة.",
      "applications_ar": [
        "تطبيق 1: نفّذ مهمة عملية متعلقة بـ التمويل المؤسسي.",
        "تطبيق 2: نفّذ مهمة عملية متعلقة بـ التمويل المؤسسي.",
        "تطبيق 3: نفّذ مهمة عملية متعلقة بـ التمويل المؤسسي.",
        "تطبيق 4: نفّذ مهمة عملية متعلقة بـ التمويل المؤسسي.",
        "تطبيق 5: نفّذ مهمة عملية متعلقة بـ التمويل المؤسسي.",
        "تطبيق 6: نفّذ مهمة عملية متعلقة بـ التمويل المؤسسي.",
        "تطبيق 7: نفّذ مهمة عملية متعلقة بـ التمويل المؤسسي.",
        "تطبيق 8: نفّذ مهمة عملية متعلقة بـ التمويل المؤسسي.",
        "تطبيق 9: نفّذ مهمة عملية متعلقة بـ التمويل المؤسسي.",
        "تطبيق 10: نفّذ مهمة عملية متعلقة بـ التمويل المؤسسي."
      ],
      "icon": "🤝",
      "applications_en": [
        "Practical: تطبيق 1: نفّذ مهمة عملية متعلقة بـ التمويل المؤسسي.",
        "Practical: تطبيق 2: نفّذ مهمة عملية متعلقة بـ التمويل المؤسسي.",
        "Practical: تطبيق 3: نفّذ مهمة عملية متعلقة بـ التمويل المؤسسي.",
        "Practical: تطبيق 4: نفّذ مهمة عملية متعلقة بـ التمويل المؤسسي.",
        "Practical: تطبيق 5: نفّذ مهمة عملية متعلقة بـ التمويل المؤسسي.",
        "Practical: تطبيق 6: نفّذ مهمة عملية متعلقة بـ التمويل المؤسسي.",
        "Practical: تطبيق 7: نفّذ مهمة عملية متعلقة بـ التمويل المؤسسي.",
        "Practical: تطبيق 8: نفّذ مهمة عملية متعلقة بـ التمويل المؤسسي.",
        "Practical: تطبيق 9: نفّذ مهمة عملية متعلقة بـ التمويل المؤسسي.",
        "Practical: تطبيق 10: نفّذ مهمة عملية متعلقة بـ التمويل المؤسسي."
      ],
      "description_en": "Practice-based skill. Improve through projects and feedback."
    },
    {
      "id": "8-19",
      "type": "soft",
      "name_ar": "الميزانية الرأسمالية",
      "name_en": "Skill",
      "description_ar": "الميزانية الرأسمالية مهارة قابلة للتعلم عبر الممارسة. ابدأ بالأساسيات ثم طبّق مشاريع صغيرة.",
      "applications_ar": [
        "تطبيق 1: نفّذ مهمة عملية متعلقة بـ الميزانية الرأسمالية.",
        "تطبيق 2: نفّذ مهمة عملية متعلقة بـ الميزانية الرأسمالية.",
        "تطبيق 3: نفّذ مهمة عملية متعلقة بـ الميزانية الرأسمالية.",
        "تطبيق 4: نفّذ مهمة عملية متعلقة بـ الميزانية الرأسمالية.",
        "تطبيق 5: نفّذ مهمة عملية متعلقة بـ الميزانية الرأسمالية.",
        "تطبيق 6: نفّذ مهمة عملية متعلقة بـ الميزانية الرأسمالية.",
        "تطبيق 7: نفّذ مهمة عملية متعلقة بـ الميزانية الرأسمالية.",
        "تطبيق 8: نفّذ مهمة عملية متعلقة بـ الميزانية الرأسمالية.",
        "تطبيق 9: نفّذ مهمة عملية متعلقة بـ الميزانية الرأسمالية.",
        "تطبيق 10: نفّذ مهمة عملية متعلقة بـ الميزانية الرأسمالية."
      ],
      "icon": "🤝",
      "applications_en": [
        "Practical: تطبيق 1: نفّذ مهمة عملية متعلقة بـ الميزانية الرأسمالية.",
        "Practical: تطبيق 2: نفّذ مهمة عملية متعلقة بـ الميزانية الرأسمالية.",
        "Practical: تطبيق 3: نفّذ مهمة عملية متعلقة بـ الميزانية الرأسمالية.",
        "Practical: تطبيق 4: نفّذ مهمة عملية متعلقة بـ الميزانية الرأسمالية.",
        "Practical: تطبيق 5: نفّذ مهمة عملية متعلقة بـ الميزانية الرأسمالية.",
        "Practical: تطبيق 6: نفّذ مهمة عملية متعلقة بـ الميزانية الرأسمالية.",
        "Practical: تطبيق 7: نفّذ مهمة عملية متعلقة بـ الميزانية الرأسمالية.",
        "Practical: تطبيق 8: نفّذ مهمة عملية متعلقة بـ الميزانية الرأسمالية.",
        "Practical: تطبيق 9: نفّذ مهمة عملية متعلقة بـ الميزانية الرأسمالية.",
        "Practical: تطبيق 10: نفّذ مهمة عملية متعلقة بـ الميزانية الرأسمالية."
      ],
      "description_en": "Practice-based skill. Improve through projects and feedback."
    },
    {
      "id": "8-20",
      "type": "soft",
      "name_ar": "تقييم المشاريع",
      "name_en": "Skill",
      "description_ar": "تقييم المشاريع مهارة قابلة للتعلم عبر الممارسة. ابدأ بالأساسيات ثم طبّق مشاريع صغيرة.",
      "applications_ar": [
        "تطبيق 1: نفّذ مهمة عملية متعلقة بـ تقييم المشاريع.",
        "تطبيق 2: نفّذ مهمة عملية متعلقة بـ تقييم المشاريع.",
        "تطبيق 3: نفّذ مهمة عملية متعلقة بـ تقييم المشاريع.",
        "تطبيق 4: نفّذ مهمة عملية متعلقة بـ تقييم المشاريع.",
        "تطبيق 5: نفّذ مهمة عملية متعلقة بـ تقييم المشاريع.",
        "تطبيق 6: نفّذ مهمة عملية متعلقة بـ تقييم المشاريع.",
        "تطبيق 7: نفّذ مهمة عملية متعلقة بـ تقييم المشاريع.",
        "تطبيق 8: نفّذ مهمة عملية متعلقة بـ تقييم المشاريع.",
        "تطبيق 9: نفّذ مهمة عملية متعلقة بـ تقييم المشاريع.",
        "تطبيق 10: نفّذ مهمة عملية متعلقة بـ تقييم المشاريع."
      ],
      "icon": "🤝",
      "applications_en": [
        "Practical: تطبيق 1: نفّذ مهمة عملية متعلقة بـ تقييم المشاريع.",
        "Practical: تطبيق 2: نفّذ مهمة عملية متعلقة بـ تقييم المشاريع.",
        "Practical: تطبيق 3: نفّذ مهمة عملية متعلقة بـ تقييم المشاريع.",
        "Practical: تطبيق 4: نفّذ مهمة عملية متعلقة بـ تقييم المشاريع.",
        "Practical: تطبيق 5: نفّذ مهمة عملية متعلقة بـ تقييم المشاريع.",
        "Practical: تطبيق 6: نفّذ مهمة عملية متعلقة بـ تقييم المشاريع.",
        "Practical: تطبيق 7: نفّذ مهمة عملية متعلقة بـ تقييم المشاريع.",
        "Practical: تطبيق 8: نفّذ مهمة عملية متعلقة بـ تقييم المشاريع.",
        "Practical: تطبيق 9: نفّذ مهمة عملية متعلقة بـ تقييم المشاريع.",
        "Practical: تطبيق 10: نفّذ مهمة عملية متعلقة بـ تقييم المشاريع."
      ],
      "description_en": "Practice-based skill. Improve through projects and feedback."
    }
  ]
}