{
  "skills": [
    {
      "id": "5-01",
      "type": "soft",
      "name_ar": "إدارة الوقت",
      "name_en": "Time Management",
      "description_ar": "إدارة الوقت مهارة قابلة للتعلم عبر الممارسة. ابدأ بالأساسيات ثم طبّق مشاريع صغيرة.",
      "applications_ar": [
        "تطبيق 1: نفّذ مهمة عملية متعلقة بـ إدارة الوقت.",
        "تطبيق 2: نفّذ مهمة عملية متعلقة بـ إدارة الوقت.",
        "تطبيق 3: نفّذ مهمة عملية متعلقة بـ إدارة الوقت.",
        "تطبيق 4: نفّذ مهمة عملية متعلقة بـ إدارة الوقت.",
        "تطبيق 5: نفّذ مهمة عملية متعلقة بـ إدارة الوقت.",
        "تطبيق 6: نفّذ مهمة عملية متعلقة بـ إدارة الوقت.",
        "تطبيق 7: نفّذ مهمة عملية متعلقة بـ إدارة الوقت.",
        "تطبيق 8: نفّذ مهمة عملية متعلقة بـ إدارة الوقت.",
        "تطبيق 9: نفّذ مهمة عملية متعلقة بـ إدارة الوقت.",
        "تطبيق 10: نفّذ مهمة عملية متعلقة بـ إدارة الوقت."
      ],
      "icon": "🤝",
      "applications_en": [
        "Practical: تطبيق 1: نفّذ مهمة عملية متعلقة بـ إدارة الوقت.",
        "Practical: تطبيق 2: نفّذ مهمة عملية متعلقة بـ إدارة الوقت.",
        "Practical: تطبيق 3: نفّذ مهمة عملية متعلقة بـ إدارة الوقت.",
        "Practical: تطبيق 4: نفّذ مهمة عملية متعلقة بـ إدارة الوقت.",
        "Practical: تطبيق 5: نفّذ مهمة عملية متعلقة بـ إدارة الوقت.",
        "Practical: تطبيق 6: نفّذ مهمة عملية متعلقة بـ إدارة الوقت.",
        "Practical: تطبيق 7: نفّذ مهمة عملية متعلقة بـ إدارة الوقت.",
        "Practical: تطبيق 8: نفّذ مهمة عملية متعلقة بـ إدارة الوقت.",
        "Practical: تطبيق 9: نفّذ مهمة عملية متعلقة بـ إدارة الوقت.",
        "Practical: تطبيق 10: نفّذ مهمة عملية متعلقة بـ إدارة الوقت."
      ],
      "description_en": "Practice-based skill. Improve through projects and feedback."
    },
    {
      "id": "5-02",
      "type": "soft",
      "name_ar": "بناء العادات",
      "name_en": "Habit Building",
      "description_ar": "بناء العادات مهارة قابلة للتعلم عبر الممارسة. ابدأ بالأساسيات ثم طبّق مشاريع صغيرة.",
      "applications_ar": [
        "تطبيق 1: نفّذ مهمة عملية متعلقة بـ بناء العادات.",
        "تطبيق 2: نفّذ مهمة عملية متعلقة بـ بناء العادات.",
        "تطبيق 3: نفّذ مهمة عملية متعلقة بـ بناء العادات.",
        "تطبيق 4: نفّذ مهمة عملية متعلقة بـ بناء العادات.",
        "تطبيق 5: نفّذ مهمة عملية متعلقة بـ بناء العادات.",
        "تطبيق 6: نفّذ مهمة عملية متعلقة بـ بناء العادات.",
        "تطبيق 7: نفّذ مهمة عملية متعلقة بـ بناء العادات.",
        "تطبيق 8: نفّذ مهمة عملية متعلقة بـ بناء العادات.",
        "تطبيق 9: نفّذ مهمة عملية متعلقة بـ بناء العادات.",
        "تطبيق 10: نفّذ مهمة عملية متعلقة بـ بناء العادات."
      ],
      "icon": "🤝",
      "applications_en": [
        "Practical: تطبيق 1: نفّذ مهمة عملية متعلقة بـ بناء العادات.",
        "Practical: تطبيق 2: نفّذ مهمة عملية متعلقة بـ بناء العادات.",
        "Practical: تطبيق 3: نفّذ مهمة عملية متعلقة بـ بناء العادات.",
        "Practical: تطبيق 4: نفّذ مهمة عملية متعلقة بـ بناء العادات.",
        "Practical: تطبيق 5: نفّذ مهمة عملية متعلقة بـ بناء العادات.",
        "Practical: تطبيق 6: نفّذ مهمة عملية متعلقة بـ بناء العادات.",
        "Practical: تطبيق 7: نفّذ مهمة عملية متعلقة بـ بناء العادات.",
        "Practical: تطبيق 8: نفّذ مهمة عملية متعلقة بـ بناء العادات.",
        "Practical: تطبيق 9: نفّذ مهمة عملية متعلقة بـ بناء العادات.",
        "Practical: تطبيق 10: نفّذ مهمة عملية متعلقة بـ بناء العادات."
      ],
      "description_en": "Practice-based skill. Improve through projects and feedback."
    },
    {
      "id": "5-03",
      "type": "soft",
      "name_ar": "المرونة",
      "name_en": "Resilience",
      "description_ar": "المرونة مهارة قابلة للتعلم عبر الممارسة. ابدأ بالأساسيات ثم طبّق مشاريع صغيرة.",
      "applications_ar": [
        "تطبيق 1: نفّذ مهمة عملية متعلقة بـ المرونة.",
        "تطبيق 2: نفّذ مهمة عملية متعلقة بـ المرونة.",
        "تطبيق 3: نفّذ مهمة عملية متعلقة بـ المرونة.",
        "تطبيق 4: نفّذ مهمة عملية متعلقة بـ المرونة.",
        "تطبيق 5: نفّذ مهمة عملية متعلقة بـ المرونة.",
        "تطبيق 6: نفّذ مهمة عملية متعلقة بـ المرونة.",
        "تطبيق 7: نفّذ مهمة عملية متعلقة بـ المرونة.",
        "تطبيق 8: نفّذ مهمة عملية متعلقة بـ المرونة.",
        "تطبيق 9: نفّذ مهمة عملية متعلقة بـ المرونة.",
        "تطبيق 10: نفّذ مهمة عملية متعلقة بـ المرونة."
      ],
      "icon": "🤝",
      "applications_en": [
        "Practical: تطبيق 1: نفّذ مهمة عملية متعلقة بـ المرونة.",
        "Practical: تطبيق 2: نفّذ مهمة عملية متعلقة بـ المرونة.",
        "Practical: تطبيق 3: نفّذ مهمة عملية متعلقة بـ المرونة.",
        "Practical: تطبيق 4: نفّذ مهمة عملية متعلقة بـ المرونة.",
        "Practical: تطبيق 5: نفّذ مهمة عملية متعلقة بـ المرونة.",
        "Practical: تطبيق 6: نفّذ مهمة عملية متعلقة بـ المرونة.",
        "Practical: تطبيق 7: نفّذ مهمة عملية متعلقة بـ المرونة.",
        "Practical: تطبيق 8: نفّذ مهمة عملية متعلقة بـ المرونة.",
        "Practical: تطبيق 9: نفّذ مهمة عملية متعلقة بـ المرونة.",
        "Practical: تطبيق 10: نفّذ مهمة عملية متعلقة بـ المرونة."
      ],
      "description_en": "Practice-based skill. Improve through projects and feedback."
    },
    {
      "id": "5-04",
      "type": "soft",
      "name_ar": "التعلم الذاتي",
      "name_en": "Self-directed Learning",
      "description_ar": "التعلم الذاتي مهارة قابلة للتعلم عبر الممارسة. ابدأ بالأساسيات ثم طبّق مشاريع صغيرة.",
      "applications_ar": [
        "تطبيق 1: نفّذ مهمة عملية متعلقة بـ التعلم الذاتي.",
        "تطبيق 2: نفّذ مهمة عملية متعلقة بـ التعلم الذاتي.",
        "تطبيق 3: نفّذ مهمة عملية متعلقة بـ التعلم الذاتي.",
        "تطبيق 4: نفّذ مهمة عملية متعلقة بـ التعلم الذاتي.",
        "تطبيق 5: نفّذ مهمة عملية متعلقة بـ التعلم الذاتي.",
        "تطبيق 6: نفّذ مهمة عملية متعلقة بـ التعلم الذاتي.",
        "تطبيق 7: نفّذ مهمة عملية متعلقة بـ التعلم الذاتي.",
        "تطبيق 8: نفّذ مهمة عملية متعلقة بـ التعلم الذاتي.",
        "تطبيق 9: نفّذ مهمة عملية متعلقة بـ التعلم الذاتي.",
        "تطبيق 10: نفّذ مهمة عملية متعلقة بـ التعلم الذاتي."
      ],
      "icon": "🤝",
      "applications_en": [
        "Practical: تطبيق 1: نفّذ مهمة عملية متعلقة بـ التعلم الذاتي.",
        "Practical: تطبيق 2: نفّذ مهمة عملية متعلقة بـ التعلم الذاتي.",
        "Practical: تطبيق 3: نفّذ مهمة عملية متعلقة بـ التعلم الذاتي.",
        "Practical: تطبيق 4: نفّذ مهمة عملية متعلقة بـ التعلم الذاتي.",
        "Practical: تطبيق 5: نفّذ مهمة عملية متعلقة بـ التعلم الذاتي.",
        "Practical: تطبيق 6: نفّذ مهمة عملية متعلقة بـ التعلم الذاتي.",
        "Practical: تطبيق 7: نفّذ مهمة عملية متعلقة بـ التعلم الذاتي.",
        "Practical: تطبيق 8: نفّذ مهمة عملية متعلقة بـ التعلم الذاتي.",
        "Practical: تطبيق 9: نفّذ مهمة عملية متعلقة بـ التعلم الذاتي.",
        "Practical: تطبيق 10: نفّذ مهمة عملية متعلقة بـ التعلم الذاتي."
      ],
      "description_en": "Practice-based skill. Improve through projects and feedback."
    },
    {
      "id": "5-05",
      "type": "soft",
      "name_ar": "الذكاء العاطفي",
      "name_en": "Emotional Intelligence",
      "description_ar": "الذكاء العاطفي مهارة قابلة للتعلم عبر الممارسة. ابدأ بالأساسيات ثم طبّق مشاريع صغيرة.",
      "applications_ar": [
        "تطبيق 1: نفّذ مهمة عملية متعلقة بـ الذكاء العاطفي.",
        "تطبيق 2: نفّذ مهمة عملية متعلقة بـ الذكاء العاطفي.",
        "تطبيق 3: نفّذ مهمة عملية متعلقة بـ الذكاء العاطفي.",
        "تطبيق 4: نفّذ مهمة عملية متعلقة بـ الذكاء العاطفي.",
        "تطبيق 5: نفّذ مهمة عملية متعلقة بـ الذكاء العاطفي.",
        "تطبيق 6: نفّذ مهمة عملية متعلقة بـ الذكاء العاطفي.",
        "تطبيق 7: نفّذ مهمة عملية متعلقة بـ الذكاء العاطفي.",
        "تطبيق 8: نفّذ مهمة عملية متعلقة بـ الذكاء العاطفي.",
        "تطبيق 9: نفّذ مهمة عملية متعلقة بـ الذكاء العاطفي.",
        "تطبيق 10: نفّذ مهمة عملية متعلقة بـ الذكاء العاطفي."
      ],
      "icon": "🤝",
      "applications_en": [
        "Practical: تطبيق 1: نفّذ مهمة عملية متعلقة بـ الذكاء العاطفي.",
        "Practical: تطبيق 2: نفّذ مهمة عملية متعلقة بـ الذكاء العاطفي.",
        "Practical: تطبيق 3: نفّذ مهمة عملية متعلقة بـ الذكاء العاطفي.",
        "Practical: تطبيق 4: نفّذ مهمة عملية متعلقة بـ الذكاء العاطفي.",
        "Practical: تطبيق 5: نفّذ مهمة عملية متعلقة بـ الذكاء العاطفي.",
        "Practical: تطبيق 6: نفّذ مهمة عملية متعلقة بـ الذكاء العاطفي.",
        "Practical: تطبيق 7: نفّذ مهمة عملية متعلقة بـ الذكاء العاطفي.",
        "Practical: تطبيق 8: نفّذ مهمة عملية متعلقة بـ الذكاء العاطفي.",
        "Practical: تطبيق 9: نفّذ مهمة عملية متعلقة بـ الذكاء العاطفي.",
        "Practical: تطبيق 10: نفّذ مهمة عملية متعلقة بـ الذكاء العاطفي."
      ],
      "description_en": "Practice-based skill. Improve through projects and feedback."
    },
    {
      "id": "5-06",
      "type": "soft",
      "name_ar": "الانضباط الذاتي",
      "name_en": "Skill",
      "description_ar": "الانضباط الذاتي مهارة قابلة للتعلم عبر الممارسة. ابدأ بالأساسيات ثم طبّق مشاريع صغيرة.",
      "applications_ar": [
        "تطبيق 1: نفّذ مهمة عملية متعلقة بـ الانضباط الذاتي.",
        "تطبيق 2: نفّذ مهمة عملية متعلقة بـ الانضباط الذاتي.",
        "تطبيق 3: نفّذ مهمة عملية متعلقة بـ الانضباط الذاتي.",
        "تطبيق 4: نفّذ مهمة عملية متعلقة بـ الانضباط الذاتي.",
        "تطبيق 5: نفّذ مهمة عملية متعلقة بـ الانضباط الذاتي.",
        "تطبيق 6: نفّذ مهمة عملية متعلقة بـ الانضباط الذاتي.",
        "تطبيق 7: نفّذ مهمة عملية متعلقة بـ الانضباط الذاتي.",
        "تطبيق 8: نفّذ مهمة عملية متعلقة بـ الانضباط الذاتي.",
        "تطبيق 9: نفّذ مهمة عملية متعلقة بـ الانضباط الذاتي.",
        "تطبيق 10: نفّذ مهمة عملية متعلقة بـ الانضباط الذاتي."
      ],
      "icon": "🤝",
      "applications_en": [
        "Practical: تطبيق 1: نفّذ مهمة عملية متعلقة بـ الانضباط الذاتي.",
        "Practical: تطبيق 2: نفّذ مهمة عملية متعلقة بـ الانضباط الذاتي.",
        "Practical: تطبيق 3: نفّذ مهمة عملية متعلقة بـ الانضباط الذاتي.",
        "Practical: تطبيق 4: نفّذ مهمة عملية متعلقة بـ الانضباط الذاتي.",
        "Practical: تطبيق 5: نفّذ مهمة عملية متعلقة بـ الانضباط الذاتي.",
        "Practical: تطبيق 6: نفّذ مهمة عملية متعلقة بـ الانضباط الذاتي.",
        "Practical: تطبيق 7: نفّذ مهمة عملية متعلقة بـ الانضباط الذاتي.",
        "Practical: تطبيق 8: نفّذ مهمة عملية متعلقة بـ الانضباط الذاتي.",
        "Practical: تطبيق 9: نفّذ مهمة عملية متعلقة بـ الانضباط الذاتي.",
        "Practical: تطبيق 10: نفّذ مهمة عملية متعلقة بـ الانضباط الذاتي."
      ],
      "description_en": "Practice-based skill. Improve through projects and feedback."
    },
    {
      "id": "5-07",
      "type": "soft",
      "name_ar": "الرعاية الذاتية",
      "name_en": "Skill",
      "description_ar": "الرعاية الذاتية مهارة قابلة للتعلم عبر الممارسة. ابدأ بالأساسيات ثم طبّق مشاريع صغيرة.",
      "applications_ar": [
        "تطبيق 1: نفّذ مهمة عملية متعلقة بـ الرعاية الذاتية.",
        "تطبيق 2: نفّذ مهمة عملية متعلقة بـ الرعاية الذاتية.",
        "تطبيق 3: نفّذ مهمة عملية متعلقة بـ الرعاية الذاتية.",
        "تطبيق 4: نفّذ مهمة عملية متعلقة بـ الرعاية الذاتية.",
        "تطبيق 5: نفّذ مهمة عملية متعلقة بـ الرعاية الذاتية.",
        "تطبيق 6: نفّذ مهمة عملية متعلقة بـ الرعاية الذاتية.",
        "تطبيق 7: نفّذ مهمة عملية متعلقة بـ الرعاية الذاتية.",
        "تطبيق 8: نفّذ مهمة عملية متعلقة بـ الرعاية الذاتية.",
        "تطبيق 9: نفّذ مهمة عملية متعلقة بـ الرعاية الذاتية.",
        "تطبيق 10: نفّذ مهمة عملية متعلقة بـ الرعاية الذاتية."
      ],
      "icon": "🤝",
      "applications_en": [
        "Practical: تطبيق 1: نفّذ مهمة عملية متعلقة بـ الرعاية الذاتية.",
        "Practical: تطبيق 2: نفّذ مهمة عملية متعلقة بـ الرعاية الذاتية.",
        "Practical: تطبيق 3: نفّذ مهمة عملية متعلقة بـ الرعاية الذاتية.",
        "Practical: تطبيق 4: نفّذ مهمة عملية متعلقة بـ الرعاية الذاتية.",
        "Practical: تطبيق 5: نفّذ مهمة عملية متعلقة بـ الرعاية الذاتية.",
        "Practical: تطبيق 6: نفّذ مهمة عملية متعلقة بـ الرعاية الذاتية.",
        "Practical: تطبيق 7: نفّذ مهمة عملية متعلقة بـ الرعاية الذاتية.",
        "Practical: تطبيق 8: نفّذ مهمة عملية متعلقة بـ الرعاية الذاتية.",
        "Practical: تطبيق 9: نفّذ مهمة عملية متعلقة بـ الرعاية الذاتية.",
        "Practical: تطبيق 10: نفّذ مهمة عملية متعلقة بـ الرعاية الذاتية."
      ],
      "description_en": "Practice-based skill. Improve through projects and feedback."
    },
    {
      "id": "5-08",
      "type": "soft",
      "name_ar": "التخطيط المالي الشخصي",
      "name_en": "Skill",
      "description_ar": "التخطيط المالي الشخصي مهارة قابلة للتعلم عبر الممارسة. ابدأ بالأساسيات ثم طبّق مشاريع صغيرة.",
      "applications_ar": [
        "تطبيق 1: نفّذ مهمة عملية متعلقة بـ التخطيط المالي الشخصي.",
        "تطبيق 2: نفّذ مهمة عملية متعلقة بـ التخطيط المالي الشخصي.",
        "تطبيق 3: نفّذ مهمة عملية متعلقة بـ التخطيط المالي الشخصي.",
        "تطبيق 4: نفّذ مهمة عملية متعلقة بـ التخطيط المالي الشخصي.",
        "تطبيق 5: نفّذ مهمة عملية متعلقة بـ التخطيط المالي الشخصي.",
        "تطبيق 6: نفّذ مهمة عملية متعلقة بـ التخطيط المالي الشخصي.",
        "تطبيق 7: نفّذ مهمة عملية متعلقة بـ التخطيط المالي الشخصي.",
        "تطبيق 8: نفّذ مهمة عملية متعلقة بـ التخطيط المالي الشخصي.",
        "تطبيق 9: نفّذ مهمة عملية متعلقة بـ التخطيط المالي الشخصي.",
        "تطبيق 10: نفّذ مهمة عملية متعلقة بـ التخطيط المالي الشخصي."
      ],
      "icon": "🤝",
      "applications_en": [
        "Practical: تطبيق 1: نفّذ مهمة عملية متعلقة بـ التخطيط المالي الشخصي.",
        "Practical: تطبيق 2: نفّذ مهمة عملية متعلقة بـ التخطيط المالي الشخصي.",
        "Practical: تطبيق 3: نفّذ مهمة عملية متعلقة بـ التخطيط المالي الشخصي.",
        "Practical: تطبيق 4: نفّذ مهمة عملية متعلقة بـ التخطيط المالي الشخصي.",
        "Practical: تطبيق 5: نفّذ مهمة عملية متعلقة بـ التخطيط المالي الشخصي.",
        "Practical: تطبيق 6: نفّذ مهمة عملية متعلقة بـ التخطيط المالي الشخصي.",
        "Practical: تطبيق 7: نفّذ مهمة عملية متعلقة بـ التخطيط المالي الشخصي.",
        "Practical: تطبيق 8: نفّذ مهمة عملية متعلقة بـ التخطيط المالي الشخصي.",
        "Practical: تطبيق 9: نفّذ مهمة عملية متعلقة بـ التخطيط المالي الشخصي.",
        "Practical: تطبيق 10: نفّذ مهمة عملية متعلقة بـ التخطيط المالي الشخصي."
      ],
      "description_en": "Practice-based skill. Improve through projects and feedback."
    },
    {
      "id": "5-09",
      "type": "soft",
      "name_ar": "التوازن عمل_حياة",
      "name_en": "Skill _",
      "description_ar": "التوازن عمل_حياة مهارة قابلة للتعلم عبر الممارسة. ابدأ بالأساسيات ثم طبّق مشاريع صغيرة.",
      "applications_ar": [
        "تطبيق 1: نفّذ مهمة عملية متعلقة بـ التوازن عمل_حياة.",
        "تطبيق 2: نفّذ مهمة عملية متعلقة بـ التوازن عمل_حياة.",
        "تطبيق 3: نفّذ مهمة عملية متعلقة بـ التوازن عمل_حياة.",
        "تطبيق 4: نفّذ مهمة عملية متعلقة بـ التوازن عمل_حياة.",
        "تطبيق 5: نفّذ مهمة عملية متعلقة بـ التوازن عمل_حياة.",
        "تطبيق 6: نفّذ مهمة عملية متعلقة بـ التوازن عمل_حياة.",
        "تطبيق 7: نفّذ مهمة عملية متعلقة بـ التوازن عمل_حياة.",
        "تطبيق 8: نفّذ مهمة عملية متعلقة بـ التوازن عمل_حياة.",
        "تطبيق 9: نفّذ مهمة عملية متعلقة بـ التوازن عمل_حياة.",
        "تطبيق 10: نفّذ مهمة عملية متعلقة بـ التوازن عمل_حياة."
      ],
      "icon": "🤝",
      "applications_en": [
        "Practical: تطبيق 1: نفّذ مهمة عملية متعلقة بـ التوازن عمل_حياة.",
        "Practical: تطبيق 2: نفّذ مهمة عملية متعلقة بـ التوازن عمل_حياة.",
        "Practical: تطبيق 3: نفّذ مهمة عملية متعلقة بـ التوازن عمل_حياة.",
        "Practical: تطبيق 4: نفّذ مهمة عملية متعلقة بـ التوازن عمل_حياة.",
        "Practical: تطبيق 5: نفّذ مهمة عملية متعلقة بـ التوازن عمل_حياة.",
        "Practical: تطبيق 6: نفّذ مهمة عملية متعلقة بـ التوازن عمل_حياة.",
        "Practical: تطبيق 7: نفّذ مهمة عملية متعلقة بـ التوازن عمل_حياة.",
        "Practical: تطبيق 8: نفّذ مهمة عملية متعلقة بـ التوازن عمل_حياة.",
        "Practical: تطبيق 9: نفّذ مهمة عملية متعلقة بـ التوازن عمل_حياة.",
        "Practical: تطبيق 10: نفّذ مهمة عملية متعلقة بـ التوازن عمل_حياة."
      ],
      "description_en": "Practice-based skill. Improve through projects and feedback."
    },
    {
      "id": "5-10",
      "type": "soft",
      "name_ar": "التعامل مع الفشل",
      "name_en": "Skill",
      "description_ar": "التعامل مع الفشل مهارة قابلة للتعلم عبر الممارسة. ابدأ بالأساسيات ثم طبّق مشاريع صغيرة.",
      "applications_ar": [
        "تطبيق 1: نفّذ مهمة عملية متعلقة بـ التعامل مع الفشل.",
        "تطبيق 2: نفّذ مهمة عملية متعلقة بـ التعامل مع الفشل.",
        "تطبيق 3: نفّذ مهمة عملية متعلقة بـ التعامل مع الفشل.",
        "تطبيق 4: نفّذ مهمة عملية متعلقة بـ التعامل مع الفشل.",
        "تطبيق 5: نفّذ مهمة عملية متعلقة بـ التعامل مع الفشل.",
        "تطبيق 6: نفّذ مهمة عملية متعلقة بـ التعامل مع الفشل.",
        "تطبيق 7: نفّذ مهمة عملية متعلقة بـ التعامل مع الفشل.",
        "تطبيق 8: نفّذ مهمة عملية متعلقة بـ التعامل مع الفشل.",
        "تطبيق 9: نفّذ مهمة عملية متعلقة بـ التعامل مع الفشل.",
        "تطبيق 10: نفّذ مهمة عملية متعلقة بـ التعامل مع الفشل."
      ],
      "icon": "🤝",
      "applications_en": [
        "Practical: تطبيق 1: نفّذ مهمة عملية متعلقة بـ التعامل مع الفشل.",
        "Practical: تطبيق 2: نفّذ مهمة عملية متعلقة بـ التعامل مع الفشل.",
        "Practical: تطبيق 3: نفّذ مهمة عملية متعلقة بـ التعامل مع الفشل.",
        "Practical: تطبيق 4: نفّذ مهمة عملية متعلقة بـ التعامل مع الفشل.",
        "Practical: تطبيق 5: نفّذ مهمة عملية متعلقة بـ التعامل مع الفشل.",
        "Practical: تطبيق 6: نفّذ مهمة عملية متعلقة بـ التعامل مع الفشل.",
        "Practical: تطبيق 7: نفّذ مهمة عملية متعلقة بـ التعامل مع الفشل.",
        "Practical: تطبيق 8: نفّذ مهمة عملية متعلقة بـ التعامل مع الفشل.",
        "Practical: تطبيق 9: نفّذ مهمة عملية متعلقة بـ التعامل مع الفشل.",
        "Practical: تطبيق 10: نفّذ مهمة عملية متعلقة بـ التعامل مع الفشل."
      ],
      "description_en": "Practice-based skill. Improve through projects and feedback."
    },
    {
      "id": "5-11",
      "type": "soft",
      "name_ar": "التنظيم الشخصي",
      "name_en": "Skill",
      "description_ar": "التنظيم الشخصي مهارة قابلة للتعلم عبر الممارسة. ابدأ بالأساسيات ثم طبّق مشاريع صغيرة.",
      "applications_ar": [
        "تطبيق 1: نفّذ مهمة عملية متعلقة بـ التنظيم الشخصي.",
        "تطبيق 2: نفّذ مهمة عملية متعلقة بـ التنظيم الشخصي.",
        "تطبيق 3: نفّذ مهمة عملية متعلقة بـ التنظيم الشخصي.",
        "تطبيق 4: نفّذ مهمة عملية متعلقة بـ التنظيم الشخصي.",
        "تطبيق 5: نفّذ مهمة عملية متعلقة بـ التنظيم الشخصي.",
        "تطبيق 6: نفّذ مهمة عملية متعلقة بـ التنظيم الشخصي.",
        "تطبيق 7: نفّذ مهمة عملية متعلقة بـ التنظيم الشخصي.",
        "تطبيق 8: نفّذ مهمة عملية متعلقة بـ التنظيم الشخصي.",
        "تطبيق 9: نفّذ مهمة عملية متعلقة بـ التنظيم الشخصي.",
        "تطبيق 10: نفّذ مهمة عملية متعلقة بـ التنظيم الشخصي."
      ],
      "icon": "🤝",
      "applications_en": [
        "Practical: تطبيق 1: نفّذ مهمة عملية متعلقة بـ التنظيم الشخصي.",
        "Practical: تطبيق 2: نفّذ مهمة عملية متعلقة بـ التنظيم الشخصي.",
        "Practical: تطبيق 3: نفّذ مهمة عملية متعلقة بـ التنظيم الشخصي.",
        "Practical: تطبيق 4: نفّذ مهمة عملية متعلقة بـ التنظيم الشخصي.",
        "Practical: تطبيق 5: نفّذ مهمة عملية متعلقة بـ التنظيم الشخصي.",
        "Practical: تطبيق 6: نفّذ مهمة عملية متعلقة بـ التنظيم الشخصي.",
        "Practical: تطبيق 7: نفّذ مهمة عملية متعلقة بـ التنظيم الشخصي.",
        "Practical: تطبيق 8: نفّذ مهمة عملية متعلقة بـ التنظيم الشخصي.",
        "Practical: تطبيق 9: نفّذ مهمة عملية متعلقة بـ التنظيم الشخصي.",
        "Practical: تطبيق 10: نفّذ مهمة عملية متعلقة بـ التنظيم الشخصي."
      ],
      "description_en": "Practice-based skill. Improve through projects and feedback."
    },
    {
      "id": "5-12",
      "type": "soft",
      "name_ar": "التدوين اليومي",
      "name_en": "Skill",
      "description_ar": "التدوين اليومي مهارة قابلة للتعلم عبر الممارسة. ابدأ بالأساسيات ثم طبّق مشاريع صغيرة.",
      "applications_ar": [
        "تطبيق 1: نفّذ مهمة عملية متعلقة بـ التدوين اليومي.",
        "تطبيق 2: نفّذ مهمة عملية متعلقة بـ التدوين اليومي.",
        "تطبيق 3: نفّذ مهمة عملية متعلقة بـ التدوين اليومي.",
        "تطبيق 4: نفّذ مهمة عملية متعلقة بـ التدوين اليومي.",
        "تطبيق 5: نفّذ مهمة عملية متعلقة بـ التدوين اليومي.",
        "تطبيق 6: نفّذ مهمة عملية متعلقة بـ التدوين اليومي.",
        "تطبيق 7: نفّذ مهمة عملية متعلقة بـ التدوين اليومي.",
        "تطبيق 8: نفّذ مهمة عملية متعلقة بـ التدوين اليومي.",
        "تطبيق 9: نفّذ مهمة عملية متعلقة بـ التدوين اليومي.",
        "تطبيق 10: نفّذ مهمة عملية متعلقة بـ التدوين اليومي."
      ],
      "icon": "🤝",
      "applications_en": [
        "Practical: تطبيق 1: نفّذ مهمة عملية متعلقة بـ التدوين اليومي.",
        "Practical: تطبيق 2: نفّذ مهمة عملية متعلقة بـ التدوين اليومي.",
        "Practical: تطبيق 3: نفّذ مهمة عملية متعلقة بـ التدوين اليومي.",
        "Practical: تطبيق 4: نفّذ مهمة عملية متعلقة بـ التدوين اليومي.",
        "Practical: تطبيق 5: نفّذ مهمة عملية متعلقة بـ التدوين اليومي.",
        "Practical: تطبيق 6: نفّذ مهمة عملية متعلقة بـ التدوين اليومي.",
        "Practical: تطبيق 7: نفّذ مهمة عملية متعلقة بـ التدوين اليومي.",
        "Practical: تطبيق 8: نفّذ مهمة عملية متعلقة بـ التدوين اليومي.",
        "Practical: تطبيق 9: نفّذ مهمة عملية متعلقة بـ التدوين اليومي.",
        "Practical: تطبيق 10: نفّذ مهمة عملية متعلقة بـ التدوين اليومي."
      ],
      "description_en": "Practice-based skill. Improve through projects and feedback."
    },
    {
      "id": "5-13",
      "type": "soft",
      "name_ar": "إدارة الضغوط",
      "name_en": "Skill",
      "description_ar": "إدارة الضغوط مهارة قابلة للتعلم عبر الممارسة. ابدأ بالأساسيات ثم طبّق مشاريع صغيرة.",
      "applications_ar": [
        "تطبيق 1: نفّذ مهمة عملية متعلقة بـ إدارة الضغوط.",
        "تطبيق 2: نفّذ مهمة عملية متعلقة بـ إدارة الضغوط.",
        "تطبيق 3: نفّذ مهمة عملية متعلقة بـ إدارة الضغوط.",
        "تطبيق 4: نفّذ مهمة عملية متعلقة بـ إدارة الضغوط.",
        "تطبيق 5: نفّذ مهمة عملية متعلقة بـ إدارة الضغوط.",
        "تطبيق 6: نفّذ مهمة عملية متعلقة بـ إدارة الضغوط.",
        "تطبيق 7: نفّذ مهمة عملية متعلقة بـ إدارة الضغوط.",
        "تطبيق 8: نفّذ مهمة عملية متعلقة بـ إدارة الضغوط.",
        "تطبيق 9: نفّذ مهمة عملية متعلقة بـ إدارة الضغوط.",
        "تطبيق 10: نفّذ مهمة عملية متعلقة بـ إدارة الضغوط."
      ],
      "icon": "🤝",
      "applications_en": [
        "Practical: تطبيق 1: نفّذ مهمة عملية متعلقة بـ إدارة الضغوط.",
        "Practical: تطبيق 2: نفّذ مهمة عملية متعلقة بـ إدارة الضغوط.",
        "Practical: تطبيق 3: نفّذ مهمة عملية متعلقة بـ إدارة الضغوط.",
        "Practical: تطبيق 4: نفّذ مهمة عملية متعلقة بـ إدارة الضغوط.",
        "Practical: تطبيق 5: نفّذ مهمة عملية متعلقة بـ إدارة الضغوط.",
        "Practical: تطبيق 6: نفّذ مهمة عملية متعلقة بـ إدارة الضغوط.",
        "Practical: تطبيق 7: نفّذ مهمة عملية متعلقة بـ إدارة الضغوط.",
        "Practical: تطبيق 8: نفّذ مهمة عملية متعلقة بـ إدارة الضغوط.",
        "Practical: تطبيق 9: نفّذ مهمة عملية متعلقة بـ إدارة الضغوط.",
        "Practical: تطبيق 10: نفّذ مهمة عملية متعلقة بـ إدارة الضغوط."
      ],
      "description_en": "Practice-based skill. Improve through projects and feedback."
    },
    {
      "id": "5-14",
      "type": "soft",
      "name_ar": "التفكير الإيجابي",
      "name_en": "Skill",
      "description_ar": "التفكير الإيجابي مهارة قابلة للتعلم عبر الممارسة. ابدأ بالأساسيات ثم طبّق مشاريع صغيرة.",
      "applications_ar": [
        "تطبيق 1: نفّذ مهمة عملية متعلقة بـ التفكير الإيجابي.",
        "تطبيق 2: نفّذ مهمة عملية متعلقة بـ التفكير الإيجابي.",
        "تطبيق 3: نفّذ مهمة عملية متعلقة بـ التفكير الإيجابي.",
        "تطبيق 4: نفّذ مهمة عملية متعلقة بـ التفكير الإيجابي.",
        "تطبيق 5: نفّذ مهمة عملية متعلقة بـ التفكير الإيجابي.",
        "تطبيق 6: نفّذ مهمة عملية متعلقة بـ التفكير الإيجابي.",
        "تطبيق 7: نفّذ مهمة عملية متعلقة بـ التفكير الإيجابي.",
        "تطبيق 8: نفّذ مهمة عملية متعلقة بـ التفكير الإيجابي.",
        "تطبيق 9: نفّذ مهمة عملية متعلقة بـ التفكير الإيجابي.",
        "تطبيق 10: نفّذ مهمة عملية متعلقة بـ التفكير الإيجابي."
      ],
      "icon": "🤝",
      "applications_en": [
        "Practical: تطبيق 1: نفّذ مهمة عملية متعلقة بـ التفكير الإيجابي.",
        "Practical: تطبيق 2: نفّذ مهمة عملية متعلقة بـ التفكير الإيجابي.",
        "Practical: تطبيق 3: نفّذ مهمة عملية متعلقة بـ التفكير الإيجابي.",
        "Practical: تطبيق 4: نفّذ مهمة عملية متعلقة بـ التفكير الإيجابي.",
        "Practical: تطبيق 5: نفّذ مهمة عملية متعلقة بـ التفكير الإيجابي.",
        "Practical: تطبيق 6: نفّذ مهمة عملية متعلقة بـ التفكير الإيجابي.",
        "Practical: تطبيق 7: نفّذ مهمة عملية متعلقة بـ التفكير الإيجابي.",
        "Practical: تطبيق 8: نفّذ مهمة عملية متعلقة بـ التفكير الإيجابي.",
        "Practical: تطبيق 9: نفّذ مهمة عملية متعلقة بـ التفكير الإيجابي.",
        "Practical: تطبيق 10: نفّذ مهمة عملية متعلقة بـ التفكير الإيجابي."
      ],
      "description_en": "Practice-based skill. Improve through projects and feedback."
    },
    {
      "id": "5-15",
      "type": "soft",
      "name_ar": "المبادرة",
      "name_en": "Skill",
      "description_ar": "المبادرة مهارة قابلة للتعلم عبر الممارسة. ابدأ بالأساسيات ثم طبّق مشاريع صغيرة.",
      "applications_ar": [
        "تطبيق 1: نفّذ مهمة عملية متعلقة بـ المبادرة.",
        "تطبيق 2: نفّذ مهمة عملية متعلقة بـ المبادرة.",
        "تطبيق 3: نفّذ مهمة عملية متعلقة بـ المبادرة.",
        "تطبيق 4: نفّذ مهمة عملية متعلقة بـ المبادرة.",
        "تطبيق 5: نفّذ مهمة عملية متعلقة بـ المبادرة.",
        "تطبيق 6: نفّذ مهمة عملية متعلقة بـ المبادرة.",
        "تطبيق 7: نفّذ مهمة عملية متعلقة بـ المبادرة.",
        "تطبيق 8: نفّذ مهمة عملية متعلقة بـ المبادرة.",
        "تطبيق 9: نفّذ مهمة عملية متعلقة بـ المبادرة.",
        "تطبيق 10: نفّذ مهمة عملية متعلقة بـ المبادرة."
      ],
      "icon": "🤝",
      "applications_en": [
        "Practical: تطبيق 1: نفّذ مهمة عملية متعلقة بـ المبادرة.",
        "Practical: تطبيق 2: نفّذ مهمة عملية متعلقة بـ المبادرة.",
        "Practical: تطبيق 3: نفّذ مهمة عملية متعلقة بـ المبادرة.",
        "Practical: تطبيق 4: نفّذ مهمة عملية متعلقة بـ المبادرة.",
        "Practical: تطبيق 5: نفّذ مهمة عملية متعلقة بـ المبادرة.",
        "Practical: تطبيق 6: نفّذ مهمة عملية متعلقة بـ المبادرة.",
        "Practical: تطبيق 7: نفّذ مهمة عملية متعلقة بـ المبادرة.",
        "Practical: تطبيق 8: نفّذ مهمة عملية متعلقة بـ المبادرة.",
        "Practical: تطبيق 9: نفّذ مهمة عملية متعلقة بـ المبادرة.",
        "Practical: تطبيق 10: نفّذ مهمة عملية متعلقة بـ المبادرة."
      ],
      "description_en": "Practice-based skill. Improve through projects and feedback."
    },
    {
      "id": "5-16",
      "type": "soft",
      "name_ar": "المسؤولية",
      "name_en": "Skill",
      "description_ar": "المسؤولية مهارة قابلة للتعلم عبر الممارسة. ابدأ بالأساسيات ثم طبّق مشاريع صغيرة.",
      "applications_ar": [
        "تطبيق 1: نفّذ مهمة عملية متعلقة بـ المسؤولية.",
        "تطبيق 2: نفّذ مهمة عملية متعلقة بـ المسؤولية.",
        "تطبيق 3: نفّذ مهمة عملية متعلقة بـ المسؤولية.",
        "تطبيق 4: نفّذ مهمة عملية متعلقة بـ المسؤولية.",
        "تطبيق 5: نفّذ مهمة عملية متعلقة بـ المسؤولية.",
        "تطبيق 6: نفّذ مهمة عملية متعلقة بـ المسؤولية.",
        "تطبيق 7: نفّذ مهمة عملية متعلقة بـ المسؤولية.",
        "تطبيق 8: نفّذ مهمة عملية متعلقة بـ المسؤولية.",
        "تطبيق 9: نفّذ مهمة عملية متعلقة بـ المسؤولية.",
        "تطبيق 10: نفّذ مهمة عملية متعلقة بـ المسؤولية."
      ],
      "icon": "🤝",
      "applications_en": [
        "Practical: تطبيق 1: نفّذ مهمة عملية متعلقة بـ المسؤولية.",
        "Practical: تطبيق 2: نفّذ مهمة عملية متعلقة بـ المسؤولية.",
        "Practical: تطبيق 3: نفّذ مهمة عملية متعلقة بـ المسؤولية.",
        "Practical: تطبيق 4: نفّذ مهمة عملية متعلقة بـ المسؤولية.",
        "Practical: تطبيق 5: نفّذ مهمة عملية متعلقة بـ المسؤولية.",
        "Practical: تطبيق 6: نفّذ مهمة عملية متعلقة بـ المسؤولية.",
        "Practical: تطبيق 7: نفّذ مهمة عملية متعلقة بـ المسؤولية.",
        "Practical: تطبيق 8: نفّذ مهمة عملية متعلقة بـ المسؤولية.",
        "Practical: تطبيق 9: نفّذ مهمة عملية متعلقة بـ المسؤولية.",
        "Practical: تطبيق 10: نفّذ مهمة عملية متعلقة بـ المسؤولية."
      ],
      "description_en": "Practice-based skill. Improve through projects and feedback."
    },
    {
      "id": "5-17",
      "type": "soft",
      "name_ar": "التقييم الذاتي",
      "name_en": "Skill",
      "description_ar": "التقييم الذاتي مهارة قابلة للتعلم عبر الممارسة. ابدأ بالأساسيات ثم طبّق مشاريع صغيرة.",
      "applications_ar": [
        "تطبيق 1: نفّذ مهمة عملية متعلقة بـ التقييم الذاتي.",
        "تطبيق 2: نفّذ مهمة عملية متعلقة بـ التقييم الذاتي.",
        "تطبيق 3: نفّذ مهمة عملية متعلقة بـ التقييم الذاتي.",
        "تطبيق 4: نفّذ مهمة عملية متعلقة بـ التقييم الذاتي.",
        "تطبيق 5: نفّذ مهمة عملية متعلقة بـ التقييم الذاتي.",
        "تطبيق 6: نفّذ مهمة عملية متعلقة بـ التقييم الذاتي.",
        "تطبيق 7: نفّذ مهمة عملية متعلقة بـ التقييم الذاتي.",
        "تطبيق 8: نفّذ مهمة عملية متعلقة بـ التقييم الذاتي.",
        "تطبيق 9: نفّذ مهمة عملية متعلقة بـ التقييم الذاتي.",
        "تطبيق 10: نفّذ مهمة عملية متعلقة بـ التقييم الذاتي."
      ],
      "icon": "🤝",
      "applications_en": [
        "Practical: تطبيق 1: نفّذ مهمة عملية متعلقة بـ التقييم الذاتي.",
        "Practical: تطبيق 2: نفّذ مهمة عملية متعلقة بـ التقييم الذاتي.",
        "Practical: تطبيق 3: نفّذ مهمة عملية متعلقة بـ التقييم الذاتي.",
        "Practical: تطبيق 4: نفّذ مهمة عملية متعلقة بـ التقييم الذاتي.",
        "Practical: تطبيق 5: نفّذ مهمة عملية متعلقة بـ التقييم الذاتي.",
        "Practical: تطبيق 6: نفّذ مهمة عملية متعلقة بـ التقييم الذاتي.",
        "Practical: تطبيق 7: نفّذ مهمة عملية متعلقة بـ التقييم الذاتي.",
        "Practical: تطبيق 8: نفّذ مهمة عملية متعلقة بـ التقييم الذاتي.",
        "Practical: تطبيق 9: نفّذ مهمة عملية متعلقة بـ التقييم الذاتي.",
        "Practical: تطبيق 10: نفّذ مهمة عملية متعلقة بـ التقييم الذاتي."
      ],
      "description_en": "Practice-based skill. Improve through projects and feedback."
    },
    {
      "id": "5-18",
      "type": "soft",
      "name_ar": "التخطيط للأهداف",
      "name_en": "Skill",
      "description_ar": "التخطيط للأهداف مهارة قابلة للتعلم عبر الممارسة. ابدأ بالأساسيات ثم طبّق مشاريع صغيرة.",
      "applications_ar": [
        "تطبيق 1: نفّذ مهمة عملية متعلقة بـ التخطيط للأهداف.",
        "تطبيق 2: نفّذ مهمة عملية متعلقة بـ التخطيط للأهداف.",
        "تطبيق 3: نفّذ مهمة عملية متعلقة بـ التخطيط للأهداف.",
        "تطبيق 4: نفّذ مهمة عملية متعلقة بـ التخطيط للأهداف.",
        "تطبيق 5: نفّذ مهمة عملية متعلقة بـ التخطيط للأهداف.",
        "تطبيق 6: نفّذ مهمة عملية متعلقة بـ التخطيط للأهداف.",
        "تطبيق 7: نفّذ مهمة عملية متعلقة بـ التخطيط للأهداف.",
        "تطبيق 8: نفّذ مهمة عملية متعلقة بـ التخطيط للأهداف.",
        "تطبيق 9: نفّذ مهمة عملية متعلقة بـ التخطيط للأهداف.",
        "تطبيق 10: نفّذ مهمة عملية متعلقة بـ التخطيط للأهداف."
      ],
      "icon": "🤝",
      "applications_en": [
        "Practical: تطبيق 1: نفّذ مهمة عملية متعلقة بـ التخطيط للأهداف.",
        "Practical: تطبيق 2: نفّذ مهمة عملية متعلقة بـ التخطيط للأهداف.",
        "Practical: تطبيق 3: نفّذ مهمة عملية متعلقة بـ التخطيط للأهداف.",
        "Practical: تطبيق 4: نفّذ مهمة عملية متعلقة بـ التخطيط للأهداف.",
        "Practical: تطبيق 5: نفّذ مهمة عملية متعلقة بـ التخطيط للأهداف.",
        "Practical: تطبيق 6: نفّذ مهمة عملية متعلقة بـ التخطيط للأهداف.",
        "Practical: تطبيق 7: نفّذ مهمة عملية متعلقة بـ التخطيط للأهداف.",
        "Practical: تطبيق 8: نفّذ مهمة عملية متعلقة بـ التخطيط للأهداف.",
        "Practical: تطبيق 9: نفّذ مهمة عملية متعلقة بـ التخطيط للأهداف.",
        "Practical: تطبيق 10: نفّذ مهمة عملية متعلقة بـ التخطيط للأهداف."
      ],
      "description_en": "Practice-based skill. Improve through projects and feedback."
    },
    {
      "id": "5-19",
      "type": "soft",
      "name_ar": "التعلم المستمر",
      "name_en": "Skill",
      "description_ar": "التعلم المستمر مهارة قابلة للتعلم عبر الممارسة. ابدأ بالأساسيات ثم طبّق مشاريع صغيرة.",
      "applications_ar": [
        "تطبيق 1: نفّذ مهمة عملية متعلقة بـ التعلم المستمر.",
        "تطبيق 2: نفّذ مهمة عملية متعلقة بـ التعلم المستمر.",
        "تطبيق 3: نفّذ مهمة عملية متعلقة بـ التعلم المستمر.",
        "تطبيق 4: نفّذ مهمة عملية متعلقة بـ التعلم المستمر.",
        "تطبيق 5: نفّذ مهمة عملية متعلقة بـ التعلم المستمر.",
        "تطبيق 6: نفّذ مهمة عملية متعلقة بـ التعلم المستمر.",
        "تطبيق 7: نفّذ مهمة عملية متعلقة بـ التعلم المستمر.",
        "تطبيق 8: نفّذ مهمة عملية متعلقة بـ التعلم المستمر.",
        "تطبيق 9: نفّذ مهمة عملية متعلقة بـ التعلم المستمر.",
        "تطبيق 10: نفّذ مهمة عملية متعلقة بـ التعلم المستمر."
      ],
      "icon": "🤝",
      "applications_en": [
        "Practical: تطبيق 1: نفّذ مهمة عملية متعلقة بـ التعلم المستمر.",
        "Practical: تطبيق 2: نفّذ مهمة عملية متعلقة بـ التعلم المستمر.",
        "Practical: تطبيق 3: نفّذ مهمة عملية متعلقة بـ التعلم المستمر.",
        "Practical: تطبيق 4: نفّذ مهمة عملية متعلقة بـ التعلم المستمر.",
        "Practical: تطبيق 5: نفّذ مهمة عملية متعلقة بـ التعلم المستمر.",
        "Practical: تطبيق 6: نفّذ مهمة عملية متعلقة بـ التعلم المستمر.",
        "Practical: تطبيق 7: نفّذ مهمة عملية متعلقة بـ التعلم المستمر.",
        "Practical: تطبيق 8: نفّذ مهمة عملية متعلقة بـ التعلم المستمر.",
        "Practical: تطبيق 9: نفّذ مهمة عملية متعلقة بـ التعلم المستمر.",
        "Practical: تطبيق 10: نفّذ مهمة عملية متعلقة بـ التعلم المستمر."
      ],
      "description_en": "Practice-based skill. Improve through projects and feedback."
    },
    {
      "id": "5-20",
      "type": "soft",
      "name_ar": "المهارات الحياتية",
      "name_en": "Skill",
      "description_ar": "المهارات الحياتية مهارة قابلة للتعلم عبر الممارسة. ابدأ بالأساسيات ثم طبّق مشاريع صغيرة.",
      "applications_ar": [
        "تطبيق 1: نفّذ مهمة عملية متعلقة بـ المهارات الحياتية.",
        "تطبيق 2: نفّذ مهمة عملية متعلقة بـ المهارات الحياتية.",
        "تطبيق 3: نفّذ مهمة عملية متعلقة بـ المهارات الحياتية.",
        "تطبيق 4: نفّذ مهمة عملية متعلقة بـ المهارات الحياتية.",
        "تطبيق 5: نفّذ مهمة عملية متعلقة بـ المهارات الحياتية.",
        "تطبيق 6: نفّذ مهمة عملية متعلقة بـ المهارات الحياتية.",
        "تطبيق 7: نفّذ مهمة عملية متعلقة بـ المهارات الحياتية.",
        "تطبيق 8: نفّذ مهمة عملية متعلقة بـ المهارات الحياتية.",
        "تطبيق 9: نفّذ مهمة عملية متعلقة بـ المهارات الحياتية.",
        "تطبيق 10: نفّذ مهمة عملية متعلقة بـ المهارات الحياتية."
      ],
      "icon": "🤝",
      "applications_en": [
        "Practical: تطبيق 1: نفّذ مهمة عملية متعلقة بـ المهارات الحياتية.",
        "Practical: تطبيق 2: نفّذ مهمة عملية متعلقة بـ المهارات الحياتية.",
        "Practical: تطبيق 3: نفّذ مهمة عملية متعلقة بـ المهارات الحياتية.",
        "Practical: تطبيق 4: نفّذ مهمة عملية متعلقة بـ المهارات الحياتية.",
        "Practical: تطبيق 5: نفّذ مهمة عملية متعلقة بـ المهارات الحياتية.",
        "Practical: تطبيق 6: نفّذ مهمة عملية متعلقة بـ المهارات الحياتية.",
        "Practical: تطبيق 7: نفّذ مهمة عملية متعلقة بـ المهارات الحياتية.",
        "Practical: تطبيق 8: نفّذ مهمة عملية متعلقة بـ المهارات الحياتية.",
        "Practical: تطبيق 9: نفّذ مهمة عملية متعلقة بـ المهارات الحياتية.",
        "Practical: تطبيق 10: نفّذ مهمة عملية متعلقة بـ المهارات الحياتية."
      ],
      "description_en": "Practice-based skill. Improve through projects and feedback."
    }
  ]
}